2026-03-31 10:17:09,405 [WARNING] strategy.regime_multipliers: Bull multiplier 0.0000 is outside (0, 3.0]. Using 1.0 fallback.
2026-03-31 10:17:09,405 [WARNING] strategy.regime_multipliers: Bear multiplier 0.0000 is outside (0, 3.0]. Using 1.0 fallback.
2026-03-31 10:17:09,405 [WARNING] strategy.regime_multipliers: Sideways multiplier 0.3000 is outside recommended 0.5-2.0 range.
2026-03-31 10:17:09,405 [WARNING] strategy.regime_multipliers: Crisis multiplier 0.0000 is outside (0, 3.0]. Using 1.0 fallback.
2026-03-31 10:17:09,405 [INFO] backtesting.backtester: Regime multipliers loaded: {'Bull': 1.0, 'Bear': 1.0, 'Sideways': 0.3, 'Crisis': 1.0}
2026-03-31 10:17:09,405 [INFO] backtesting.backtester: Requesting OHLCV for NVDA: 2020-11-27 → 2024-01-31 (provider=yahoo, cache_dir=data/cache/ohlcv, ttl=0)
2026-03-31 10:17:09,473 [INFO] backtesting.backtester: Loaded OHLCV for NVDA: shape=(798, 9)
2026-03-31 10:17:09,473 [INFO] backtesting.backtester: Requesting OHLCV for TSLA: 2020-11-27 → 2024-01-31 (provider=yahoo, cache_dir=data/cache/ohlcv, ttl=0)
2026-03-31 10:17:09,475 [INFO] backtesting.backtester: Loaded OHLCV for TSLA: shape=(798, 9)
2026-03-31 10:17:09,475 [INFO] backtesting.backtester: Requesting OHLCV for MU: 2020-11-27 → 2024-01-31 (provider=yahoo, cache_dir=data/cache/ohlcv, ttl=0)
2026-03-31 10:17:09,476 [INFO] backtesting.backtester: Loaded OHLCV for MU: shape=(798, 9)
2026-03-31 10:17:09,476 [INFO] backtesting.backtester: Requesting OHLCV for MSFT: 2020-11-27 → 2024-01-31 (provider=yahoo, cache_dir=data/cache/ohlcv, ttl=0)
2026-03-31 10:17:09,478 [INFO] backtesting.backtester: Loaded OHLCV for MSFT: shape=(798, 9)
2026-03-31 10:17:09,478 [INFO] backtesting.backtester: Requesting OHLCV for SNDK: 2020-11-27 → 2024-01-31 (provider=yahoo, cache_dir=data/cache/ohlcv, ttl=0)
2026-03-31 10:17:09,926 [ERROR] yfinance: $SNDK: possibly delisted; no price data found  (1d 2020-11-27 00:00:00 -> 2024-01-31 00:00:00) (Yahoo error = "Data doesn't exist for startDate = 1606453200, endDate = 1706677200")
2026-03-31 10:17:09,928 [ERROR] yfinance: 
1 Failed download:
2026-03-31 10:17:09,928 [ERROR] yfinance: ['SNDK']: possibly delisted; no price data found  (1d 2020-11-27 00:00:00 -> 2024-01-31 00:00:00) (Yahoo error = "Data doesn't exist for startDate = 1606453200, endDate = 1706677200")
2026-03-31 10:17:10,086 [INFO] backtesting.backtester: Loaded OHLCV for SNDK: shape=(0, 5)
2026-03-31 10:17:10,087 [WARNING] backtesting.backtester: Skipping SNDK due to insufficient data (len=0 < 210 bars)
2026-03-31 10:17:10,087 [INFO] backtesting.backtester: Requesting OHLCV for AAPL: 2020-11-27 → 2024-01-31 (provider=yahoo, cache_dir=data/cache/ohlcv, ttl=0)
2026-03-31 10:17:10,093 [INFO] backtesting.backtester: Loaded OHLCV for AAPL: shape=(798, 9)
2026-03-31 10:17:10,093 [INFO] backtesting.backtester: Requesting OHLCV for AVGO: 2020-11-27 → 2024-01-31 (provider=yahoo, cache_dir=data/cache/ohlcv, ttl=0)
2026-03-31 10:17:10,097 [INFO] backtesting.backtester: Loaded OHLCV for AVGO: shape=(798, 9)
2026-03-31 10:17:10,097 [INFO] backtesting.backtester: Requesting OHLCV for AMZN: 2020-11-27 → 2024-01-31 (provider=yahoo, cache_dir=data/cache/ohlcv, ttl=0)
2026-03-31 10:17:10,100 [INFO] backtesting.backtester: Loaded OHLCV for AMZN: shape=(798, 9)
2026-03-31 10:17:10,101 [INFO] backtesting.backtester: Requesting OHLCV for GOOGL: 2020-11-27 → 2024-01-31 (provider=yahoo, cache_dir=data/cache/ohlcv, ttl=0)
2026-03-31 10:17:10,103 [INFO] backtesting.backtester: Loaded OHLCV for GOOGL: shape=(798, 9)
2026-03-31 10:17:10,104 [INFO] backtesting.backtester: Requesting OHLCV for META: 2020-11-27 → 2024-01-31 (provider=yahoo, cache_dir=data/cache/ohlcv, ttl=0)
2026-03-31 10:17:10,107 [INFO] backtesting.backtester: Loaded OHLCV for META: shape=(798, 9)
2026-03-31 10:17:10,107 [INFO] backtesting.backtester: Requesting OHLCV for PLTR: 2020-11-27 → 2024-01-31 (provider=yahoo, cache_dir=data/cache/ohlcv, ttl=0)
2026-03-31 10:17:10,109 [INFO] backtesting.backtester: Loaded OHLCV for PLTR: shape=(798, 9)
2026-03-31 10:17:10,109 [INFO] backtesting.backtester: Requesting OHLCV for AMD: 2020-11-27 → 2024-01-31 (provider=yahoo, cache_dir=data/cache/ohlcv, ttl=0)
2026-03-31 10:17:10,112 [INFO] backtesting.backtester: Loaded OHLCV for AMD: shape=(798, 9)
2026-03-31 10:17:10,112 [INFO] backtesting.backtester: Requesting OHLCV for GOOG: 2020-11-27 → 2024-01-31 (provider=yahoo, cache_dir=data/cache/ohlcv, ttl=0)
2026-03-31 10:17:10,114 [INFO] backtesting.backtester: Loaded OHLCV for GOOG: shape=(798, 9)
2026-03-31 10:17:10,114 [INFO] backtesting.backtester: Requesting OHLCV for LITE: 2020-11-27 → 2024-01-31 (provider=yahoo, cache_dir=data/cache/ohlcv, ttl=0)
2026-03-31 10:17:10,117 [INFO] backtesting.backtester: Loaded OHLCV for LITE: shape=(798, 9)
2026-03-31 10:17:10,117 [INFO] backtesting.backtester: Requesting OHLCV for NFLX: 2020-11-27 → 2024-01-31 (provider=yahoo, cache_dir=data/cache/ohlcv, ttl=0)
2026-03-31 10:17:10,119 [INFO] backtesting.backtester: Loaded OHLCV for NFLX: shape=(798, 9)
2026-03-31 10:17:10,119 [INFO] backtesting.backtester: Requesting OHLCV for ORCL: 2020-11-27 → 2024-01-31 (provider=yahoo, cache_dir=data/cache/ohlcv, ttl=0)
2026-03-31 10:17:10,121 [INFO] backtesting.backtester: Loaded OHLCV for ORCL: shape=(798, 9)
2026-03-31 10:17:10,122 [INFO] backtesting.backtester: Requesting OHLCV for INTC: 2020-11-27 → 2024-01-31 (provider=yahoo, cache_dir=data/cache/ohlcv, ttl=0)
2026-03-31 10:17:10,124 [INFO] backtesting.backtester: Loaded OHLCV for INTC: shape=(798, 9)
2026-03-31 10:17:10,124 [INFO] backtesting.backtester: Requesting OHLCV for XOM: 2020-11-27 → 2024-01-31 (provider=yahoo, cache_dir=data/cache/ohlcv, ttl=0)
2026-03-31 10:17:10,126 [INFO] backtesting.backtester: Loaded OHLCV for XOM: shape=(798, 9)
2026-03-31 10:17:10,126 [INFO] backtesting.backtester: Requesting OHLCV for JPM: 2020-11-27 → 2024-01-31 (provider=yahoo, cache_dir=data/cache/ohlcv, ttl=0)
2026-03-31 10:17:10,128 [INFO] backtesting.backtester: Loaded OHLCV for JPM: shape=(798, 9)
2026-03-31 10:17:10,128 [INFO] backtesting.backtester: Requesting OHLCV for VRT: 2020-11-27 → 2024-01-31 (provider=yahoo, cache_dir=data/cache/ohlcv, ttl=0)
2026-03-31 10:17:10,130 [INFO] backtesting.backtester: Loaded OHLCV for VRT: shape=(798, 9)
2026-03-31 10:17:10,130 [INFO] backtesting.backtester: Requesting OHLCV for CVX: 2020-11-27 → 2024-01-31 (provider=yahoo, cache_dir=data/cache/ohlcv, ttl=0)
2026-03-31 10:17:10,132 [INFO] backtesting.backtester: Loaded OHLCV for CVX: shape=(798, 9)
2026-03-31 10:17:10,132 [INFO] backtesting.backtester: Requesting OHLCV for CRM: 2020-11-27 → 2024-01-31 (provider=yahoo, cache_dir=data/cache/ohlcv, ttl=0)
2026-03-31 10:17:10,134 [INFO] backtesting.backtester: Loaded OHLCV for CRM: shape=(798, 9)
2026-03-31 10:17:10,134 [INFO] backtesting.backtester: Requesting OHLCV for LLY: 2020-11-27 → 2024-01-31 (provider=yahoo, cache_dir=data/cache/ohlcv, ttl=0)
2026-03-31 10:17:10,135 [INFO] backtesting.backtester: Loaded OHLCV for LLY: shape=(798, 9)
2026-03-31 10:17:10,135 [INFO] backtesting.backtester: Requesting OHLCV for COHR: 2020-11-27 → 2024-01-31 (provider=yahoo, cache_dir=data/cache/ohlcv, ttl=0)
2026-03-31 10:17:10,137 [INFO] backtesting.backtester: Loaded OHLCV for COHR: shape=(798, 9)
2026-03-31 10:17:10,137 [INFO] backtesting.backtester: Requesting OHLCV for WMT: 2020-11-27 → 2024-01-31 (provider=yahoo, cache_dir=data/cache/ohlcv, ttl=0)
2026-03-31 10:17:10,139 [INFO] backtesting.backtester: Loaded OHLCV for WMT: shape=(798, 9)
2026-03-31 10:17:10,139 [INFO] backtesting.backtester: Requesting OHLCV for WDC: 2020-11-27 → 2024-01-31 (provider=yahoo, cache_dir=data/cache/ohlcv, ttl=0)
2026-03-31 10:17:10,140 [INFO] backtesting.backtester: Loaded OHLCV for WDC: shape=(798, 9)
2026-03-31 10:17:10,141 [INFO] backtesting.backtester: Requesting OHLCV for COIN: 2020-11-27 → 2024-01-31 (provider=yahoo, cache_dir=data/cache/ohlcv, ttl=0)
2026-03-31 10:17:10,321 [INFO] backtesting.backtester: Loaded OHLCV for COIN: shape=(704, 9)
2026-03-31 10:17:10,321 [INFO] backtesting.backtester: Requesting OHLCV for UNH: 2020-11-27 → 2024-01-31 (provider=yahoo, cache_dir=data/cache/ohlcv, ttl=0)
2026-03-31 10:17:10,325 [INFO] backtesting.backtester: Loaded OHLCV for UNH: shape=(798, 9)
2026-03-31 10:17:10,325 [INFO] backtesting.backtester: Requesting OHLCV for LRCX: 2020-11-27 → 2024-01-31 (provider=yahoo, cache_dir=data/cache/ohlcv, ttl=0)
2026-03-31 10:17:10,328 [INFO] backtesting.backtester: Loaded OHLCV for LRCX: shape=(798, 9)
2026-03-31 10:17:10,328 [INFO] backtesting.backtester: Requesting OHLCV for AMAT: 2020-11-27 → 2024-01-31 (provider=yahoo, cache_dir=data/cache/ohlcv, ttl=0)
2026-03-31 10:17:10,330 [INFO] backtesting.backtester: Loaded OHLCV for AMAT: shape=(798, 9)
2026-03-31 10:17:10,330 [INFO] backtesting.backtester: Requesting OHLCV for APP: 2020-11-27 → 2024-01-31 (provider=yahoo, cache_dir=data/cache/ohlcv, ttl=0)
2026-03-31 10:17:10,441 [INFO] backtesting.backtester: Loaded OHLCV for APP: shape=(703, 9)
2026-03-31 10:17:10,441 [INFO] backtesting.backtester: Requesting OHLCV for BAC: 2020-11-27 → 2024-01-31 (provider=yahoo, cache_dir=data/cache/ohlcv, ttl=0)
2026-03-31 10:17:10,443 [INFO] backtesting.backtester: Loaded OHLCV for BAC: shape=(798, 9)
2026-03-31 10:17:10,443 [INFO] backtesting.backtester: Requesting OHLCV for V: 2020-11-27 → 2024-01-31 (provider=yahoo, cache_dir=data/cache/ohlcv, ttl=0)
2026-03-31 10:17:10,446 [INFO] backtesting.backtester: Loaded OHLCV for V: shape=(798, 9)
2026-03-31 10:17:10,446 [INFO] backtesting.backtester: Requesting OHLCV for GEV: 2020-11-27 → 2024-01-31 (provider=yahoo, cache_dir=data/cache/ohlcv, ttl=0)
2026-03-31 10:17:10,617 [ERROR] yfinance: $GEV: possibly delisted; no price data found  (1d 2020-11-27 00:00:00 -> 2024-01-31 00:00:00) (Yahoo error = "Data doesn't exist for startDate = 1606453200, endDate = 1706677200")
2026-03-31 10:17:10,618 [ERROR] yfinance: 
1 Failed download:
2026-03-31 10:17:10,618 [ERROR] yfinance: ['GEV']: possibly delisted; no price data found  (1d 2020-11-27 00:00:00 -> 2024-01-31 00:00:00) (Yahoo error = "Data doesn't exist for startDate = 1606453200, endDate = 1706677200")
2026-03-31 10:17:10,865 [INFO] backtesting.backtester: Loaded OHLCV for GEV: shape=(0, 5)
2026-03-31 10:17:10,865 [WARNING] backtesting.backtester: Skipping GEV due to insufficient data (len=0 < 210 bars)
2026-03-31 10:17:10,865 [INFO] backtesting.backtester: Requesting OHLCV for GS: 2020-11-27 → 2024-01-31 (provider=yahoo, cache_dir=data/cache/ohlcv, ttl=0)
2026-03-31 10:17:10,871 [INFO] backtesting.backtester: Loaded OHLCV for GS: shape=(798, 9)
2026-03-31 10:17:10,871 [INFO] backtesting.backtester: Requesting OHLCV for HOOD: 2020-11-27 → 2024-01-31 (provider=yahoo, cache_dir=data/cache/ohlcv, ttl=0)
2026-03-31 10:17:11,019 [INFO] backtesting.backtester: Loaded OHLCV for HOOD: shape=(630, 9)
2026-03-31 10:17:11,019 [WARNING] backtesting.backtester: Excluding HOOD due to insufficient pre-history: first_date=2021-07-29 00:00:00, required=252 days before 2022-01-01 00:00:00
2026-03-31 10:17:11,019 [INFO] backtesting.backtester: Requesting OHLCV for JNJ: 2020-11-27 → 2024-01-31 (provider=yahoo, cache_dir=data/cache/ohlcv, ttl=0)
2026-03-31 10:17:11,024 [INFO] backtesting.backtester: Loaded OHLCV for JNJ: shape=(798, 9)
2026-03-31 10:17:11,024 [INFO] backtesting.backtester: Requesting OHLCV for CAT: 2020-11-27 → 2024-01-31 (provider=yahoo, cache_dir=data/cache/ohlcv, ttl=0)
2026-03-31 10:17:11,027 [INFO] backtesting.backtester: Loaded OHLCV for CAT: shape=(798, 9)
2026-03-31 10:17:11,027 [INFO] backtesting.backtester: Requesting OHLCV for NOW: 2020-11-27 → 2024-01-31 (provider=yahoo, cache_dir=data/cache/ohlcv, ttl=0)
2026-03-31 10:17:11,031 [INFO] backtesting.backtester: Loaded OHLCV for NOW: shape=(798, 9)
2026-03-31 10:17:11,031 [INFO] backtesting.backtester: Requesting OHLCV for GLW: 2020-11-27 → 2024-01-31 (provider=yahoo, cache_dir=data/cache/ohlcv, ttl=0)
2026-03-31 10:17:11,034 [INFO] backtesting.backtester: Loaded OHLCV for GLW: shape=(798, 9)
2026-03-31 10:17:11,034 [INFO] backtesting.backtester: Requesting OHLCV for INTU: 2020-11-27 → 2024-01-31 (provider=yahoo, cache_dir=data/cache/ohlcv, ttl=0)
2026-03-31 10:17:11,036 [INFO] backtesting.backtester: Loaded OHLCV for INTU: shape=(798, 9)
2026-03-31 10:17:11,037 [INFO] backtesting.backtester: Requesting OHLCV for CSCO: 2020-11-27 → 2024-01-31 (provider=yahoo, cache_dir=data/cache/ohlcv, ttl=0)
2026-03-31 10:17:11,039 [INFO] backtesting.backtester: Loaded OHLCV for CSCO: shape=(798, 9)
2026-03-31 10:17:11,039 [INFO] backtesting.backtester: Requesting OHLCV for COST: 2020-11-27 → 2024-01-31 (provider=yahoo, cache_dir=data/cache/ohlcv, ttl=0)
2026-03-31 10:17:11,041 [INFO] backtesting.backtester: Loaded OHLCV for COST: shape=(798, 9)
2026-03-31 10:17:11,041 [INFO] backtesting.backtester: Requesting OHLCV for BKNG: 2020-11-27 → 2024-01-31 (provider=yahoo, cache_dir=data/cache/ohlcv, ttl=0)
2026-03-31 10:17:11,043 [INFO] backtesting.backtester: Loaded OHLCV for BKNG: shape=(798, 9)
2026-03-31 10:17:11,043 [INFO] backtesting.backtester: Requesting OHLCV for CRWD: 2020-11-27 → 2024-01-31 (provider=yahoo, cache_dir=data/cache/ohlcv, ttl=0)
2026-03-31 10:17:11,045 [INFO] backtesting.backtester: Loaded OHLCV for CRWD: shape=(798, 9)
2026-03-31 10:17:11,045 [INFO] backtesting.backtester: Requesting OHLCV for C: 2020-11-27 → 2024-01-31 (provider=yahoo, cache_dir=data/cache/ohlcv, ttl=0)
2026-03-31 10:17:11,047 [INFO] backtesting.backtester: Loaded OHLCV for C: shape=(798, 9)
2026-03-31 10:17:11,047 [INFO] backtesting.backtester: Requesting OHLCV for PG: 2020-11-27 → 2024-01-31 (provider=yahoo, cache_dir=data/cache/ohlcv, ttl=0)
2026-03-31 10:17:11,049 [INFO] backtesting.backtester: Loaded OHLCV for PG: shape=(798, 9)
2026-03-31 10:17:11,049 [INFO] backtesting.backtester: Requesting OHLCV for MA: 2020-11-27 → 2024-01-31 (provider=yahoo, cache_dir=data/cache/ohlcv, ttl=0)
2026-03-31 10:17:11,051 [INFO] backtesting.backtester: Loaded OHLCV for MA: shape=(798, 9)
2026-03-31 10:17:11,051 [INFO] backtesting.backtester: Requesting OHLCV for ADBE: 2020-11-27 → 2024-01-31 (provider=yahoo, cache_dir=data/cache/ohlcv, ttl=0)
2026-03-31 10:17:11,053 [INFO] backtesting.backtester: Loaded OHLCV for ADBE: shape=(798, 9)
2026-03-31 10:17:11,053 [INFO] backtesting.backtester: Requesting OHLCV for ACN: 2020-11-27 → 2024-01-31 (provider=yahoo, cache_dir=data/cache/ohlcv, ttl=0)
2026-03-31 10:17:11,055 [INFO] backtesting.backtester: Loaded OHLCV for ACN: shape=(798, 9)
2026-03-31 10:17:11,055 [INFO] backtesting.backtester: Requesting OHLCV for QCOM: 2020-11-27 → 2024-01-31 (provider=yahoo, cache_dir=data/cache/ohlcv, ttl=0)
2026-03-31 10:17:11,057 [INFO] backtesting.backtester: Loaded OHLCV for QCOM: shape=(798, 9)
2026-03-31 10:17:11,057 [INFO] backtesting.backtester: Requesting OHLCV for GE: 2020-11-27 → 2024-01-31 (provider=yahoo, cache_dir=data/cache/ohlcv, ttl=0)
2026-03-31 10:17:11,058 [INFO] backtesting.backtester: Loaded OHLCV for GE: shape=(798, 9)
2026-03-31 10:17:11,058 [INFO] backtesting.backtester: Requesting OHLCV for DELL: 2020-11-27 → 2024-01-31 (provider=yahoo, cache_dir=data/cache/ohlcv, ttl=0)
2026-03-31 10:17:11,060 [INFO] backtesting.backtester: Loaded OHLCV for DELL: shape=(798, 9)
2026-03-31 10:17:11,060 [INFO] backtesting.backtester: Requesting OHLCV for ABBV: 2020-11-27 → 2024-01-31 (provider=yahoo, cache_dir=data/cache/ohlcv, ttl=0)
2026-03-31 10:17:11,062 [INFO] backtesting.backtester: Loaded OHLCV for ABBV: shape=(798, 9)
2026-03-31 10:17:11,062 [INFO] backtesting.backtester: Requesting OHLCV for WFC: 2020-11-27 → 2024-01-31 (provider=yahoo, cache_dir=data/cache/ohlcv, ttl=0)
2026-03-31 10:17:11,064 [INFO] backtesting.backtester: Loaded OHLCV for WFC: shape=(798, 9)
2026-03-31 10:17:11,064 [INFO] backtesting.backtester: Requesting OHLCV for BA: 2020-11-27 → 2024-01-31 (provider=yahoo, cache_dir=data/cache/ohlcv, ttl=0)
2026-03-31 10:17:11,066 [INFO] backtesting.backtester: Loaded OHLCV for BA: shape=(798, 9)
2026-03-31 10:17:11,066 [INFO] backtesting.backtester: Requesting OHLCV for KLAC: 2020-11-27 → 2024-01-31 (provider=yahoo, cache_dir=data/cache/ohlcv, ttl=0)
2026-03-31 10:17:11,067 [INFO] backtesting.backtester: Loaded OHLCV for KLAC: shape=(798, 9)
2026-03-31 10:17:11,067 [INFO] backtesting.backtester: Requesting OHLCV for IBM: 2020-11-27 → 2024-01-31 (provider=yahoo, cache_dir=data/cache/ohlcv, ttl=0)
2026-03-31 10:17:11,069 [INFO] backtesting.backtester: Loaded OHLCV for IBM: shape=(798, 9)
2026-03-31 10:17:11,069 [INFO] backtesting.backtester: Requesting OHLCV for HD: 2020-11-27 → 2024-01-31 (provider=yahoo, cache_dir=data/cache/ohlcv, ttl=0)
2026-03-31 10:17:11,071 [INFO] backtesting.backtester: Loaded OHLCV for HD: shape=(798, 9)
2026-03-31 10:17:11,071 [INFO] backtesting.backtester: Requesting OHLCV for COP: 2020-11-27 → 2024-01-31 (provider=yahoo, cache_dir=data/cache/ohlcv, ttl=0)
2026-03-31 10:17:11,072 [INFO] backtesting.backtester: Loaded OHLCV for COP: shape=(798, 9)
2026-03-31 10:17:11,072 [INFO] backtesting.backtester: Requesting OHLCV for STX: 2020-11-27 → 2024-01-31 (provider=yahoo, cache_dir=data/cache/ohlcv, ttl=0)
2026-03-31 10:17:11,074 [INFO] backtesting.backtester: Loaded OHLCV for STX: shape=(798, 9)
2026-03-31 10:17:11,074 [INFO] backtesting.backtester: Requesting OHLCV for UBER: 2020-11-27 → 2024-01-31 (provider=yahoo, cache_dir=data/cache/ohlcv, ttl=0)
2026-03-31 10:17:11,075 [INFO] backtesting.backtester: Loaded OHLCV for UBER: shape=(798, 9)
2026-03-31 10:17:11,075 [INFO] backtesting.backtester: Requesting OHLCV for LIN: 2020-11-27 → 2024-01-31 (provider=yahoo, cache_dir=data/cache/ohlcv, ttl=0)
2026-03-31 10:17:11,077 [INFO] backtesting.backtester: Loaded OHLCV for LIN: shape=(798, 9)
2026-03-31 10:17:11,077 [INFO] backtesting.backtester: Requesting OHLCV for VZ: 2020-11-27 → 2024-01-31 (provider=yahoo, cache_dir=data/cache/ohlcv, ttl=0)
2026-03-31 10:17:11,079 [INFO] backtesting.backtester: Loaded OHLCV for VZ: shape=(798, 9)
2026-03-31 10:17:11,079 [INFO] backtesting.backtester: Requesting OHLCV for APH: 2020-11-27 → 2024-01-31 (provider=yahoo, cache_dir=data/cache/ohlcv, ttl=0)
2026-03-31 10:17:11,080 [INFO] backtesting.backtester: Loaded OHLCV for APH: shape=(798, 9)
2026-03-31 10:17:11,080 [INFO] backtesting.backtester: Requesting OHLCV for ABT: 2020-11-27 → 2024-01-31 (provider=yahoo, cache_dir=data/cache/ohlcv, ttl=0)
2026-03-31 10:17:11,082 [INFO] backtesting.backtester: Loaded OHLCV for ABT: shape=(798, 9)
2026-03-31 10:17:11,082 [INFO] backtesting.backtester: Requesting OHLCV for NEM: 2020-11-27 → 2024-01-31 (provider=yahoo, cache_dir=data/cache/ohlcv, ttl=0)
2026-03-31 10:17:11,083 [INFO] backtesting.backtester: Loaded OHLCV for NEM: shape=(798, 9)
2026-03-31 10:17:11,083 [INFO] backtesting.backtester: Requesting OHLCV for AXP: 2020-11-27 → 2024-01-31 (provider=yahoo, cache_dir=data/cache/ohlcv, ttl=0)
2026-03-31 10:17:11,084 [INFO] backtesting.backtester: Loaded OHLCV for AXP: shape=(798, 9)
2026-03-31 10:17:11,084 [INFO] backtesting.backtester: Requesting OHLCV for KO: 2020-11-27 → 2024-01-31 (provider=yahoo, cache_dir=data/cache/ohlcv, ttl=0)
2026-03-31 10:17:11,086 [INFO] backtesting.backtester: Loaded OHLCV for KO: shape=(798, 9)
2026-03-31 10:17:11,086 [INFO] backtesting.backtester: Requesting OHLCV for ADI: 2020-11-27 → 2024-01-31 (provider=yahoo, cache_dir=data/cache/ohlcv, ttl=0)
2026-03-31 10:17:11,087 [INFO] backtesting.backtester: Loaded OHLCV for ADI: shape=(798, 9)
2026-03-31 10:17:11,087 [INFO] backtesting.backtester: Requesting OHLCV for PANW: 2020-11-27 → 2024-01-31 (provider=yahoo, cache_dir=data/cache/ohlcv, ttl=0)
2026-03-31 10:17:11,089 [INFO] backtesting.backtester: Loaded OHLCV for PANW: shape=(798, 9)
2026-03-31 10:17:11,089 [INFO] backtesting.backtester: Requesting OHLCV for TXN: 2020-11-27 → 2024-01-31 (provider=yahoo, cache_dir=data/cache/ohlcv, ttl=0)
2026-03-31 10:17:11,090 [INFO] backtesting.backtester: Loaded OHLCV for TXN: shape=(798, 9)
2026-03-31 10:17:11,090 [INFO] backtesting.backtester: Requesting OHLCV for RTX: 2020-11-27 → 2024-01-31 (provider=yahoo, cache_dir=data/cache/ohlcv, ttl=0)
2026-03-31 10:17:11,092 [INFO] backtesting.backtester: Loaded OHLCV for RTX: shape=(798, 9)
2026-03-31 10:17:11,092 [INFO] backtesting.backtester: Requesting OHLCV for BX: 2020-11-27 → 2024-01-31 (provider=yahoo, cache_dir=data/cache/ohlcv, ttl=0)
2026-03-31 10:17:11,093 [INFO] backtesting.backtester: Loaded OHLCV for BX: shape=(798, 9)
2026-03-31 10:17:11,093 [INFO] backtesting.backtester: Requesting OHLCV for T: 2020-11-27 → 2024-01-31 (provider=yahoo, cache_dir=data/cache/ohlcv, ttl=0)
2026-03-31 10:17:11,095 [INFO] backtesting.backtester: Loaded OHLCV for T: shape=(798, 9)
2026-03-31 10:17:11,095 [INFO] backtesting.backtester: Requesting OHLCV for MRK: 2020-11-27 → 2024-01-31 (provider=yahoo, cache_dir=data/cache/ohlcv, ttl=0)
2026-03-31 10:17:11,096 [INFO] backtesting.backtester: Loaded OHLCV for MRK: shape=(798, 9)
2026-03-31 10:17:11,096 [INFO] backtesting.backtester: Requesting OHLCV for MS: 2020-11-27 → 2024-01-31 (provider=yahoo, cache_dir=data/cache/ohlcv, ttl=0)
2026-03-31 10:17:11,097 [INFO] backtesting.backtester: Loaded OHLCV for MS: shape=(798, 9)
2026-03-31 10:17:11,097 [INFO] backtesting.backtester: Requesting OHLCV for CIEN: 2020-11-27 → 2024-01-31 (provider=yahoo, cache_dir=data/cache/ohlcv, ttl=0)
2026-03-31 10:17:11,099 [INFO] backtesting.backtester: Loaded OHLCV for CIEN: shape=(798, 9)
2026-03-31 10:17:11,099 [INFO] backtesting.backtester: Requesting OHLCV for LMT: 2020-11-27 → 2024-01-31 (provider=yahoo, cache_dir=data/cache/ohlcv, ttl=0)
2026-03-31 10:17:11,100 [INFO] backtesting.backtester: Loaded OHLCV for LMT: shape=(798, 9)
2026-03-31 10:17:11,100 [INFO] backtesting.backtester: Requesting OHLCV for OXY: 2020-11-27 → 2024-01-31 (provider=yahoo, cache_dir=data/cache/ohlcv, ttl=0)
2026-03-31 10:17:11,102 [INFO] backtesting.backtester: Loaded OHLCV for OXY: shape=(798, 9)
2026-03-31 10:17:11,102 [INFO] backtesting.backtester: Requesting OHLCV for DIS: 2020-11-27 → 2024-01-31 (provider=yahoo, cache_dir=data/cache/ohlcv, ttl=0)
2026-03-31 10:17:11,103 [INFO] backtesting.backtester: Loaded OHLCV for DIS: shape=(798, 9)
2026-03-31 10:17:11,103 [INFO] backtesting.backtester: Requesting OHLCV for FCX: 2020-11-27 → 2024-01-31 (provider=yahoo, cache_dir=data/cache/ohlcv, ttl=0)
2026-03-31 10:17:11,104 [INFO] backtesting.backtester: Loaded OHLCV for FCX: shape=(798, 9)
2026-03-31 10:17:11,104 [INFO] backtesting.backtester: Requesting OHLCV for TMUS: 2020-11-27 → 2024-01-31 (provider=yahoo, cache_dir=data/cache/ohlcv, ttl=0)
2026-03-31 10:17:11,106 [INFO] backtesting.backtester: Loaded OHLCV for TMUS: shape=(798, 9)
2026-03-31 10:17:11,106 [INFO] backtesting.backtester: Requesting OHLCV for SMCI: 2020-11-27 → 2024-01-31 (provider=yahoo, cache_dir=data/cache/ohlcv, ttl=0)
2026-03-31 10:17:11,107 [INFO] backtesting.backtester: Loaded OHLCV for SMCI: shape=(798, 9)
2026-03-31 10:17:11,107 [INFO] backtesting.backtester: Requesting OHLCV for PFE: 2020-11-27 → 2024-01-31 (provider=yahoo, cache_dir=data/cache/ohlcv, ttl=0)
2026-03-31 10:17:11,109 [INFO] backtesting.backtester: Loaded OHLCV for PFE: shape=(798, 9)
2026-03-31 10:17:11,109 [INFO] backtesting.backtester: Requesting OHLCV for CMCSA: 2020-11-27 → 2024-01-31 (provider=yahoo, cache_dir=data/cache/ohlcv, ttl=0)
2026-03-31 10:17:11,110 [INFO] backtesting.backtester: Loaded OHLCV for CMCSA: shape=(798, 9)
2026-03-31 10:17:11,110 [INFO] backtesting.backtester: Requesting OHLCV for VLO: 2020-11-27 → 2024-01-31 (provider=yahoo, cache_dir=data/cache/ohlcv, ttl=0)
2026-03-31 10:17:11,112 [INFO] backtesting.backtester: Loaded OHLCV for VLO: shape=(798, 9)
2026-03-31 10:17:11,112 [INFO] backtesting.backtester: Requesting OHLCV for TER: 2020-11-27 → 2024-01-31 (provider=yahoo, cache_dir=data/cache/ohlcv, ttl=0)
2026-03-31 10:17:11,113 [INFO] backtesting.backtester: Loaded OHLCV for TER: shape=(798, 9)
2026-03-31 10:17:11,113 [INFO] backtesting.backtester: Requesting OHLCV for COF: 2020-11-27 → 2024-01-31 (provider=yahoo, cache_dir=data/cache/ohlcv, ttl=0)
2026-03-31 10:17:11,114 [INFO] backtesting.backtester: Loaded OHLCV for COF: shape=(798, 9)
2026-03-31 10:17:11,115 [INFO] backtesting.backtester: Requesting OHLCV for TMO: 2020-11-27 → 2024-01-31 (provider=yahoo, cache_dir=data/cache/ohlcv, ttl=0)
2026-03-31 10:17:11,116 [INFO] backtesting.backtester: Loaded OHLCV for TMO: shape=(798, 9)
2026-03-31 10:17:11,116 [INFO] backtesting.backtester: Requesting OHLCV for MCD: 2020-11-27 → 2024-01-31 (provider=yahoo, cache_dir=data/cache/ohlcv, ttl=0)
2026-03-31 10:17:11,117 [INFO] backtesting.backtester: Loaded OHLCV for MCD: shape=(798, 9)
2026-03-31 10:17:11,117 [INFO] backtesting.backtester: Requesting OHLCV for PEP: 2020-11-27 → 2024-01-31 (provider=yahoo, cache_dir=data/cache/ohlcv, ttl=0)
2026-03-31 10:17:11,119 [INFO] backtesting.backtester: Loaded OHLCV for PEP: shape=(798, 9)
2026-03-31 10:17:11,119 [INFO] backtesting.backtester: Requesting OHLCV for SLB: 2020-11-27 → 2024-01-31 (provider=yahoo, cache_dir=data/cache/ohlcv, ttl=0)
2026-03-31 10:17:11,120 [INFO] backtesting.backtester: Loaded OHLCV for SLB: shape=(798, 9)
2026-03-31 10:17:11,120 [INFO] backtesting.backtester: Requesting OHLCV for BLK: 2020-11-27 → 2024-01-31 (provider=yahoo, cache_dir=data/cache/ohlcv, ttl=0)
2026-03-31 10:17:11,121 [INFO] backtesting.backtester: Loaded OHLCV for BLK: shape=(798, 9)
2026-03-31 10:17:11,121 [INFO] backtesting.backtester: Requesting OHLCV for SNPS: 2020-11-27 → 2024-01-31 (provider=yahoo, cache_dir=data/cache/ohlcv, ttl=0)
2026-03-31 10:17:11,123 [INFO] backtesting.backtester: Loaded OHLCV for SNPS: shape=(798, 9)
2026-03-31 10:17:11,123 [INFO] backtesting.backtester: Requesting OHLCV for NEE: 2020-11-27 → 2024-01-31 (provider=yahoo, cache_dir=data/cache/ohlcv, ttl=0)
2026-03-31 10:17:11,124 [INFO] backtesting.backtester: Loaded OHLCV for NEE: shape=(798, 9)
2026-03-31 10:17:11,124 [INFO] backtesting.backtester: Requesting OHLCV for SPGI: 2020-11-27 → 2024-01-31 (provider=yahoo, cache_dir=data/cache/ohlcv, ttl=0)
2026-03-31 10:17:11,125 [INFO] backtesting.backtester: Loaded OHLCV for SPGI: shape=(798, 9)
2026-03-31 10:17:11,126 [INFO] backtesting.backtester: Requesting OHLCV for AMGN: 2020-11-27 → 2024-01-31 (provider=yahoo, cache_dir=data/cache/ohlcv, ttl=0)
2026-03-31 10:17:11,127 [INFO] backtesting.backtester: Loaded OHLCV for AMGN: shape=(798, 9)
2026-03-31 10:17:11,127 [INFO] backtesting.backtester: Requesting OHLCV for ETN: 2020-11-27 → 2024-01-31 (provider=yahoo, cache_dir=data/cache/ohlcv, ttl=0)
2026-03-31 10:17:11,128 [INFO] backtesting.backtester: Loaded OHLCV for ETN: shape=(798, 9)
2026-03-31 10:17:11,128 [INFO] backtesting.backtester: Requesting OHLCV for DAL: 2020-11-27 → 2024-01-31 (provider=yahoo, cache_dir=data/cache/ohlcv, ttl=0)
2026-03-31 10:17:11,129 [INFO] backtesting.backtester: Loaded OHLCV for DAL: shape=(798, 9)
2026-03-31 10:17:11,129 [INFO] backtesting.backtester: Requesting OHLCV for GILD: 2020-11-27 → 2024-01-31 (provider=yahoo, cache_dir=data/cache/ohlcv, ttl=0)
2026-03-31 10:17:11,131 [INFO] backtesting.backtester: Loaded OHLCV for GILD: shape=(798, 9)
2026-03-31 10:17:11,131 [INFO] backtesting.backtester: Requesting OHLCV for HON: 2020-11-27 → 2024-01-31 (provider=yahoo, cache_dir=data/cache/ohlcv, ttl=0)
2026-03-31 10:17:11,132 [INFO] backtesting.backtester: Loaded OHLCV for HON: shape=(798, 9)
2026-03-31 10:17:11,132 [INFO] backtesting.backtester: Requesting OHLCV for CEG: 2020-11-27 → 2024-01-31 (provider=yahoo, cache_dir=data/cache/ohlcv, ttl=0)
2026-03-31 10:17:11,302 [INFO] backtesting.backtester: Loaded OHLCV for CEG: shape=(510, 9)
2026-03-31 10:17:11,302 [WARNING] backtesting.backtester: Excluding CEG due to insufficient pre-history: first_date=2022-01-19 00:00:00, required=252 days before 2022-01-01 00:00:00
2026-03-31 10:17:11,302 [INFO] backtesting.backtester: Requesting OHLCV for ADP: 2020-11-27 → 2024-01-31 (provider=yahoo, cache_dir=data/cache/ohlcv, ttl=0)
2026-03-31 10:17:11,306 [INFO] backtesting.backtester: Loaded OHLCV for ADP: shape=(798, 9)
2026-03-31 10:17:11,306 [INFO] backtesting.backtester: Requesting OHLCV for BSX: 2020-11-27 → 2024-01-31 (provider=yahoo, cache_dir=data/cache/ohlcv, ttl=0)
2026-03-31 10:17:11,308 [INFO] backtesting.backtester: Loaded OHLCV for BSX: shape=(798, 9)
2026-03-31 10:17:11,308 [INFO] backtesting.backtester: Requesting OHLCV for PYPL: 2020-11-27 → 2024-01-31 (provider=yahoo, cache_dir=data/cache/ohlcv, ttl=0)
2026-03-31 10:17:11,310 [INFO] backtesting.backtester: Loaded OHLCV for PYPL: shape=(798, 9)
2026-03-31 10:17:11,310 [INFO] backtesting.backtester: Requesting OHLCV for PM: 2020-11-27 → 2024-01-31 (provider=yahoo, cache_dir=data/cache/ohlcv, ttl=0)
2026-03-31 10:17:11,312 [INFO] backtesting.backtester: Loaded OHLCV for PM: shape=(798, 9)
2026-03-31 10:17:11,312 [INFO] backtesting.backtester: Requesting OHLCV for CVNA: 2020-11-27 → 2024-01-31 (provider=yahoo, cache_dir=data/cache/ohlcv, ttl=0)
2026-03-31 10:17:11,314 [INFO] backtesting.backtester: Loaded OHLCV for CVNA: shape=(798, 9)
2026-03-31 10:17:11,314 [INFO] backtesting.backtester: Requesting OHLCV for UAL: 2020-11-27 → 2024-01-31 (provider=yahoo, cache_dir=data/cache/ohlcv, ttl=0)
2026-03-31 10:17:11,316 [INFO] backtesting.backtester: Loaded OHLCV for UAL: shape=(798, 9)
2026-03-31 10:17:11,316 [INFO] backtesting.backtester: Requesting OHLCV for NKE: 2020-11-27 → 2024-01-31 (provider=yahoo, cache_dir=data/cache/ohlcv, ttl=0)
2026-03-31 10:17:11,318 [INFO] backtesting.backtester: Loaded OHLCV for NKE: shape=(798, 9)
2026-03-31 10:17:11,318 [INFO] backtesting.backtester: Requesting OHLCV for ANET: 2020-11-27 → 2024-01-31 (provider=yahoo, cache_dir=data/cache/ohlcv, ttl=0)
2026-03-31 10:17:11,320 [INFO] backtesting.backtester: Loaded OHLCV for ANET: shape=(798, 9)
2026-03-31 10:17:11,320 [INFO] backtesting.backtester: Requesting OHLCV for DVN: 2020-11-27 → 2024-01-31 (provider=yahoo, cache_dir=data/cache/ohlcv, ttl=0)
2026-03-31 10:17:11,321 [INFO] backtesting.backtester: Loaded OHLCV for DVN: shape=(798, 9)
2026-03-31 10:17:11,321 [INFO] backtesting.backtester: Requesting OHLCV for BMY: 2020-11-27 → 2024-01-31 (provider=yahoo, cache_dir=data/cache/ohlcv, ttl=0)
2026-03-31 10:17:11,323 [INFO] backtesting.backtester: Loaded OHLCV for BMY: shape=(798, 9)
2026-03-31 10:17:11,323 [INFO] backtesting.backtester: Requesting OHLCV for CF: 2020-11-27 → 2024-01-31 (provider=yahoo, cache_dir=data/cache/ohlcv, ttl=0)
2026-03-31 10:17:11,325 [INFO] backtesting.backtester: Loaded OHLCV for CF: shape=(798, 9)
2026-03-31 10:17:11,325 [INFO] backtesting.backtester: Requesting OHLCV for SCHW: 2020-11-27 → 2024-01-31 (provider=yahoo, cache_dir=data/cache/ohlcv, ttl=0)
2026-03-31 10:17:11,326 [INFO] backtesting.backtester: Loaded OHLCV for SCHW: shape=(798, 9)
2026-03-31 10:17:11,326 [INFO] backtesting.backtester: Requesting OHLCV for SATS: 2020-11-27 → 2024-01-31 (provider=yahoo, cache_dir=data/cache/ohlcv, ttl=0)
2026-03-31 10:17:11,328 [INFO] backtesting.backtester: Loaded OHLCV for SATS: shape=(798, 9)
2026-03-31 10:17:11,328 [INFO] backtesting.backtester: Requesting OHLCV for WBD: 2020-11-27 → 2024-01-31 (provider=yahoo, cache_dir=data/cache/ohlcv, ttl=0)
2026-03-31 10:17:11,329 [INFO] backtesting.backtester: Loaded OHLCV for WBD: shape=(798, 9)
2026-03-31 10:17:11,329 [INFO] backtesting.backtester: Requesting OHLCV for PH: 2020-11-27 → 2024-01-31 (provider=yahoo, cache_dir=data/cache/ohlcv, ttl=0)
2026-03-31 10:17:11,331 [INFO] backtesting.backtester: Loaded OHLCV for PH: shape=(798, 9)
2026-03-31 10:17:11,331 [INFO] backtesting.backtester: Requesting OHLCV for EOG: 2020-11-27 → 2024-01-31 (provider=yahoo, cache_dir=data/cache/ohlcv, ttl=0)
2026-03-31 10:17:11,333 [INFO] backtesting.backtester: Loaded OHLCV for EOG: shape=(798, 9)
2026-03-31 10:17:11,333 [INFO] backtesting.backtester: Requesting OHLCV for KKR: 2020-11-27 → 2024-01-31 (provider=yahoo, cache_dir=data/cache/ohlcv, ttl=0)
2026-03-31 10:17:11,334 [INFO] backtesting.backtester: Loaded OHLCV for KKR: shape=(798, 9)
2026-03-31 10:17:11,334 [INFO] backtesting.backtester: Requesting OHLCV for TGT: 2020-11-27 → 2024-01-31 (provider=yahoo, cache_dir=data/cache/ohlcv, ttl=0)
2026-03-31 10:17:11,336 [INFO] backtesting.backtester: Loaded OHLCV for TGT: shape=(798, 9)
2026-03-31 10:17:11,336 [INFO] backtesting.backtester: Requesting OHLCV for RCL: 2020-11-27 → 2024-01-31 (provider=yahoo, cache_dir=data/cache/ohlcv, ttl=0)
2026-03-31 10:17:11,337 [INFO] backtesting.backtester: Loaded OHLCV for RCL: shape=(798, 9)
2026-03-31 10:17:11,337 [INFO] backtesting.backtester: Requesting OHLCV for SBUX: 2020-11-27 → 2024-01-31 (provider=yahoo, cache_dir=data/cache/ohlcv, ttl=0)
2026-03-31 10:17:11,339 [INFO] backtesting.backtester: Loaded OHLCV for SBUX: shape=(798, 9)
2026-03-31 10:17:11,339 [INFO] backtesting.backtester: Requesting OHLCV for DE: 2020-11-27 → 2024-01-31 (provider=yahoo, cache_dir=data/cache/ohlcv, ttl=0)
2026-03-31 10:17:11,340 [INFO] backtesting.backtester: Loaded OHLCV for DE: shape=(798, 9)
2026-03-31 10:17:11,340 [INFO] backtesting.backtester: Requesting OHLCV for FDX: 2020-11-27 → 2024-01-31 (provider=yahoo, cache_dir=data/cache/ohlcv, ttl=0)
2026-03-31 10:17:11,342 [INFO] backtesting.backtester: Loaded OHLCV for FDX: shape=(798, 9)
2026-03-31 10:17:11,342 [INFO] backtesting.backtester: Requesting OHLCV for F: 2020-11-27 → 2024-01-31 (provider=yahoo, cache_dir=data/cache/ohlcv, ttl=0)
2026-03-31 10:17:11,343 [INFO] backtesting.backtester: Loaded OHLCV for F: shape=(798, 9)
2026-03-31 10:17:11,343 [INFO] backtesting.backtester: Requesting OHLCV for CCL: 2020-11-27 → 2024-01-31 (provider=yahoo, cache_dir=data/cache/ohlcv, ttl=0)
2026-03-31 10:17:11,345 [INFO] backtesting.backtester: Loaded OHLCV for CCL: shape=(798, 9)
2026-03-31 10:17:11,345 [INFO] backtesting.backtester: Requesting OHLCV for ISRG: 2020-11-27 → 2024-01-31 (provider=yahoo, cache_dir=data/cache/ohlcv, ttl=0)
2026-03-31 10:17:11,346 [INFO] backtesting.backtester: Loaded OHLCV for ISRG: shape=(798, 9)
2026-03-31 10:17:11,346 [INFO] backtesting.backtester: Requesting OHLCV for VST: 2020-11-27 → 2024-01-31 (provider=yahoo, cache_dir=data/cache/ohlcv, ttl=0)
2026-03-31 10:17:11,348 [INFO] backtesting.backtester: Loaded OHLCV for VST: shape=(798, 9)
2026-03-31 10:17:11,348 [INFO] backtesting.backtester: Requesting OHLCV for DHR: 2020-11-27 → 2024-01-31 (provider=yahoo, cache_dir=data/cache/ohlcv, ttl=0)
2026-03-31 10:17:11,349 [INFO] backtesting.backtester: Loaded OHLCV for DHR: shape=(798, 9)
2026-03-31 10:17:11,349 [INFO] backtesting.backtester: Requesting OHLCV for UPS: 2020-11-27 → 2024-01-31 (provider=yahoo, cache_dir=data/cache/ohlcv, ttl=0)
2026-03-31 10:17:11,350 [INFO] backtesting.backtester: Loaded OHLCV for UPS: shape=(798, 9)
2026-03-31 10:17:11,350 [INFO] backtesting.backtester: Requesting OHLCV for SYK: 2020-11-27 → 2024-01-31 (provider=yahoo, cache_dir=data/cache/ohlcv, ttl=0)
2026-03-31 10:17:11,352 [INFO] backtesting.backtester: Loaded OHLCV for SYK: shape=(798, 9)
2026-03-31 10:17:11,352 [INFO] backtesting.backtester: Requesting OHLCV for WDAY: 2020-11-27 → 2024-01-31 (provider=yahoo, cache_dir=data/cache/ohlcv, ttl=0)
2026-03-31 10:17:11,353 [INFO] backtesting.backtester: Loaded OHLCV for WDAY: shape=(798, 9)
2026-03-31 10:17:11,353 [INFO] backtesting.backtester: Requesting OHLCV for APO: 2020-11-27 → 2024-01-31 (provider=yahoo, cache_dir=data/cache/ohlcv, ttl=0)
2026-03-31 10:17:11,355 [INFO] backtesting.backtester: Loaded OHLCV for APO: shape=(798, 9)
2026-03-31 10:17:11,355 [INFO] backtesting.backtester: Requesting OHLCV for TJX: 2020-11-27 → 2024-01-31 (provider=yahoo, cache_dir=data/cache/ohlcv, ttl=0)
2026-03-31 10:17:11,356 [INFO] backtesting.backtester: Loaded OHLCV for TJX: shape=(798, 9)
2026-03-31 10:17:11,356 [INFO] backtesting.backtester: Requesting OHLCV for UNP: 2020-11-27 → 2024-01-31 (provider=yahoo, cache_dir=data/cache/ohlcv, ttl=0)
2026-03-31 10:17:11,358 [INFO] backtesting.backtester: Loaded OHLCV for UNP: shape=(798, 9)
2026-03-31 10:17:11,358 [INFO] backtesting.backtester: Requesting OHLCV for ELV: 2020-11-27 → 2024-01-31 (provider=yahoo, cache_dir=data/cache/ohlcv, ttl=0)
2026-03-31 10:17:11,359 [INFO] backtesting.backtester: Loaded OHLCV for ELV: shape=(798, 9)
2026-03-31 10:17:11,359 [INFO] backtesting.backtester: Requesting OHLCV for MPC: 2020-11-27 → 2024-01-31 (provider=yahoo, cache_dir=data/cache/ohlcv, ttl=0)
2026-03-31 10:17:11,360 [INFO] backtesting.backtester: Loaded OHLCV for MPC: shape=(798, 9)
2026-03-31 10:17:11,360 [INFO] backtesting.backtester: Requesting OHLCV for MDT: 2020-11-27 → 2024-01-31 (provider=yahoo, cache_dir=data/cache/ohlcv, ttl=0)
2026-03-31 10:17:11,362 [INFO] backtesting.backtester: Loaded OHLCV for MDT: shape=(798, 9)
2026-03-31 10:17:11,362 [INFO] backtesting.backtester: Requesting OHLCV for CME: 2020-11-27 → 2024-01-31 (provider=yahoo, cache_dir=data/cache/ohlcv, ttl=0)
2026-03-31 10:17:11,363 [INFO] backtesting.backtester: Loaded OHLCV for CME: shape=(798, 9)
2026-03-31 10:17:11,363 [INFO] backtesting.backtester: Requesting OHLCV for CDNS: 2020-11-27 → 2024-01-31 (provider=yahoo, cache_dir=data/cache/ohlcv, ttl=0)
2026-03-31 10:17:11,365 [INFO] backtesting.backtester: Loaded OHLCV for CDNS: shape=(798, 9)
2026-03-31 10:17:11,365 [INFO] backtesting.backtester: Requesting OHLCV for FANG: 2020-11-27 → 2024-01-31 (provider=yahoo, cache_dir=data/cache/ohlcv, ttl=0)
2026-03-31 10:17:11,366 [INFO] backtesting.backtester: Loaded OHLCV for FANG: shape=(798, 9)
2026-03-31 10:17:11,366 [INFO] backtesting.backtester: Requesting OHLCV for MCK: 2020-11-27 → 2024-01-31 (provider=yahoo, cache_dir=data/cache/ohlcv, ttl=0)
2026-03-31 10:17:11,367 [INFO] backtesting.backtester: Loaded OHLCV for MCK: shape=(798, 9)
2026-03-31 10:17:11,367 [INFO] backtesting.backtester: Requesting OHLCV for LYB: 2020-11-27 → 2024-01-31 (provider=yahoo, cache_dir=data/cache/ohlcv, ttl=0)
2026-03-31 10:17:11,369 [INFO] backtesting.backtester: Loaded OHLCV for LYB: shape=(798, 9)
2026-03-31 10:17:11,369 [INFO] backtesting.backtester: Requesting OHLCV for WELL: 2020-11-27 → 2024-01-31 (provider=yahoo, cache_dir=data/cache/ohlcv, ttl=0)
2026-03-31 10:17:11,370 [INFO] backtesting.backtester: Loaded OHLCV for WELL: shape=(798, 9)
2026-03-31 10:17:11,370 [INFO] backtesting.backtester: Requesting OHLCV for BKR: 2020-11-27 → 2024-01-31 (provider=yahoo, cache_dir=data/cache/ohlcv, ttl=0)
2026-03-31 10:17:11,371 [INFO] backtesting.backtester: Loaded OHLCV for BKR: shape=(798, 9)
2026-03-31 10:17:11,371 [INFO] backtesting.backtester: Requesting OHLCV for MMM: 2020-11-27 → 2024-01-31 (provider=yahoo, cache_dir=data/cache/ohlcv, ttl=0)
2026-03-31 10:17:11,373 [INFO] backtesting.backtester: Loaded OHLCV for MMM: shape=(798, 9)
2026-03-31 10:17:11,373 [INFO] backtesting.backtester: Requesting OHLCV for VRTX: 2020-11-27 → 2024-01-31 (provider=yahoo, cache_dir=data/cache/ohlcv, ttl=0)
2026-03-31 10:17:11,374 [INFO] backtesting.backtester: Loaded OHLCV for VRTX: shape=(798, 9)
2026-03-31 10:17:11,374 [INFO] backtesting.backtester: Requesting OHLCV for MO: 2020-11-27 → 2024-01-31 (provider=yahoo, cache_dir=data/cache/ohlcv, ttl=0)
2026-03-31 10:17:11,376 [INFO] backtesting.backtester: Loaded OHLCV for MO: shape=(798, 9)
2026-03-31 10:17:11,376 [INFO] backtesting.backtester: Requesting OHLCV for MCO: 2020-11-27 → 2024-01-31 (provider=yahoo, cache_dir=data/cache/ohlcv, ttl=0)
2026-03-31 10:17:11,377 [INFO] backtesting.backtester: Loaded OHLCV for MCO: shape=(798, 9)
2026-03-31 10:17:11,377 [INFO] backtesting.backtester: Requesting OHLCV for LOW: 2020-11-27 → 2024-01-31 (provider=yahoo, cache_dir=data/cache/ohlcv, ttl=0)
2026-03-31 10:17:11,378 [INFO] backtesting.backtester: Loaded OHLCV for LOW: shape=(798, 9)
2026-03-31 10:17:11,378 [INFO] backtesting.backtester: Requesting OHLCV for PGR: 2020-11-27 → 2024-01-31 (provider=yahoo, cache_dir=data/cache/ohlcv, ttl=0)
2026-03-31 10:17:11,380 [INFO] backtesting.backtester: Loaded OHLCV for PGR: shape=(798, 9)
2026-03-31 10:17:11,380 [INFO] backtesting.backtester: Requesting OHLCV for CRH: 2020-11-27 → 2024-01-31 (provider=yahoo, cache_dir=data/cache/ohlcv, ttl=0)
2026-03-31 10:17:11,381 [INFO] backtesting.backtester: Loaded OHLCV for CRH: shape=(798, 9)
2026-03-31 10:17:11,381 [INFO] backtesting.backtester: Requesting OHLCV for PWR: 2020-11-27 → 2024-01-31 (provider=yahoo, cache_dir=data/cache/ohlcv, ttl=0)
2026-03-31 10:17:11,382 [INFO] backtesting.backtester: Loaded OHLCV for PWR: shape=(798, 9)
2026-03-31 10:17:11,382 [INFO] backtesting.backtester: Requesting OHLCV for XYZ: 2020-11-27 → 2024-01-31 (provider=yahoo, cache_dir=data/cache/ohlcv, ttl=0)
2026-03-31 10:17:11,384 [INFO] backtesting.backtester: Loaded OHLCV for XYZ: shape=(798, 9)
2026-03-31 10:17:11,384 [INFO] backtesting.backtester: Requesting OHLCV for PSX: 2020-11-27 → 2024-01-31 (provider=yahoo, cache_dir=data/cache/ohlcv, ttl=0)
2026-03-31 10:17:11,385 [INFO] backtesting.backtester: Loaded OHLCV for PSX: shape=(798, 9)
2026-03-31 10:17:11,385 [INFO] backtesting.backtester: Requesting OHLCV for ROST: 2020-11-27 → 2024-01-31 (provider=yahoo, cache_dir=data/cache/ohlcv, ttl=0)
2026-03-31 10:17:11,386 [INFO] backtesting.backtester: Loaded OHLCV for ROST: shape=(798, 9)
2026-03-31 10:17:11,386 [INFO] backtesting.backtester: Requesting OHLCV for DASH: 2020-11-27 → 2024-01-31 (provider=yahoo, cache_dir=data/cache/ohlcv, ttl=0)
2026-03-31 10:17:11,481 [INFO] backtesting.backtester: Loaded OHLCV for DASH: shape=(789, 9)
2026-03-31 10:17:11,481 [INFO] backtesting.backtester: Requesting OHLCV for EQIX: 2020-11-27 → 2024-01-31 (provider=yahoo, cache_dir=data/cache/ohlcv, ttl=0)
2026-03-31 10:17:11,484 [INFO] backtesting.backtester: Loaded OHLCV for EQIX: shape=(798, 9)
2026-03-31 10:17:11,484 [INFO] backtesting.backtester: Requesting OHLCV for TTD: 2020-11-27 → 2024-01-31 (provider=yahoo, cache_dir=data/cache/ohlcv, ttl=0)
2026-03-31 10:17:11,486 [INFO] backtesting.backtester: Loaded OHLCV for TTD: shape=(798, 9)
2026-03-31 10:17:11,486 [INFO] backtesting.backtester: Requesting OHLCV for HAL: 2020-11-27 → 2024-01-31 (provider=yahoo, cache_dir=data/cache/ohlcv, ttl=0)
2026-03-31 10:17:11,488 [INFO] backtesting.backtester: Loaded OHLCV for HAL: shape=(798, 9)
2026-03-31 10:17:11,488 [INFO] backtesting.backtester: Requesting OHLCV for DUK: 2020-11-27 → 2024-01-31 (provider=yahoo, cache_dir=data/cache/ohlcv, ttl=0)
2026-03-31 10:17:11,490 [INFO] backtesting.backtester: Loaded OHLCV for DUK: shape=(798, 9)

=================================================================
  Trend Signal Engine — Quant Research Backtester
=================================================================
  Period        : 2022-01-01  →  2024-01-01
  Tickers       : 300
  Capital       : $100,000
  Max Positions : 10
  Holding       : 5 days
  Slippage      : 5.0 bps
  Commission    : $1.00 / trade
  Min |Signal|  : 0.01
  Signal Mode   : ML ensemble
  Shorts        : OFF
  Regime        : ON
  Sector Cap    : OFF
  Risk          : sizing=equal, max_pos=12%, stop=-3.0%
=================================================================

Phase 1: Downloading data & generating signals [ensemble]…
  [1/300] NVDA… [1/300] NVDA OHLCV window: first_date=2020-11-27, last_date=2024-01-31, n=798
  [2/300] TSLA… [2/300] TSLA OHLCV window: first_date=2020-11-27, last_date=2024-01-31, n=798
  [3/300] MU… [3/300] MU OHLCV window: first_date=2020-11-27, last_date=2024-01-31, n=798
  [4/300] MSFT… [4/300] MSFT OHLCV window: first_date=2020-11-27, last_date=2024-01-31, n=798
  [5/300] SNDK… insufficient data
  [6/300] AAPL… [6/300] AAPL OHLCV window: first_date=2020-11-27, last_date=2024-01-31, n=798
  [7/300] AVGO… [7/300] AVGO OHLCV window: first_date=2020-11-27, last_date=2024-01-31, n=798
  [8/300] AMZN… [8/300] AMZN OHLCV window: first_date=2020-11-27, last_date=2024-01-31, n=798
  [9/300] GOOGL… [9/300] GOOGL OHLCV window: first_date=2020-11-27, last_date=2024-01-31, n=798
  [10/300] META… [10/300] META OHLCV window: first_date=2020-11-27, last_date=2024-01-31, n=798
  [11/300] PLTR… [11/300] PLTR OHLCV window: first_date=2020-11-27, last_date=2024-01-31, n=798
  [12/300] AMD… [12/300] AMD OHLCV window: first_date=2020-11-27, last_date=2024-01-31, n=798
  [13/300] GOOG… [13/300] GOOG OHLCV window: first_date=2020-11-27, last_date=2024-01-31, n=798
  [14/300] LITE… [14/300] LITE OHLCV window: first_date=2020-11-27, last_date=2024-01-31, n=798
  [15/300] NFLX… [15/300] NFLX OHLCV window: first_date=2020-11-27, last_date=2024-01-31, n=798
  [16/300] ORCL… [16/300] ORCL OHLCV window: first_date=2020-11-27, last_date=2024-01-31, n=798
  [17/300] INTC… [17/300] INTC OHLCV window: first_date=2020-11-27, last_date=2024-01-31, n=798
  [18/300] XOM… [18/300] XOM OHLCV window: first_date=2020-11-27, last_date=2024-01-31, n=798
  [19/300] JPM… [19/300] JPM OHLCV window: first_date=2020-11-27, last_date=2024-01-31, n=798
  [20/300] VRT… [20/300] VRT OHLCV window: first_date=2020-11-27, last_date=2024-01-31, n=798
  [21/300] CVX… [21/300] CVX OHLCV window: first_date=2020-11-27, last_date=2024-01-31, n=798
  [22/300] CRM… [22/300] CRM OHLCV window: first_date=2020-11-27, last_date=2024-01-31, n=798
  [23/300] LLY… [23/300] LLY OHLCV window: first_date=2020-11-27, last_date=2024-01-31, n=798
  [24/300] COHR… [24/300] COHR OHLCV window: first_date=2020-11-27, last_date=2024-01-31, n=798
  [25/300] WMT… [25/300] WMT OHLCV window: first_date=2020-11-27, last_date=2024-01-31, n=798
  [26/300] WDC… [26/300] WDC OHLCV window: first_date=2020-11-27, last_date=2024-01-31, n=798
  [27/300] COIN… [27/300] COIN OHLCV window: first_date=2021-04-14, last_date=2024-01-30, n=704
  [28/300] UNH… [28/300] UNH OHLCV window: first_date=2020-11-27, last_date=2024-01-31, n=798
  [29/300] LRCX… [29/300] LRCX OHLCV window: first_date=2020-11-27, last_date=2024-01-31, n=798
  [30/300] AMAT… [30/300] AMAT OHLCV window: first_date=2020-11-27, last_date=2024-01-31, n=798
  [31/300] APP… [31/300] APP OHLCV window: first_date=2021-04-15, last_date=2024-01-30, n=703
  [32/300] BAC… [32/300] BAC OHLCV window: first_date=2020-11-27, last_date=2024-01-31, n=798
  [33/300] V… [33/300] V OHLCV window: first_date=2020-11-27, last_date=2024-01-31, n=798
  [34/300] GEV… insufficient data
  [35/300] GS… [35/300] GS OHLCV window: first_date=2020-11-27, last_date=2024-01-31, n=798
  [36/300] HOOD… [36/300] HOOD OHLCV window: first_date=2021-07-29, last_date=2024-01-30, n=630
insufficient pre-history (<252d before start)
  [37/300] JNJ… [37/300] JNJ OHLCV window: first_date=2020-11-27, last_date=2024-01-31, n=798
  [38/300] CAT… [38/300] CAT OHLCV window: first_date=2020-11-27, last_date=2024-01-31, n=798
  [39/300] NOW… [39/300] NOW OHLCV window: first_date=2020-11-27, last_date=2024-01-31, n=798
  [40/300] GLW… [40/300] GLW OHLCV window: first_date=2020-11-27, last_date=2024-01-31, n=798
  [41/300] INTU… [41/300] INTU OHLCV window: first_date=2020-11-27, last_date=2024-01-31, n=798
  [42/300] CSCO… [42/300] CSCO OHLCV window: first_date=2020-11-27, last_date=2024-01-31, n=798
  [43/300] COST… [43/300] COST OHLCV window: first_date=2020-11-27, last_date=2024-01-31, n=798
  [44/300] BKNG… [44/300] BKNG OHLCV window: first_date=2020-11-27, last_date=2024-01-31, n=798
  [45/300] CRWD… [45/300] CRWD OHLCV window: first_date=2020-11-27, last_date=2024-01-31, n=798
  [46/300] C… [46/300] C OHLCV window: first_date=2020-11-27, last_date=2024-01-31, n=798
  [47/300] PG… [47/300] PG OHLCV window: first_date=2020-11-27, last_date=2024-01-31, n=798
  [48/300] MA… [48/300] MA OHLCV window: first_date=2020-11-27, last_date=2024-01-31, n=798
  [49/300] ADBE… [49/300] ADBE OHLCV window: first_date=2020-11-27, last_date=2024-01-31, n=798
  [50/300] ACN… [50/300] ACN OHLCV window: first_date=2020-11-27, last_date=2024-01-31, n=798
  [51/300] QCOM… [51/300] QCOM OHLCV window: first_date=2020-11-27, last_date=2024-01-31, n=798
  [52/300] GE… [52/300] GE OHLCV window: first_date=2020-11-27, last_date=2024-01-31, n=798
  [53/300] DELL… [53/300] DELL OHLCV window: first_date=2020-11-27, last_date=2024-01-31, n=798
  [54/300] ABBV… [54/300] ABBV OHLCV window: first_date=2020-11-27, last_date=2024-01-31, n=798
  [55/300] WFC… [55/300] WFC OHLCV window: first_date=2020-11-27, last_date=2024-01-31, n=798
  [56/300] BA… [56/300] BA OHLCV window: first_date=2020-11-27, last_date=2024-01-31, n=798
  [57/300] KLAC… [57/300] KLAC OHLCV window: first_date=2020-11-27, last_date=2024-01-31, n=798
  [58/300] IBM… [58/300] IBM OHLCV window: first_date=2020-11-27, last_date=2024-01-31, n=798
  [59/300] HD… [59/300] HD OHLCV window: first_date=2020-11-27, last_date=2024-01-31, n=798
  [60/300] COP… [60/300] COP OHLCV window: first_date=2020-11-27, last_date=2024-01-31, n=798
  [61/300] STX… [61/300] STX OHLCV window: first_date=2020-11-27, last_date=2024-01-31, n=798
  [62/300] UBER… [62/300] UBER OHLCV window: first_date=2020-11-27, last_date=2024-01-31, n=798
  [63/300] LIN… [63/300] LIN OHLCV window: first_date=2020-11-27, last_date=2024-01-31, n=798
  [64/300] VZ… [64/300] VZ OHLCV window: first_date=2020-11-27, last_date=2024-01-31, n=798
  [65/300] APH… [65/300] APH OHLCV window: first_date=2020-11-27, last_date=2024-01-31, n=798
  [66/300] ABT… [66/300] ABT OHLCV window: first_date=2020-11-27, last_date=2024-01-31, n=798
  [67/300] NEM… [67/300] NEM OHLCV window: first_date=2020-11-27, last_date=2024-01-31, n=798
  [68/300] AXP… [68/300] AXP OHLCV window: first_date=2020-11-27, last_date=2024-01-31, n=798
  [69/300] KO… [69/300] KO OHLCV window: first_date=2020-11-27, last_date=2024-01-31, n=798
  [70/300] ADI… [70/300] ADI OHLCV window: first_date=2020-11-27, last_date=2024-01-31, n=798
  [71/300] PANW… [71/300] PANW OHLCV window: first_date=2020-11-27, last_date=2024-01-31, n=798
  [72/300] TXN… [72/300] TXN OHLCV window: first_date=2020-11-27, last_date=2024-01-31, n=798
  [73/300] RTX… [73/300] RTX OHLCV window: first_date=2020-11-27, last_date=2024-01-31, n=798
  [74/300] BX… [74/300] BX OHLCV window: first_date=2020-11-27, last_date=2024-01-31, n=798
  [75/300] T… [75/300] T OHLCV window: first_date=2020-11-27, last_date=2024-01-31, n=798
  [76/300] MRK… [76/300] MRK OHLCV window: first_date=2020-11-27, last_date=2024-01-31, n=798
  [77/300] MS… [77/300] MS OHLCV window: first_date=2020-11-27, last_date=2024-01-31, n=798
  [78/300] CIEN… [78/300] CIEN OHLCV window: first_date=2020-11-27, last_date=2024-01-31, n=798
  [79/300] LMT… [79/300] LMT OHLCV window: first_date=2020-11-27, last_date=2024-01-31, n=7982026-03-31 10:17:11,490 [INFO] backtesting.backtester: Requesting OHLCV for NOC: 2020-11-27 → 2024-01-31 (provider=yahoo, cache_dir=data/cache/ohlcv, ttl=0)
2026-03-31 10:17:11,491 [INFO] backtesting.backtester: Loaded OHLCV for NOC: shape=(798, 9)
2026-03-31 10:17:11,491 [INFO] backtesting.backtester: Requesting OHLCV for GM: 2020-11-27 → 2024-01-31 (provider=yahoo, cache_dir=data/cache/ohlcv, ttl=0)
2026-03-31 10:17:11,493 [INFO] backtesting.backtester: Loaded OHLCV for GM: shape=(798, 9)
2026-03-31 10:17:11,493 [INFO] backtesting.backtester: Requesting OHLCV for CVS: 2020-11-27 → 2024-01-31 (provider=yahoo, cache_dir=data/cache/ohlcv, ttl=0)
2026-03-31 10:17:11,495 [INFO] backtesting.backtester: Loaded OHLCV for CVS: shape=(798, 9)
2026-03-31 10:17:11,495 [INFO] backtesting.backtester: Requesting OHLCV for FIX: 2020-11-27 → 2024-01-31 (provider=yahoo, cache_dir=data/cache/ohlcv, ttl=0)
2026-03-31 10:17:11,496 [INFO] backtesting.backtester: Loaded OHLCV for FIX: shape=(798, 9)
2026-03-31 10:17:11,496 [INFO] backtesting.backtester: Requesting OHLCV for MDLZ: 2020-11-27 → 2024-01-31 (provider=yahoo, cache_dir=data/cache/ohlcv, ttl=0)
2026-03-31 10:17:11,498 [INFO] backtesting.backtester: Loaded OHLCV for MDLZ: shape=(798, 9)
2026-03-31 10:17:11,498 [INFO] backtesting.backtester: Requesting OHLCV for CB: 2020-11-27 → 2024-01-31 (provider=yahoo, cache_dir=data/cache/ohlcv, ttl=0)
2026-03-31 10:17:11,499 [INFO] backtesting.backtester: Loaded OHLCV for CB: shape=(798, 9)
2026-03-31 10:17:11,499 [INFO] backtesting.backtester: Requesting OHLCV for EXPE: 2020-11-27 → 2024-01-31 (provider=yahoo, cache_dir=data/cache/ohlcv, ttl=0)
2026-03-31 10:17:11,501 [INFO] backtesting.backtester: Loaded OHLCV for EXPE: shape=(798, 9)
2026-03-31 10:17:11,501 [INFO] backtesting.backtester: Requesting OHLCV for AMT: 2020-11-27 → 2024-01-31 (provider=yahoo, cache_dir=data/cache/ohlcv, ttl=0)
2026-03-31 10:17:11,502 [INFO] backtesting.backtester: Loaded OHLCV for AMT: shape=(798, 9)
2026-03-31 10:17:11,503 [INFO] backtesting.backtester: Requesting OHLCV for HCA: 2020-11-27 → 2024-01-31 (provider=yahoo, cache_dir=data/cache/ohlcv, ttl=0)
2026-03-31 10:17:11,504 [INFO] backtesting.backtester: Loaded OHLCV for HCA: shape=(798, 9)
2026-03-31 10:17:11,504 [INFO] backtesting.backtester: Requesting OHLCV for CL: 2020-11-27 → 2024-01-31 (provider=yahoo, cache_dir=data/cache/ohlcv, ttl=0)
2026-03-31 10:17:11,505 [INFO] backtesting.backtester: Loaded OHLCV for CL: shape=(798, 9)
2026-03-31 10:17:11,506 [INFO] backtesting.backtester: Requesting OHLCV for HWM: 2020-11-27 → 2024-01-31 (provider=yahoo, cache_dir=data/cache/ohlcv, ttl=0)
2026-03-31 10:17:11,507 [INFO] backtesting.backtester: Loaded OHLCV for HWM: shape=(798, 9)
2026-03-31 10:17:11,507 [INFO] backtesting.backtester: Requesting OHLCV for PNC: 2020-11-27 → 2024-01-31 (provider=yahoo, cache_dir=data/cache/ohlcv, ttl=0)
2026-03-31 10:17:11,508 [INFO] backtesting.backtester: Loaded OHLCV for PNC: shape=(798, 9)
2026-03-31 10:17:11,508 [INFO] backtesting.backtester: Requesting OHLCV for MPWR: 2020-11-27 → 2024-01-31 (provider=yahoo, cache_dir=data/cache/ohlcv, ttl=0)
2026-03-31 10:17:11,510 [INFO] backtesting.backtester: Loaded OHLCV for MPWR: shape=(798, 9)
2026-03-31 10:17:11,510 [INFO] backtesting.backtester: Requesting OHLCV for HLT: 2020-11-27 → 2024-01-31 (provider=yahoo, cache_dir=data/cache/ohlcv, ttl=0)
2026-03-31 10:17:11,511 [INFO] backtesting.backtester: Loaded OHLCV for HLT: shape=(798, 9)
2026-03-31 10:17:11,511 [INFO] backtesting.backtester: Requesting OHLCV for MCHP: 2020-11-27 → 2024-01-31 (provider=yahoo, cache_dir=data/cache/ohlcv, ttl=0)
2026-03-31 10:17:11,513 [INFO] backtesting.backtester: Loaded OHLCV for MCHP: shape=(798, 9)
2026-03-31 10:17:11,513 [INFO] backtesting.backtester: Requesting OHLCV for EQT: 2020-11-27 → 2024-01-31 (provider=yahoo, cache_dir=data/cache/ohlcv, ttl=0)
2026-03-31 10:17:11,514 [INFO] backtesting.backtester: Loaded OHLCV for EQT: shape=(798, 9)
2026-03-31 10:17:11,514 [INFO] backtesting.backtester: Requesting OHLCV for USB: 2020-11-27 → 2024-01-31 (provider=yahoo, cache_dir=data/cache/ohlcv, ttl=0)
2026-03-31 10:17:11,516 [INFO] backtesting.backtester: Loaded OHLCV for USB: shape=(798, 9)
2026-03-31 10:17:11,516 [INFO] backtesting.backtester: Requesting OHLCV for ADSK: 2020-11-27 → 2024-01-31 (provider=yahoo, cache_dir=data/cache/ohlcv, ttl=0)
2026-03-31 10:17:11,517 [INFO] backtesting.backtester: Loaded OHLCV for ADSK: shape=(798, 9)
2026-03-31 10:17:11,517 [INFO] backtesting.backtester: Requesting OHLCV for CMG: 2020-11-27 → 2024-01-31 (provider=yahoo, cache_dir=data/cache/ohlcv, ttl=0)
2026-03-31 10:17:11,519 [INFO] backtesting.backtester: Loaded OHLCV for CMG: shape=(798, 9)
2026-03-31 10:17:11,519 [INFO] backtesting.backtester: Requesting OHLCV for JCI: 2020-11-27 → 2024-01-31 (provider=yahoo, cache_dir=data/cache/ohlcv, ttl=0)
2026-03-31 10:17:11,520 [INFO] backtesting.backtester: Loaded OHLCV for JCI: shape=(798, 9)
2026-03-31 10:17:11,520 [INFO] backtesting.backtester: Requesting OHLCV for TT: 2020-11-27 → 2024-01-31 (provider=yahoo, cache_dir=data/cache/ohlcv, ttl=0)
2026-03-31 10:17:11,522 [INFO] backtesting.backtester: Loaded OHLCV for TT: shape=(798, 9)
2026-03-31 10:17:11,522 [INFO] backtesting.backtester: Requesting OHLCV for ORLY: 2020-11-27 → 2024-01-31 (provider=yahoo, cache_dir=data/cache/ohlcv, ttl=0)
2026-03-31 10:17:11,523 [INFO] backtesting.backtester: Loaded OHLCV for ORLY: shape=(798, 9)
2026-03-31 10:17:11,523 [INFO] backtesting.backtester: Requesting OHLCV for ICE: 2020-11-27 → 2024-01-31 (provider=yahoo, cache_dir=data/cache/ohlcv, ttl=0)
2026-03-31 10:17:11,525 [INFO] backtesting.backtester: Loaded OHLCV for ICE: shape=(798, 9)
2026-03-31 10:17:11,525 [INFO] backtesting.backtester: Requesting OHLCV for SHW: 2020-11-27 → 2024-01-31 (provider=yahoo, cache_dir=data/cache/ohlcv, ttl=0)
2026-03-31 10:17:11,526 [INFO] backtesting.backtester: Loaded OHLCV for SHW: shape=(798, 9)
2026-03-31 10:17:11,526 [INFO] backtesting.backtester: Requesting OHLCV for LHX: 2020-11-27 → 2024-01-31 (provider=yahoo, cache_dir=data/cache/ohlcv, ttl=0)
2026-03-31 10:17:11,528 [INFO] backtesting.backtester: Loaded OHLCV for LHX: shape=(798, 9)
2026-03-31 10:17:11,528 [INFO] backtesting.backtester: Requesting OHLCV for DDOG: 2020-11-27 → 2024-01-31 (provider=yahoo, cache_dir=data/cache/ohlcv, ttl=0)
2026-03-31 10:17:11,529 [INFO] backtesting.backtester: Loaded OHLCV for DDOG: shape=(798, 9)
2026-03-31 10:17:11,529 [INFO] backtesting.backtester: Requesting OHLCV for KR: 2020-11-27 → 2024-01-31 (provider=yahoo, cache_dir=data/cache/ohlcv, ttl=0)
2026-03-31 10:17:11,530 [INFO] backtesting.backtester: Loaded OHLCV for KR: shape=(798, 9)
2026-03-31 10:17:11,530 [INFO] backtesting.backtester: Requesting OHLCV for AZO: 2020-11-27 → 2024-01-31 (provider=yahoo, cache_dir=data/cache/ohlcv, ttl=0)
2026-03-31 10:17:11,532 [INFO] backtesting.backtester: Loaded OHLCV for AZO: shape=(798, 9)
2026-03-31 10:17:11,532 [INFO] backtesting.backtester: Requesting OHLCV for DOW: 2020-11-27 → 2024-01-31 (provider=yahoo, cache_dir=data/cache/ohlcv, ttl=0)
2026-03-31 10:17:11,533 [INFO] backtesting.backtester: Loaded OHLCV for DOW: shape=(798, 9)
2026-03-31 10:17:11,533 [INFO] backtesting.backtester: Requesting OHLCV for WM: 2020-11-27 → 2024-01-31 (provider=yahoo, cache_dir=data/cache/ohlcv, ttl=0)
2026-03-31 10:17:11,535 [INFO] backtesting.backtester: Loaded OHLCV for WM: shape=(798, 9)
2026-03-31 10:17:11,535 [INFO] backtesting.backtester: Requesting OHLCV for ABNB: 2020-11-27 → 2024-01-31 (provider=yahoo, cache_dir=data/cache/ohlcv, ttl=0)
2026-03-31 10:17:11,702 [INFO] backtesting.backtester: Loaded OHLCV for ABNB: shape=(788, 9)
2026-03-31 10:17:11,702 [INFO] backtesting.backtester: Requesting OHLCV for NRG: 2020-11-27 → 2024-01-31 (provider=yahoo, cache_dir=data/cache/ohlcv, ttl=0)
2026-03-31 10:17:11,705 [INFO] backtesting.backtester: Loaded OHLCV for NRG: shape=(798, 9)
2026-03-31 10:17:11,706 [INFO] backtesting.backtester: Requesting OHLCV for SO: 2020-11-27 → 2024-01-31 (provider=yahoo, cache_dir=data/cache/ohlcv, ttl=0)
2026-03-31 10:17:11,708 [INFO] backtesting.backtester: Loaded OHLCV for SO: shape=(798, 9)
2026-03-31 10:17:11,708 [INFO] backtesting.backtester: Requesting OHLCV for NXPI: 2020-11-27 → 2024-01-31 (provider=yahoo, cache_dir=data/cache/ohlcv, ttl=0)
2026-03-31 10:17:11,710 [INFO] backtesting.backtester: Loaded OHLCV for NXPI: shape=(798, 9)
2026-03-31 10:17:11,710 [INFO] backtesting.backtester: Requesting OHLCV for MRSH: 2020-11-27 → 2024-01-31 (provider=yahoo, cache_dir=data/cache/ohlcv, ttl=0)
2026-03-31 10:17:11,712 [INFO] backtesting.backtester: Loaded OHLCV for MRSH: shape=(798, 9)
2026-03-31 10:17:11,712 [INFO] backtesting.backtester: Requesting OHLCV for ZTS: 2020-11-27 → 2024-01-31 (provider=yahoo, cache_dir=data/cache/ohlcv, ttl=0)
2026-03-31 10:17:11,714 [INFO] backtesting.backtester: Loaded OHLCV for ZTS: shape=(798, 9)
2026-03-31 10:17:11,714 [INFO] backtesting.backtester: Requesting OHLCV for ULTA: 2020-11-27 → 2024-01-31 (provider=yahoo, cache_dir=data/cache/ohlcv, ttl=0)
2026-03-31 10:17:11,716 [INFO] backtesting.backtester: Loaded OHLCV for ULTA: shape=(798, 9)
2026-03-31 10:17:11,716 [INFO] backtesting.backtester: Requesting OHLCV for AEP: 2020-11-27 → 2024-01-31 (provider=yahoo, cache_dir=data/cache/ohlcv, ttl=0)
2026-03-31 10:17:11,718 [INFO] backtesting.backtester: Loaded OHLCV for AEP: shape=(798, 9)
2026-03-31 10:17:11,718 [INFO] backtesting.backtester: Requesting OHLCV for CSX: 2020-11-27 → 2024-01-31 (provider=yahoo, cache_dir=data/cache/ohlcv, ttl=0)
2026-03-31 10:17:11,720 [INFO] backtesting.backtester: Loaded OHLCV for CSX: shape=(798, 9)
2026-03-31 10:17:11,720 [INFO] backtesting.backtester: Requesting OHLCV for MSI: 2020-11-27 → 2024-01-31 (provider=yahoo, cache_dir=data/cache/ohlcv, ttl=0)
2026-03-31 10:17:11,722 [INFO] backtesting.backtester: Loaded OHLCV for MSI: shape=(798, 9)
2026-03-31 10:17:11,722 [INFO] backtesting.backtester: Requesting OHLCV for KEYS: 2020-11-27 → 2024-01-31 (provider=yahoo, cache_dir=data/cache/ohlcv, ttl=0)
2026-03-31 10:17:11,723 [INFO] backtesting.backtester: Loaded OHLCV for KEYS: shape=(798, 9)
2026-03-31 10:17:11,723 [INFO] backtesting.backtester: Requesting OHLCV for KMB: 2020-11-27 → 2024-01-31 (provider=yahoo, cache_dir=data/cache/ohlcv, ttl=0)
2026-03-31 10:17:11,725 [INFO] backtesting.backtester: Loaded OHLCV for KMB: shape=(798, 9)
2026-03-31 10:17:11,725 [INFO] backtesting.backtester: Requesting OHLCV for MAR: 2020-11-27 → 2024-01-31 (provider=yahoo, cache_dir=data/cache/ohlcv, ttl=0)
2026-03-31 10:17:11,727 [INFO] backtesting.backtester: Loaded OHLCV for MAR: shape=(798, 9)
2026-03-31 10:17:11,727 [INFO] backtesting.backtester: Requesting OHLCV for FITB: 2020-11-27 → 2024-01-31 (provider=yahoo, cache_dir=data/cache/ohlcv, ttl=0)
2026-03-31 10:17:11,728 [INFO] backtesting.backtester: Loaded OHLCV for FITB: shape=(798, 9)
2026-03-31 10:17:11,729 [INFO] backtesting.backtester: Requesting OHLCV for LULU: 2020-11-27 → 2024-01-31 (provider=yahoo, cache_dir=data/cache/ohlcv, ttl=0)
2026-03-31 10:17:11,730 [INFO] backtesting.backtester: Loaded OHLCV for LULU: shape=(798, 9)
2026-03-31 10:17:11,730 [INFO] backtesting.backtester: Requesting OHLCV for ROP: 2020-11-27 → 2024-01-31 (provider=yahoo, cache_dir=data/cache/ohlcv, ttl=0)
2026-03-31 10:17:11,732 [INFO] backtesting.backtester: Loaded OHLCV for ROP: shape=(798, 9)
2026-03-31 10:17:11,732 [INFO] backtesting.backtester: Requesting OHLCV for MNST: 2020-11-27 → 2024-01-31 (provider=yahoo, cache_dir=data/cache/ohlcv, ttl=0)
2026-03-31 10:17:11,733 [INFO] backtesting.backtester: Loaded OHLCV for MNST: shape=(798, 9)
2026-03-31 10:17:11,733 [INFO] backtesting.backtester: Requesting OHLCV for URI: 2020-11-27 → 2024-01-31 (provider=yahoo, cache_dir=data/cache/ohlcv, ttl=0)
2026-03-31 10:17:11,735 [INFO] backtesting.backtester: Loaded OHLCV for URI: shape=(798, 9)
2026-03-31 10:17:11,735 [INFO] backtesting.backtester: Requesting OHLCV for LYV: 2020-11-27 → 2024-01-31 (provider=yahoo, cache_dir=data/cache/ohlcv, ttl=0)
2026-03-31 10:17:11,736 [INFO] backtesting.backtester: Loaded OHLCV for LYV: shape=(798, 9)
2026-03-31 10:17:11,737 [INFO] backtesting.backtester: Requesting OHLCV for DG: 2020-11-27 → 2024-01-31 (provider=yahoo, cache_dir=data/cache/ohlcv, ttl=0)
2026-03-31 10:17:11,738 [INFO] backtesting.backtester: Loaded OHLCV for DG: shape=(798, 9)
2026-03-31 10:17:11,738 [INFO] backtesting.backtester: Requesting OHLCV for CMI: 2020-11-27 → 2024-01-31 (provider=yahoo, cache_dir=data/cache/ohlcv, ttl=0)
2026-03-31 10:17:11,740 [INFO] backtesting.backtester: Loaded OHLCV for CMI: shape=(798, 9)
2026-03-31 10:17:11,740 [INFO] backtesting.backtester: Requesting OHLCV for CI: 2020-11-27 → 2024-01-31 (provider=yahoo, cache_dir=data/cache/ohlcv, ttl=0)
2026-03-31 10:17:11,741 [INFO] backtesting.backtester: Loaded OHLCV for CI: shape=(798, 9)
2026-03-31 10:17:11,741 [INFO] backtesting.backtester: Requesting OHLCV for AJG: 2020-11-27 → 2024-01-31 (provider=yahoo, cache_dir=data/cache/ohlcv, ttl=0)
2026-03-31 10:17:11,743 [INFO] backtesting.backtester: Loaded OHLCV for AJG: shape=(798, 9)
2026-03-31 10:17:11,743 [INFO] backtesting.backtester: Requesting OHLCV for FTNT: 2020-11-27 → 2024-01-31 (provider=yahoo, cache_dir=data/cache/ohlcv, ttl=0)
2026-03-31 10:17:11,744 [INFO] backtesting.backtester: Loaded OHLCV for FTNT: shape=(798, 9)
2026-03-31 10:17:11,744 [INFO] backtesting.backtester: Requesting OHLCV for NCLH: 2020-11-27 → 2024-01-31 (provider=yahoo, cache_dir=data/cache/ohlcv, ttl=0)
2026-03-31 10:17:11,746 [INFO] backtesting.backtester: Loaded OHLCV for NCLH: shape=(798, 9)
2026-03-31 10:17:11,746 [INFO] backtesting.backtester: Requesting OHLCV for EA: 2020-11-27 → 2024-01-31 (provider=yahoo, cache_dir=data/cache/ohlcv, ttl=0)
2026-03-31 10:17:11,747 [INFO] backtesting.backtester: Loaded OHLCV for EA: shape=(798, 9)
2026-03-31 10:17:11,747 [INFO] backtesting.backtester: Requesting OHLCV for ARES: 2020-11-27 → 2024-01-31 (provider=yahoo, cache_dir=data/cache/ohlcv, ttl=0)
2026-03-31 10:17:11,748 [INFO] backtesting.backtester: Loaded OHLCV for ARES: shape=(798, 9)
2026-03-31 10:17:11,749 [INFO] backtesting.backtester: Requesting OHLCV for AKAM: 2020-11-27 → 2024-01-31 (provider=yahoo, cache_dir=data/cache/ohlcv, ttl=0)
2026-03-31 10:17:11,750 [INFO] backtesting.backtester: Loaded OHLCV for AKAM: shape=(798, 9)
2026-03-31 10:17:11,750 [INFO] backtesting.backtester: Requesting OHLCV for WMB: 2020-11-27 → 2024-01-31 (provider=yahoo, cache_dir=data/cache/ohlcv, ttl=0)
2026-03-31 10:17:11,751 [INFO] backtesting.backtester: Loaded OHLCV for WMB: shape=(798, 9)
2026-03-31 10:17:11,751 [INFO] backtesting.backtester: Requesting OHLCV for TDG: 2020-11-27 → 2024-01-31 (provider=yahoo, cache_dir=data/cache/ohlcv, ttl=0)
2026-03-31 10:17:11,753 [INFO] backtesting.backtester: Loaded OHLCV for TDG: shape=(798, 9)
2026-03-31 10:17:11,753 [INFO] backtesting.backtester: Requesting OHLCV for COR: 2020-11-27 → 2024-01-31 (provider=yahoo, cache_dir=data/cache/ohlcv, ttl=0)
2026-03-31 10:17:11,754 [INFO] backtesting.backtester: Loaded OHLCV for COR: shape=(798, 9)
2026-03-31 10:17:11,754 [INFO] backtesting.backtester: Requesting OHLCV for PLD: 2020-11-27 → 2024-01-31 (provider=yahoo, cache_dir=data/cache/ohlcv, ttl=0)
2026-03-31 10:17:11,756 [INFO] backtesting.backtester: Loaded OHLCV for PLD: shape=(798, 9)
2026-03-31 10:17:11,756 [INFO] backtesting.backtester: Requesting OHLCV for TEL: 2020-11-27 → 2024-01-31 (provider=yahoo, cache_dir=data/cache/ohlcv, ttl=0)
2026-03-31 10:17:11,757 [INFO] backtesting.backtester: Loaded OHLCV for TEL: shape=(798, 9)
2026-03-31 10:17:11,757 [INFO] backtesting.backtester: Requesting OHLCV for CTAS: 2020-11-27 → 2024-01-31 (provider=yahoo, cache_dir=data/cache/ohlcv, ttl=0)
2026-03-31 10:17:11,759 [INFO] backtesting.backtester: Loaded OHLCV for CTAS: shape=(798, 9)
2026-03-31 10:17:11,759 [INFO] backtesting.backtester: Requesting OHLCV for AXON: 2020-11-27 → 2024-01-31 (provider=yahoo, cache_dir=data/cache/ohlcv, ttl=0)
2026-03-31 10:17:11,760 [INFO] backtesting.backtester: Loaded OHLCV for AXON: shape=(798, 9)
2026-03-31 10:17:11,760 [INFO] backtesting.backtester: Requesting OHLCV for KMI: 2020-11-27 → 2024-01-31 (provider=yahoo, cache_dir=data/cache/ohlcv, ttl=0)
2026-03-31 10:17:11,761 [INFO] backtesting.backtester: Loaded OHLCV for KMI: shape=(798, 9)
2026-03-31 10:17:11,761 [INFO] backtesting.backtester: Requesting OHLCV for MRNA: 2020-11-27 → 2024-01-31 (provider=yahoo, cache_dir=data/cache/ohlcv, ttl=0)
2026-03-31 10:17:11,763 [INFO] backtesting.backtester: Loaded OHLCV for MRNA: shape=(798, 9)
2026-03-31 10:17:11,763 [INFO] backtesting.backtester: Requesting OHLCV for ECL: 2020-11-27 → 2024-01-31 (provider=yahoo, cache_dir=data/cache/ohlcv, ttl=0)
2026-03-31 10:17:11,764 [INFO] backtesting.backtester: Loaded OHLCV for ECL: shape=(798, 9)
2026-03-31 10:17:11,764 [INFO] backtesting.backtester: Requesting OHLCV for EL: 2020-11-27 → 2024-01-31 (provider=yahoo, cache_dir=data/cache/ohlcv, ttl=0)
2026-03-31 10:17:11,766 [INFO] backtesting.backtester: Loaded OHLCV for EL: shape=(798, 9)
2026-03-31 10:17:11,766 [INFO] backtesting.backtester: Requesting OHLCV for EXC: 2020-11-27 → 2024-01-31 (provider=yahoo, cache_dir=data/cache/ohlcv, ttl=0)
2026-03-31 10:17:11,767 [INFO] backtesting.backtester: Loaded OHLCV for EXC: shape=(798, 9)
2026-03-31 10:17:11,767 [INFO] backtesting.backtester: Requesting OHLCV for FICO: 2020-11-27 → 2024-01-31 (provider=yahoo, cache_dir=data/cache/ohlcv, ttl=0)
2026-03-31 10:17:11,769 [INFO] backtesting.backtester: Loaded OHLCV for FICO: shape=(798, 9)
2026-03-31 10:17:11,769 [INFO] backtesting.backtester: Requesting OHLCV for REGN: 2020-11-27 → 2024-01-31 (provider=yahoo, cache_dir=data/cache/ohlcv, ttl=0)
2026-03-31 10:17:11,770 [INFO] backtesting.backtester: Loaded OHLCV for REGN: shape=(798, 9)
2026-03-31 10:17:11,770 [INFO] backtesting.backtester: Requesting OHLCV for OKE: 2020-11-27 → 2024-01-31 (provider=yahoo, cache_dir=data/cache/ohlcv, ttl=0)
2026-03-31 10:17:11,771 [INFO] backtesting.backtester: Loaded OHLCV for OKE: shape=(798, 9)
2026-03-31 10:17:11,771 [INFO] backtesting.backtester: Requesting OHLCV for HBAN: 2020-11-27 → 2024-01-31 (provider=yahoo, cache_dir=data/cache/ohlcv, ttl=0)
2026-03-31 10:17:11,773 [INFO] backtesting.backtester: Loaded OHLCV for HBAN: shape=(798, 9)
2026-03-31 10:17:11,773 [INFO] backtesting.backtester: Requesting OHLCV for AON: 2020-11-27 → 2024-01-31 (provider=yahoo, cache_dir=data/cache/ohlcv, ttl=0)
2026-03-31 10:17:11,774 [INFO] backtesting.backtester: Loaded OHLCV for AON: shape=(798, 9)
2026-03-31 10:17:11,774 [INFO] backtesting.backtester: Requesting OHLCV for HPE: 2020-11-27 → 2024-01-31 (provider=yahoo, cache_dir=data/cache/ohlcv, ttl=0)
2026-03-31 10:17:11,776 [INFO] backtesting.backtester: Loaded OHLCV for HPE: shape=(798, 9)
2026-03-31 10:17:11,776 [INFO] backtesting.backtester: Requesting OHLCV for GD: 2020-11-27 → 2024-01-31 (provider=yahoo, cache_dir=data/cache/ohlcv, ttl=0)
2026-03-31 10:17:11,777 [INFO] backtesting.backtester: Loaded OHLCV for GD: shape=(798, 9)
2026-03-31 10:17:11,777 [INFO] backtesting.backtester: Requesting OHLCV for TRV: 2020-11-27 → 2024-01-31 (provider=yahoo, cache_dir=data/cache/ohlcv, ttl=0)
2026-03-31 10:17:11,778 [INFO] backtesting.backtester: Loaded OHLCV for TRV: shape=(798, 9)
2026-03-31 10:17:11,779 [INFO] backtesting.backtester: Requesting OHLCV for EBAY: 2020-11-27 → 2024-01-31 (provider=yahoo, cache_dir=data/cache/ohlcv, ttl=0)
2026-03-31 10:17:11,780 [INFO] backtesting.backtester: Loaded OHLCV for EBAY: shape=(798, 9)
2026-03-31 10:17:11,780 [INFO] backtesting.backtester: Requesting OHLCV for ODFL: 2020-11-27 → 2024-01-31 (provider=yahoo, cache_dir=data/cache/ohlcv, ttl=0)
2026-03-31 10:17:11,781 [INFO] backtesting.backtester: Loaded OHLCV for ODFL: shape=(798, 9)
2026-03-31 10:17:11,781 [INFO] backtesting.backtester: Requesting OHLCV for KVUE: 2020-11-27 → 2024-01-31 (provider=yahoo, cache_dir=data/cache/ohlcv, ttl=0)
2026-03-31 10:17:11,875 [INFO] backtesting.backtester: Loaded OHLCV for KVUE: shape=(186, 9)
2026-03-31 10:17:11,875 [WARNING] backtesting.backtester: Skipping KVUE due to insufficient data (len=186 < 210 bars)
2026-03-31 10:17:11,875 [INFO] backtesting.backtester: Requesting OHLCV for EXE: 2020-11-27 → 2024-01-31 (provider=yahoo, cache_dir=data/cache/ohlcv, ttl=0)
2026-03-31 10:17:12,012 [INFO] backtesting.backtester: Loaded OHLCV for EXE: shape=(747, 9)
2026-03-31 10:17:12,012 [INFO] backtesting.backtester: Requesting OHLCV for TFC: 2020-11-27 → 2024-01-31 (provider=yahoo, cache_dir=data/cache/ohlcv, ttl=0)
2026-03-31 10:17:12,016 [INFO] backtesting.backtester: Loaded OHLCV for TFC: shape=(798, 9)
2026-03-31 10:17:12,016 [INFO] backtesting.backtester: Requesting OHLCV for ON: 2020-11-27 → 2024-01-31 (provider=yahoo, cache_dir=data/cache/ohlcv, ttl=0)
2026-03-31 10:17:12,018 [INFO] backtesting.backtester: Loaded OHLCV for ON: shape=(798, 9)

  [80/300] OXY… [80/300] OXY OHLCV window: first_date=2020-11-27, last_date=2024-01-31, n=798
  [81/300] DIS… [81/300] DIS OHLCV window: first_date=2020-11-27, last_date=2024-01-31, n=798
  [82/300] FCX… [82/300] FCX OHLCV window: first_date=2020-11-27, last_date=2024-01-31, n=798
  [83/300] TMUS… [83/300] TMUS OHLCV window: first_date=2020-11-27, last_date=2024-01-31, n=798
  [84/300] SMCI… [84/300] SMCI OHLCV window: first_date=2020-11-27, last_date=2024-01-31, n=798
  [85/300] PFE… [85/300] PFE OHLCV window: first_date=2020-11-27, last_date=2024-01-31, n=798
  [86/300] CMCSA… [86/300] CMCSA OHLCV window: first_date=2020-11-27, last_date=2024-01-31, n=798
  [87/300] VLO… [87/300] VLO OHLCV window: first_date=2020-11-27, last_date=2024-01-31, n=798
  [88/300] TER… [88/300] TER OHLCV window: first_date=2020-11-27, last_date=2024-01-31, n=798
  [89/300] COF… [89/300] COF OHLCV window: first_date=2020-11-27, last_date=2024-01-31, n=798
  [90/300] TMO… [90/300] TMO OHLCV window: first_date=2020-11-27, last_date=2024-01-31, n=798
  [91/300] MCD… [91/300] MCD OHLCV window: first_date=2020-11-27, last_date=2024-01-31, n=798
  [92/300] PEP… [92/300] PEP OHLCV window: first_date=2020-11-27, last_date=2024-01-31, n=798
  [93/300] SLB… [93/300] SLB OHLCV window: first_date=2020-11-27, last_date=2024-01-31, n=798
  [94/300] BLK… [94/300] BLK OHLCV window: first_date=2020-11-27, last_date=2024-01-31, n=798
  [95/300] SNPS… [95/300] SNPS OHLCV window: first_date=2020-11-27, last_date=2024-01-31, n=798
  [96/300] NEE… [96/300] NEE OHLCV window: first_date=2020-11-27, last_date=2024-01-31, n=798
  [97/300] SPGI… [97/300] SPGI OHLCV window: first_date=2020-11-27, last_date=2024-01-31, n=798
  [98/300] AMGN… [98/300] AMGN OHLCV window: first_date=2020-11-27, last_date=2024-01-31, n=798
  [99/300] ETN… [99/300] ETN OHLCV window: first_date=2020-11-27, last_date=2024-01-31, n=798
  [100/300] DAL… [100/300] DAL OHLCV window: first_date=2020-11-27, last_date=2024-01-31, n=798
  [101/300] GILD… [101/300] GILD OHLCV window: first_date=2020-11-27, last_date=2024-01-31, n=798
  [102/300] HON… [102/300] HON OHLCV window: first_date=2020-11-27, last_date=2024-01-31, n=798
  [103/300] CEG… [103/300] CEG OHLCV window: first_date=2022-01-19, last_date=2024-01-30, n=510
insufficient pre-history (<252d before start)
  [104/300] ADP… [104/300] ADP OHLCV window: first_date=2020-11-27, last_date=2024-01-31, n=798
  [105/300] BSX… [105/300] BSX OHLCV window: first_date=2020-11-27, last_date=2024-01-31, n=798
  [106/300] PYPL… [106/300] PYPL OHLCV window: first_date=2020-11-27, last_date=2024-01-31, n=798
  [107/300] PM… [107/300] PM OHLCV window: first_date=2020-11-27, last_date=2024-01-31, n=798
  [108/300] CVNA… [108/300] CVNA OHLCV window: first_date=2020-11-27, last_date=2024-01-31, n=798
  [109/300] UAL… [109/300] UAL OHLCV window: first_date=2020-11-27, last_date=2024-01-31, n=798
  [110/300] NKE… [110/300] NKE OHLCV window: first_date=2020-11-27, last_date=2024-01-31, n=798
  [111/300] ANET… [111/300] ANET OHLCV window: first_date=2020-11-27, last_date=2024-01-31, n=798
  [112/300] DVN… [112/300] DVN OHLCV window: first_date=2020-11-27, last_date=2024-01-31, n=798
  [113/300] BMY… [113/300] BMY OHLCV window: first_date=2020-11-27, last_date=2024-01-31, n=798
  [114/300] CF… [114/300] CF OHLCV window: first_date=2020-11-27, last_date=2024-01-31, n=798
  [115/300] SCHW… [115/300] SCHW OHLCV window: first_date=2020-11-27, last_date=2024-01-31, n=798
  [116/300] SATS… [116/300] SATS OHLCV window: first_date=2020-11-27, last_date=2024-01-31, n=798
  [117/300] WBD… [117/300] WBD OHLCV window: first_date=2020-11-27, last_date=2024-01-31, n=798
  [118/300] PH… [118/300] PH OHLCV window: first_date=2020-11-27, last_date=2024-01-31, n=798
  [119/300] EOG… [119/300] EOG OHLCV window: first_date=2020-11-27, last_date=2024-01-31, n=798
  [120/300] KKR… [120/300] KKR OHLCV window: first_date=2020-11-27, last_date=2024-01-31, n=798
  [121/300] TGT… [121/300] TGT OHLCV window: first_date=2020-11-27, last_date=2024-01-31, n=798
  [122/300] RCL… [122/300] RCL OHLCV window: first_date=2020-11-27, last_date=2024-01-31, n=798
  [123/300] SBUX… [123/300] SBUX OHLCV window: first_date=2020-11-27, last_date=2024-01-31, n=798
  [124/300] DE… [124/300] DE OHLCV window: first_date=2020-11-27, last_date=2024-01-31, n=798
  [125/300] FDX… [125/300] FDX OHLCV window: first_date=2020-11-27, last_date=2024-01-31, n=798
  [126/300] F… [126/300] F OHLCV window: first_date=2020-11-27, last_date=2024-01-31, n=798
  [127/300] CCL… [127/300] CCL OHLCV window: first_date=2020-11-27, last_date=2024-01-31, n=798
  [128/300] ISRG… [128/300] ISRG OHLCV window: first_date=2020-11-27, last_date=2024-01-31, n=798
  [129/300] VST… [129/300] VST OHLCV window: first_date=2020-11-27, last_date=2024-01-31, n=798
  [130/300] DHR… [130/300] DHR OHLCV window: first_date=2020-11-27, last_date=2024-01-31, n=798
  [131/300] UPS… [131/300] UPS OHLCV window: first_date=2020-11-27, last_date=2024-01-31, n=798
  [132/300] SYK… [132/300] SYK OHLCV window: first_date=2020-11-27, last_date=2024-01-31, n=798
  [133/300] WDAY… [133/300] WDAY OHLCV window: first_date=2020-11-27, last_date=2024-01-31, n=798
  [134/300] APO… [134/300] APO OHLCV window: first_date=2020-11-27, last_date=2024-01-31, n=798
  [135/300] TJX… [135/300] TJX OHLCV window: first_date=2020-11-27, last_date=2024-01-31, n=798
  [136/300] UNP… [136/300] UNP OHLCV window: first_date=2020-11-27, last_date=2024-01-31, n=798
  [137/300] ELV… [137/300] ELV OHLCV window: first_date=2020-11-27, last_date=2024-01-31, n=798
  [138/300] MPC… [138/300] MPC OHLCV window: first_date=2020-11-27, last_date=2024-01-31, n=798
  [139/300] MDT… [139/300] MDT OHLCV window: first_date=2020-11-27, last_date=2024-01-31, n=798
  [140/300] CME… [140/300] CME OHLCV window: first_date=2020-11-27, last_date=2024-01-31, n=798
  [141/300] CDNS… [141/300] CDNS OHLCV window: first_date=2020-11-27, last_date=2024-01-31, n=798
  [142/300] FANG… [142/300] FANG OHLCV window: first_date=2020-11-27, last_date=2024-01-31, n=798
  [143/300] MCK… [143/300] MCK OHLCV window: first_date=2020-11-27, last_date=2024-01-31, n=798
  [144/300] LYB… [144/300] LYB OHLCV window: first_date=2020-11-27, last_date=2024-01-31, n=798
  [145/300] WELL… [145/300] WELL OHLCV window: first_date=2020-11-27, last_date=2024-01-31, n=798
  [146/300] BKR… [146/300] BKR OHLCV window: first_date=2020-11-27, last_date=2024-01-31, n=798
  [147/300] MMM… [147/300] MMM OHLCV window: first_date=2020-11-27, last_date=2024-01-31, n=798
  [148/300] VRTX… [148/300] VRTX OHLCV window: first_date=2020-11-27, last_date=2024-01-31, n=798
  [149/300] MO… [149/300] MO OHLCV window: first_date=2020-11-27, last_date=2024-01-31, n=798
  [150/300] MCO… [150/300] MCO OHLCV window: first_date=2020-11-27, last_date=2024-01-31, n=798
  [151/300] LOW… [151/300] LOW OHLCV window: first_date=2020-11-27, last_date=2024-01-31, n=798
  [152/300] PGR… [152/300] PGR OHLCV window: first_date=2020-11-27, last_date=2024-01-31, n=798
  [153/300] CRH… [153/300] CRH OHLCV window: first_date=2020-11-27, last_date=2024-01-31, n=798
  [154/300] PWR… [154/300] PWR OHLCV window: first_date=2020-11-27, last_date=2024-01-31, n=798
  [155/300] XYZ… [155/300] XYZ OHLCV window: first_date=2020-11-27, last_date=2024-01-31, n=798
  [156/300] PSX… [156/300] PSX OHLCV window: first_date=2020-11-27, last_date=2024-01-31, n=798
  [157/300] ROST… [157/300] ROST OHLCV window: first_date=2020-11-27, last_date=2024-01-31, n=798
  [158/300] DASH… [158/300] DASH OHLCV window: first_date=2020-12-09, last_date=2024-01-30, n=789
  [159/300] EQIX… [159/300] EQIX OHLCV window: first_date=2020-11-27, last_date=2024-01-31, n=798
  [160/300] TTD… [160/300] TTD OHLCV window: first_date=2020-11-27, last_date=2024-01-31, n=798
  [161/300] HAL… [161/300] HAL OHLCV window: first_date=2020-11-27, last_date=2024-01-31, n=798
  [162/300] DUK… [162/300] DUK OHLCV window: first_date=2020-11-27, last_date=2024-01-31, n=798
  [163/300] NOC… 2026-03-31 10:17:12,018 [INFO] backtesting.backtester: Requesting OHLCV for PCG: 2020-11-27 → 2024-01-31 (provider=yahoo, cache_dir=data/cache/ohlcv, ttl=0)
2026-03-31 10:17:12,020 [INFO] backtesting.backtester: Loaded OHLCV for PCG: shape=(798, 9)
2026-03-31 10:17:12,020 [INFO] backtesting.backtester: Requesting OHLCV for LUV: 2020-11-27 → 2024-01-31 (provider=yahoo, cache_dir=data/cache/ohlcv, ttl=0)
2026-03-31 10:17:12,022 [INFO] backtesting.backtester: Loaded OHLCV for LUV: shape=(798, 9)
2026-03-31 10:17:12,023 [INFO] backtesting.backtester: Requesting OHLCV for BDX: 2020-11-27 → 2024-01-31 (provider=yahoo, cache_dir=data/cache/ohlcv, ttl=0)
2026-03-31 10:17:12,025 [INFO] backtesting.backtester: Loaded OHLCV for BDX: shape=(798, 9)
2026-03-31 10:17:12,025 [INFO] backtesting.backtester: Requesting OHLCV for O: 2020-11-27 → 2024-01-31 (provider=yahoo, cache_dir=data/cache/ohlcv, ttl=0)
2026-03-31 10:17:12,027 [INFO] backtesting.backtester: Loaded OHLCV for O: shape=(798, 9)
2026-03-31 10:17:12,027 [INFO] backtesting.backtester: Requesting OHLCV for PAYX: 2020-11-27 → 2024-01-31 (provider=yahoo, cache_dir=data/cache/ohlcv, ttl=0)
2026-03-31 10:17:12,029 [INFO] backtesting.backtester: Loaded OHLCV for PAYX: shape=(798, 9)
2026-03-31 10:17:12,029 [INFO] backtesting.backtester: Requesting OHLCV for CTSH: 2020-11-27 → 2024-01-31 (provider=yahoo, cache_dir=data/cache/ohlcv, ttl=0)
2026-03-31 10:17:12,031 [INFO] backtesting.backtester: Loaded OHLCV for CTSH: shape=(798, 9)
2026-03-31 10:17:12,031 [INFO] backtesting.backtester: Requesting OHLCV for CAH: 2020-11-27 → 2024-01-31 (provider=yahoo, cache_dir=data/cache/ohlcv, ttl=0)
2026-03-31 10:17:12,033 [INFO] backtesting.backtester: Loaded OHLCV for CAH: shape=(798, 9)
2026-03-31 10:17:12,033 [INFO] backtesting.backtester: Requesting OHLCV for RF: 2020-11-27 → 2024-01-31 (provider=yahoo, cache_dir=data/cache/ohlcv, ttl=0)
2026-03-31 10:17:12,035 [INFO] backtesting.backtester: Loaded OHLCV for RF: shape=(798, 9)
2026-03-31 10:17:12,035 [INFO] backtesting.backtester: Requesting OHLCV for APD: 2020-11-27 → 2024-01-31 (provider=yahoo, cache_dir=data/cache/ohlcv, ttl=0)
2026-03-31 10:17:12,037 [INFO] backtesting.backtester: Loaded OHLCV for APD: shape=(798, 9)
2026-03-31 10:17:12,037 [INFO] backtesting.backtester: Requesting OHLCV for TTWO: 2020-11-27 → 2024-01-31 (provider=yahoo, cache_dir=data/cache/ohlcv, ttl=0)
2026-03-31 10:17:12,039 [INFO] backtesting.backtester: Loaded OHLCV for TTWO: shape=(798, 9)
2026-03-31 10:17:12,039 [INFO] backtesting.backtester: Requesting OHLCV for VMC: 2020-11-27 → 2024-01-31 (provider=yahoo, cache_dir=data/cache/ohlcv, ttl=0)
2026-03-31 10:17:12,041 [INFO] backtesting.backtester: Loaded OHLCV for VMC: shape=(798, 9)
2026-03-31 10:17:12,041 [INFO] backtesting.backtester: Requesting OHLCV for BK: 2020-11-27 → 2024-01-31 (provider=yahoo, cache_dir=data/cache/ohlcv, ttl=0)
2026-03-31 10:17:12,042 [INFO] backtesting.backtester: Loaded OHLCV for BK: shape=(798, 9)
2026-03-31 10:17:12,042 [INFO] backtesting.backtester: Requesting OHLCV for GIS: 2020-11-27 → 2024-01-31 (provider=yahoo, cache_dir=data/cache/ohlcv, ttl=0)
2026-03-31 10:17:12,044 [INFO] backtesting.backtester: Loaded OHLCV for GIS: shape=(798, 9)
2026-03-31 10:17:12,044 [INFO] backtesting.backtester: Requesting OHLCV for EMR: 2020-11-27 → 2024-01-31 (provider=yahoo, cache_dir=data/cache/ohlcv, ttl=0)
2026-03-31 10:17:12,046 [INFO] backtesting.backtester: Loaded OHLCV for EMR: shape=(798, 9)
2026-03-31 10:17:12,046 [INFO] backtesting.backtester: Requesting OHLCV for DPZ: 2020-11-27 → 2024-01-31 (provider=yahoo, cache_dir=data/cache/ohlcv, ttl=0)
2026-03-31 10:17:12,047 [INFO] backtesting.backtester: Loaded OHLCV for DPZ: shape=(798, 9)
2026-03-31 10:17:12,047 [INFO] backtesting.backtester: Requesting OHLCV for CTRA: 2020-11-27 → 2024-01-31 (provider=yahoo, cache_dir=data/cache/ohlcv, ttl=0)
2026-03-31 10:17:12,049 [INFO] backtesting.backtester: Loaded OHLCV for CTRA: shape=(798, 9)
2026-03-31 10:17:12,049 [INFO] backtesting.backtester: Requesting OHLCV for KHC: 2020-11-27 → 2024-01-31 (provider=yahoo, cache_dir=data/cache/ohlcv, ttl=0)
2026-03-31 10:17:12,050 [INFO] backtesting.backtester: Loaded OHLCV for KHC: shape=(798, 9)
2026-03-31 10:17:12,050 [INFO] backtesting.backtester: Requesting OHLCV for VRSK: 2020-11-27 → 2024-01-31 (provider=yahoo, cache_dir=data/cache/ohlcv, ttl=0)
2026-03-31 10:17:12,052 [INFO] backtesting.backtester: Loaded OHLCV for VRSK: shape=(798, 9)
2026-03-31 10:17:12,052 [INFO] backtesting.backtester: Requesting OHLCV for PSA: 2020-11-27 → 2024-01-31 (provider=yahoo, cache_dir=data/cache/ohlcv, ttl=0)
2026-03-31 10:17:12,053 [INFO] backtesting.backtester: Loaded OHLCV for PSA: shape=(798, 9)
2026-03-31 10:17:12,053 [INFO] backtesting.backtester: Requesting OHLCV for DHI: 2020-11-27 → 2024-01-31 (provider=yahoo, cache_dir=data/cache/ohlcv, ttl=0)
2026-03-31 10:17:12,055 [INFO] backtesting.backtester: Loaded OHLCV for DHI: shape=(798, 9)
2026-03-31 10:17:12,055 [INFO] backtesting.backtester: Requesting OHLCV for OMC: 2020-11-27 → 2024-01-31 (provider=yahoo, cache_dir=data/cache/ohlcv, ttl=0)
2026-03-31 10:17:12,056 [INFO] backtesting.backtester: Loaded OHLCV for OMC: shape=(798, 9)
2026-03-31 10:17:12,056 [INFO] backtesting.backtester: Requesting OHLCV for FSLR: 2020-11-27 → 2024-01-31 (provider=yahoo, cache_dir=data/cache/ohlcv, ttl=0)
2026-03-31 10:17:12,058 [INFO] backtesting.backtester: Loaded OHLCV for FSLR: shape=(798, 9)
2026-03-31 10:17:12,058 [INFO] backtesting.backtester: Requesting OHLCV for TRGP: 2020-11-27 → 2024-01-31 (provider=yahoo, cache_dir=data/cache/ohlcv, ttl=0)
2026-03-31 10:17:12,059 [INFO] backtesting.backtester: Loaded OHLCV for TRGP: shape=(798, 9)
2026-03-31 10:17:12,059 [INFO] backtesting.backtester: Requesting OHLCV for CARR: 2020-11-27 → 2024-01-31 (provider=yahoo, cache_dir=data/cache/ohlcv, ttl=0)
2026-03-31 10:17:12,061 [INFO] backtesting.backtester: Loaded OHLCV for CARR: shape=(798, 9)
2026-03-31 10:17:12,061 [INFO] backtesting.backtester: Requesting OHLCV for NSC: 2020-11-27 → 2024-01-31 (provider=yahoo, cache_dir=data/cache/ohlcv, ttl=0)
2026-03-31 10:17:12,062 [INFO] backtesting.backtester: Loaded OHLCV for NSC: shape=(798, 9)
2026-03-31 10:17:12,062 [INFO] backtesting.backtester: Requesting OHLCV for EW: 2020-11-27 → 2024-01-31 (provider=yahoo, cache_dir=data/cache/ohlcv, ttl=0)
2026-03-31 10:17:12,064 [INFO] backtesting.backtester: Loaded OHLCV for EW: shape=(798, 9)
2026-03-31 10:17:12,064 [INFO] backtesting.backtester: Requesting OHLCV for ROK: 2020-11-27 → 2024-01-31 (provider=yahoo, cache_dir=data/cache/ohlcv, ttl=0)
2026-03-31 10:17:12,065 [INFO] backtesting.backtester: Loaded OHLCV for ROK: shape=(798, 9)
2026-03-31 10:17:12,065 [INFO] backtesting.backtester: Requesting OHLCV for FISV: 2020-11-27 → 2024-01-31 (provider=yahoo, cache_dir=data/cache/ohlcv, ttl=0)
2026-03-31 10:17:12,067 [INFO] backtesting.backtester: Loaded OHLCV for FISV: shape=(798, 9)
2026-03-31 10:17:12,067 [INFO] backtesting.backtester: Requesting OHLCV for FAST: 2020-11-27 → 2024-01-31 (provider=yahoo, cache_dir=data/cache/ohlcv, ttl=0)
2026-03-31 10:17:12,068 [INFO] backtesting.backtester: Loaded OHLCV for FAST: shape=(798, 9)
2026-03-31 10:17:12,068 [INFO] backtesting.backtester: Requesting OHLCV for MLM: 2020-11-27 → 2024-01-31 (provider=yahoo, cache_dir=data/cache/ohlcv, ttl=0)
2026-03-31 10:17:12,069 [INFO] backtesting.backtester: Loaded OHLCV for MLM: shape=(798, 9)
2026-03-31 10:17:12,069 [INFO] backtesting.backtester: Requesting OHLCV for HSY: 2020-11-27 → 2024-01-31 (provider=yahoo, cache_dir=data/cache/ohlcv, ttl=0)
2026-03-31 10:17:12,071 [INFO] backtesting.backtester: Loaded OHLCV for HSY: shape=(798, 9)
2026-03-31 10:17:12,071 [INFO] backtesting.backtester: Requesting OHLCV for ITW: 2020-11-27 → 2024-01-31 (provider=yahoo, cache_dir=data/cache/ohlcv, ttl=0)
2026-03-31 10:17:12,072 [INFO] backtesting.backtester: Loaded OHLCV for ITW: shape=(798, 9)
2026-03-31 10:17:12,072 [INFO] backtesting.backtester: Requesting OHLCV for XEL: 2020-11-27 → 2024-01-31 (provider=yahoo, cache_dir=data/cache/ohlcv, ttl=0)
2026-03-31 10:17:12,074 [INFO] backtesting.backtester: Loaded OHLCV for XEL: shape=(798, 9)
2026-03-31 10:17:12,074 [INFO] backtesting.backtester: Requesting OHLCV for APA: 2020-11-27 → 2024-01-31 (provider=yahoo, cache_dir=data/cache/ohlcv, ttl=0)
2026-03-31 10:17:12,076 [INFO] backtesting.backtester: Loaded OHLCV for APA: shape=(798, 9)
2026-03-31 10:17:12,076 [INFO] backtesting.backtester: Requesting OHLCV for WAT: 2020-11-27 → 2024-01-31 (provider=yahoo, cache_dir=data/cache/ohlcv, ttl=0)
2026-03-31 10:17:12,078 [INFO] backtesting.backtester: Loaded OHLCV for WAT: shape=(798, 9)
2026-03-31 10:17:12,078 [INFO] backtesting.backtester: Requesting OHLCV for JBL: 2020-11-27 → 2024-01-31 (provider=yahoo, cache_dir=data/cache/ohlcv, ttl=0)
2026-03-31 10:17:12,080 [INFO] backtesting.backtester: Loaded OHLCV for JBL: shape=(798, 9)
2026-03-31 10:17:12,080 [INFO] backtesting.backtester: Requesting OHLCV for PCAR: 2020-11-27 → 2024-01-31 (provider=yahoo, cache_dir=data/cache/ohlcv, ttl=0)
2026-03-31 10:17:12,081 [INFO] backtesting.backtester: Loaded OHLCV for PCAR: shape=(798, 9)
2026-03-31 10:17:12,081 [INFO] backtesting.backtester: Requesting OHLCV for ALB: 2020-11-27 → 2024-01-31 (provider=yahoo, cache_dir=data/cache/ohlcv, ttl=0)
2026-03-31 10:17:12,083 [INFO] backtesting.backtester: Loaded OHLCV for ALB: shape=(798, 9)
2026-03-31 10:17:12,083 [INFO] backtesting.backtester: Requesting OHLCV for AIG: 2020-11-27 → 2024-01-31 (provider=yahoo, cache_dir=data/cache/ohlcv, ttl=0)
2026-03-31 10:17:12,085 [INFO] backtesting.backtester: Loaded OHLCV for AIG: shape=(798, 9)
2026-03-31 10:17:12,085 [INFO] backtesting.backtester: Requesting OHLCV for BBY: 2020-11-27 → 2024-01-31 (provider=yahoo, cache_dir=data/cache/ohlcv, ttl=0)
2026-03-31 10:17:12,086 [INFO] backtesting.backtester: Loaded OHLCV for BBY: shape=(798, 9)
2026-03-31 10:17:12,086 [INFO] backtesting.backtester: Requesting OHLCV for HPQ: 2020-11-27 → 2024-01-31 (provider=yahoo, cache_dir=data/cache/ohlcv, ttl=0)
2026-03-31 10:17:12,088 [INFO] backtesting.backtester: Loaded OHLCV for HPQ: shape=(798, 9)
2026-03-31 10:17:12,088 [INFO] backtesting.backtester: Requesting OHLCV for DLTR: 2020-11-27 → 2024-01-31 (provider=yahoo, cache_dir=data/cache/ohlcv, ttl=0)
2026-03-31 10:17:12,089 [INFO] backtesting.backtester: Loaded OHLCV for DLTR: shape=(798, 9)
2026-03-31 10:17:12,089 [INFO] backtesting.backtester: Requesting OHLCV for DLR: 2020-11-27 → 2024-01-31 (provider=yahoo, cache_dir=data/cache/ohlcv, ttl=0)
2026-03-31 10:17:12,091 [INFO] backtesting.backtester: Loaded OHLCV for DLR: shape=(798, 9)
2026-03-31 10:17:12,091 [INFO] backtesting.backtester: Requesting OHLCV for AME: 2020-11-27 → 2024-01-31 (provider=yahoo, cache_dir=data/cache/ohlcv, ttl=0)
2026-03-31 10:17:12,092 [INFO] backtesting.backtester: Loaded OHLCV for AME: shape=(798, 9)
2026-03-31 10:17:12,092 [INFO] backtesting.backtester: Requesting OHLCV for IBKR: 2020-11-27 → 2024-01-31 (provider=yahoo, cache_dir=data/cache/ohlcv, ttl=0)
2026-03-31 10:17:12,094 [INFO] backtesting.backtester: Loaded OHLCV for IBKR: shape=(798, 9)
2026-03-31 10:17:12,094 [INFO] backtesting.backtester: Requesting OHLCV for DRI: 2020-11-27 → 2024-01-31 (provider=yahoo, cache_dir=data/cache/ohlcv, ttl=0)
2026-03-31 10:17:12,095 [INFO] backtesting.backtester: Loaded OHLCV for DRI: shape=(798, 9)
2026-03-31 10:17:12,095 [INFO] backtesting.backtester: Requesting OHLCV for SPG: 2020-11-27 → 2024-01-31 (provider=yahoo, cache_dir=data/cache/ohlcv, ttl=0)
2026-03-31 10:17:12,097 [INFO] backtesting.backtester: Loaded OHLCV for SPG: shape=(798, 9)
2026-03-31 10:17:12,097 [INFO] backtesting.backtester: Requesting OHLCV for OTIS: 2020-11-27 → 2024-01-31 (provider=yahoo, cache_dir=data/cache/ohlcv, ttl=0)
2026-03-31 10:17:12,098 [INFO] backtesting.backtester: Loaded OHLCV for OTIS: shape=(798, 9)
2026-03-31 10:17:12,098 [INFO] backtesting.backtester: Requesting OHLCV for SRE: 2020-11-27 → 2024-01-31 (provider=yahoo, cache_dir=data/cache/ohlcv, ttl=0)
2026-03-31 10:17:12,099 [INFO] backtesting.backtester: Loaded OHLCV for SRE: shape=(798, 9)
2026-03-31 10:17:12,099 [INFO] backtesting.backtester: Requesting OHLCV for MOS: 2020-11-27 → 2024-01-31 (provider=yahoo, cache_dir=data/cache/ohlcv, ttl=0)
2026-03-31 10:17:12,101 [INFO] backtesting.backtester: Loaded OHLCV for MOS: shape=(798, 9)
2026-03-31 10:17:12,101 [INFO] backtesting.backtester: Requesting OHLCV for CTVA: 2020-11-27 → 2024-01-31 (provider=yahoo, cache_dir=data/cache/ohlcv, ttl=0)
2026-03-31 10:17:12,102 [INFO] backtesting.backtester: Loaded OHLCV for CTVA: shape=(798, 9)
2026-03-31 10:17:12,102 [INFO] backtesting.backtester: Requesting OHLCV for KEY: 2020-11-27 → 2024-01-31 (provider=yahoo, cache_dir=data/cache/ohlcv, ttl=0)
2026-03-31 10:17:12,103 [INFO] backtesting.backtester: Loaded OHLCV for KEY: shape=(798, 9)
2026-03-31 10:17:12,104 [INFO] backtesting.backtester: Requesting OHLCV for CPRT: 2020-11-27 → 2024-01-31 (provider=yahoo, cache_dir=data/cache/ohlcv, ttl=0)
2026-03-31 10:17:12,105 [INFO] backtesting.backtester: Loaded OHLCV for CPRT: shape=(798, 9)
2026-03-31 10:17:12,105 [INFO] backtesting.backtester: Requesting OHLCV for IQV: 2020-11-27 → 2024-01-31 (provider=yahoo, cache_dir=data/cache/ohlcv, ttl=0)
2026-03-31 10:17:12,106 [INFO] backtesting.backtester: Loaded OHLCV for IQV: shape=(798, 9)
2026-03-31 10:17:17,537 [WARNING] backtesting.signals: SignalEngine: all-NaN feature columns detected: ['delisted_date']
2026-03-31 10:17:17,549 [WARNING] backtesting.signals: SignalEngine: ensemble normalize=true ignored in backtest to avoid lookahead bias.
[163/300] NOC OHLCV window: first_date=2020-11-27, last_date=2024-01-31, n=798
  [164/300] GM… [164/300] GM OHLCV window: first_date=2020-11-27, last_date=2024-01-31, n=798
  [165/300] CVS… [165/300] CVS OHLCV window: first_date=2020-11-27, last_date=2024-01-31, n=798
  [166/300] FIX… [166/300] FIX OHLCV window: first_date=2020-11-27, last_date=2024-01-31, n=798
  [167/300] MDLZ… [167/300] MDLZ OHLCV window: first_date=2020-11-27, last_date=2024-01-31, n=798
  [168/300] CB… [168/300] CB OHLCV window: first_date=2020-11-27, last_date=2024-01-31, n=798
  [169/300] EXPE… [169/300] EXPE OHLCV window: first_date=2020-11-27, last_date=2024-01-31, n=798
  [170/300] AMT… [170/300] AMT OHLCV window: first_date=2020-11-27, last_date=2024-01-31, n=798
  [171/300] HCA… [171/300] HCA OHLCV window: first_date=2020-11-27, last_date=2024-01-31, n=798
  [172/300] CL… [172/300] CL OHLCV window: first_date=2020-11-27, last_date=2024-01-31, n=798
  [173/300] HWM… [173/300] HWM OHLCV window: first_date=2020-11-27, last_date=2024-01-31, n=798
  [174/300] PNC… [174/300] PNC OHLCV window: first_date=2020-11-27, last_date=2024-01-31, n=798
  [175/300] MPWR… [175/300] MPWR OHLCV window: first_date=2020-11-27, last_date=2024-01-31, n=798
  [176/300] HLT… [176/300] HLT OHLCV window: first_date=2020-11-27, last_date=2024-01-31, n=798
  [177/300] MCHP… [177/300] MCHP OHLCV window: first_date=2020-11-27, last_date=2024-01-31, n=798
  [178/300] EQT… [178/300] EQT OHLCV window: first_date=2020-11-27, last_date=2024-01-31, n=798
  [179/300] USB… [179/300] USB OHLCV window: first_date=2020-11-27, last_date=2024-01-31, n=798
  [180/300] ADSK… [180/300] ADSK OHLCV window: first_date=2020-11-27, last_date=2024-01-31, n=798
  [181/300] CMG… [181/300] CMG OHLCV window: first_date=2020-11-27, last_date=2024-01-31, n=798
  [182/300] JCI… [182/300] JCI OHLCV window: first_date=2020-11-27, last_date=2024-01-31, n=798
  [183/300] TT… [183/300] TT OHLCV window: first_date=2020-11-27, last_date=2024-01-31, n=798
  [184/300] ORLY… [184/300] ORLY OHLCV window: first_date=2020-11-27, last_date=2024-01-31, n=798
  [185/300] ICE… [185/300] ICE OHLCV window: first_date=2020-11-27, last_date=2024-01-31, n=798
  [186/300] SHW… [186/300] SHW OHLCV window: first_date=2020-11-27, last_date=2024-01-31, n=798
  [187/300] LHX… [187/300] LHX OHLCV window: first_date=2020-11-27, last_date=2024-01-31, n=798
  [188/300] DDOG… [188/300] DDOG OHLCV window: first_date=2020-11-27, last_date=2024-01-31, n=798
  [189/300] KR… [189/300] KR OHLCV window: first_date=2020-11-27, last_date=2024-01-31, n=798
  [190/300] AZO… [190/300] AZO OHLCV window: first_date=2020-11-27, last_date=2024-01-31, n=798
  [191/300] DOW… [191/300] DOW OHLCV window: first_date=2020-11-27, last_date=2024-01-31, n=798
  [192/300] WM… [192/300] WM OHLCV window: first_date=2020-11-27, last_date=2024-01-31, n=798
  [193/300] ABNB… [193/300] ABNB OHLCV window: first_date=2020-12-10, last_date=2024-01-30, n=788
  [194/300] NRG… [194/300] NRG OHLCV window: first_date=2020-11-27, last_date=2024-01-31, n=798
  [195/300] SO… [195/300] SO OHLCV window: first_date=2020-11-27, last_date=2024-01-31, n=798
  [196/300] NXPI… [196/300] NXPI OHLCV window: first_date=2020-11-27, last_date=2024-01-31, n=798
  [197/300] MRSH… [197/300] MRSH OHLCV window: first_date=2020-11-27, last_date=2024-01-31, n=798
  [198/300] ZTS… [198/300] ZTS OHLCV window: first_date=2020-11-27, last_date=2024-01-31, n=798
  [199/300] ULTA… [199/300] ULTA OHLCV window: first_date=2020-11-27, last_date=2024-01-31, n=798
  [200/300] AEP… [200/300] AEP OHLCV window: first_date=2020-11-27, last_date=2024-01-31, n=798
  [201/300] CSX… [201/300] CSX OHLCV window: first_date=2020-11-27, last_date=2024-01-31, n=798
  [202/300] MSI… [202/300] MSI OHLCV window: first_date=2020-11-27, last_date=2024-01-31, n=798
  [203/300] KEYS… [203/300] KEYS OHLCV window: first_date=2020-11-27, last_date=2024-01-31, n=798
  [204/300] KMB… [204/300] KMB OHLCV window: first_date=2020-11-27, last_date=2024-01-31, n=798
  [205/300] MAR… [205/300] MAR OHLCV window: first_date=2020-11-27, last_date=2024-01-31, n=798
  [206/300] FITB… [206/300] FITB OHLCV window: first_date=2020-11-27, last_date=2024-01-31, n=798
  [207/300] LULU… [207/300] LULU OHLCV window: first_date=2020-11-27, last_date=2024-01-31, n=798
  [208/300] ROP… [208/300] ROP OHLCV window: first_date=2020-11-27, last_date=2024-01-31, n=798
  [209/300] MNST… [209/300] MNST OHLCV window: first_date=2020-11-27, last_date=2024-01-31, n=798
  [210/300] URI… [210/300] URI OHLCV window: first_date=2020-11-27, last_date=2024-01-31, n=798
  [211/300] LYV… [211/300] LYV OHLCV window: first_date=2020-11-27, last_date=2024-01-31, n=798
  [212/300] DG… [212/300] DG OHLCV window: first_date=2020-11-27, last_date=2024-01-31, n=798
  [213/300] CMI… [213/300] CMI OHLCV window: first_date=2020-11-27, last_date=2024-01-31, n=798
  [214/300] CI… [214/300] CI OHLCV window: first_date=2020-11-27, last_date=2024-01-31, n=798
  [215/300] AJG… [215/300] AJG OHLCV window: first_date=2020-11-27, last_date=2024-01-31, n=798
  [216/300] FTNT… [216/300] FTNT OHLCV window: first_date=2020-11-27, last_date=2024-01-31, n=798
  [217/300] NCLH… [217/300] NCLH OHLCV window: first_date=2020-11-27, last_date=2024-01-31, n=798
  [218/300] EA… [218/300] EA OHLCV window: first_date=2020-11-27, last_date=2024-01-31, n=798
  [219/300] ARES… [219/300] ARES OHLCV window: first_date=2020-11-27, last_date=2024-01-31, n=798
  [220/300] AKAM… [220/300] AKAM OHLCV window: first_date=2020-11-27, last_date=2024-01-31, n=798
  [221/300] WMB… [221/300] WMB OHLCV window: first_date=2020-11-27, last_date=2024-01-31, n=798
  [222/300] TDG… [222/300] TDG OHLCV window: first_date=2020-11-27, last_date=2024-01-31, n=798
  [223/300] COR… [223/300] COR OHLCV window: first_date=2020-11-27, last_date=2024-01-31, n=798
  [224/300] PLD… [224/300] PLD OHLCV window: first_date=2020-11-27, last_date=2024-01-31, n=798
  [225/300] TEL… [225/300] TEL OHLCV window: first_date=2020-11-27, last_date=2024-01-31, n=798
  [226/300] CTAS… [226/300] CTAS OHLCV window: first_date=2020-11-27, last_date=2024-01-31, n=798
  [227/300] AXON… [227/300] AXON OHLCV window: first_date=2020-11-27, last_date=2024-01-31, n=798
  [228/300] KMI… [228/300] KMI OHLCV window: first_date=2020-11-27, last_date=2024-01-31, n=798
  [229/300] MRNA… [229/300] MRNA OHLCV window: first_date=2020-11-27, last_date=2024-01-31, n=798
  [230/300] ECL… [230/300] ECL OHLCV window: first_date=2020-11-27, last_date=2024-01-31, n=798
  [231/300] EL… [231/300] EL OHLCV window: first_date=2020-11-27, last_date=2024-01-31, n=798
  [232/300] EXC… [232/300] EXC OHLCV window: first_date=2020-11-27, last_date=2024-01-31, n=798
  [233/300] FICO… [233/300] FICO OHLCV window: first_date=2020-11-27, last_date=2024-01-31, n=798
  [234/300] REGN… [234/300] REGN OHLCV window: first_date=2020-11-27, last_date=2024-01-31, n=798
  [235/300] OKE… [235/300] OKE OHLCV window: first_date=2020-11-27, last_date=2024-01-31, n=798
  [236/300] HBAN… [236/300] HBAN OHLCV window: first_date=2020-11-27, last_date=2024-01-31, n=798
  [237/300] AON… [237/300] AON OHLCV window: first_date=2020-11-27, last_date=2024-01-31, n=798
  [238/300] HPE… [238/300] HPE OHLCV window: first_date=2020-11-27, last_date=2024-01-31, n=798
  [239/300] GD… [239/300] GD OHLCV window: first_date=2020-11-27, last_date=2024-01-31, n=798
  [240/300] TRV… [240/300] TRV OHLCV window: first_date=2020-11-27, last_date=2024-01-31, n=798
  [241/300] EBAY… [241/300] EBAY OHLCV window: first_date=2020-11-27, last_date=2024-01-31, n=798
  [242/300] ODFL… [242/300] ODFL OHLCV window: first_date=2020-11-27, last_date=2024-01-31, n=798
  [243/300] KVUE… insufficient data
  [244/300] EXE… [244/300] EXE OHLCV window: first_date=2021-02-10, last_date=2024-01-30, n=747
  [245/300] TFC… [245/300] TFC OHLCV window: first_date=2020-11-27, last_date=2024-01-31, n=798
  [246/300] ON… [246/300] ON OHLCV window: first_date=2020-11-27, last_date=2024-01-31, n=798
  [247/300] PCG… [247/300] PCG OHLCV window: first_date=2020-11-27, last_date=2024-01-31, n=798
  [248/300] LUV… [248/300] LUV OHLCV window: first_date=2020-11-27, last_date=2024-01-31, n=798
  [249/300] BDX… [249/300] BDX OHLCV window: first_date=2020-11-27, last_date=2024-01-31, n=798
  [250/300] O… [250/300] O OHLCV window: first_date=2020-11-27, last_date=2024-01-31, n=798
  [251/300] PAYX… [251/300] PAYX OHLCV window: first_date=2020-11-27, last_date=2024-01-31, n=798
  [252/300] CTSH… [252/300] CTSH OHLCV window: first_date=2020-11-27, last_date=2024-01-31, n=798
  [253/300] CAH… [253/300] CAH OHLCV window: first_date=2020-11-27, last_date=2024-01-31, n=798
  [254/300] RF… [254/300] RF OHLCV window: first_date=2020-11-27, last_date=2024-01-31, n=798
  [255/300] APD… [255/300] APD OHLCV window: first_date=2020-11-27, last_date=2024-01-31, n=798
  [256/300] TTWO… [256/300] TTWO OHLCV window: first_date=2020-11-27, last_date=2024-01-31, n=798
  [257/300] VMC… [257/300] VMC OHLCV window: first_date=2020-11-27, last_date=2024-01-31, n=798
  [258/300] BK… [258/300] BK OHLCV window: first_date=2020-11-27, last_date=2024-01-31, n=798
  [259/300] GIS… [259/300] GIS OHLCV window: first_date=2020-11-27, last_date=2024-01-31, n=798
  [260/300] EMR… [260/300] EMR OHLCV window: first_date=2020-11-27, last_date=2024-01-31, n=798
  [261/300] DPZ… [261/300] DPZ OHLCV window: first_date=2020-11-27, last_date=2024-01-31, n=798
  [262/300] CTRA… [262/300] CTRA OHLCV window: first_date=2020-11-27, last_date=2024-01-31, n=798
  [263/300] KHC… [263/300] KHC OHLCV window: first_date=2020-11-27, last_date=2024-01-31, n=798
  [264/300] VRSK… [264/300] VRSK OHLCV window: first_date=2020-11-27, last_date=2024-01-31, n=798
  [265/300] PSA… [265/300] PSA OHLCV window: first_date=2020-11-27, last_date=2024-01-31, n=798
  [266/300] DHI… [266/300] DHI OHLCV window: first_date=2020-11-27, last_date=2024-01-31, n=798
  [267/300] OMC… [267/300] OMC OHLCV window: first_date=2020-11-27, last_date=2024-01-31, n=798
  [268/300] FSLR… [268/300] FSLR OHLCV window: first_date=2020-11-27, last_date=2024-01-31, n=798
  [269/300] TRGP… [269/300] TRGP OHLCV window: first_date=2020-11-27, last_date=2024-01-31, n=798
  [270/300] CARR… [270/300] CARR OHLCV window: first_date=2020-11-27, last_date=2024-01-31, n=798
  [271/300] NSC… [271/300] NSC OHLCV window: first_date=2020-11-27, last_date=2024-01-31, n=798
  [272/300] EW… [272/300] EW OHLCV window: first_date=2020-11-27, last_date=2024-01-31, n=798
  [273/300] ROK… [273/300] ROK OHLCV window: first_date=2020-11-27, last_date=2024-01-31, n=798
  [274/300] FISV… [274/300] FISV OHLCV window: first_date=2020-11-27, last_date=2024-01-31, n=798
  [275/300] FAST… [275/300] FAST OHLCV window: first_date=2020-11-27, last_date=2024-01-31, n=798
  [276/300] MLM… [276/300] MLM OHLCV window: first_date=2020-11-27, last_date=2024-01-31, n=798
  [277/300] HSY… [277/300] HSY OHLCV window: first_date=2020-11-27, last_date=2024-01-31, n=798
  [278/300] ITW… [278/300] ITW OHLCV window: first_date=2020-11-27, last_date=2024-01-31, n=798
  [279/300] XEL… [279/300] XEL OHLCV window: first_date=2020-11-27, last_date=2024-01-31, n=798
  [280/300] APA… [280/300] APA OHLCV window: first_date=2020-11-27, last_date=2024-01-31, n=798
  [281/300] WAT… [281/300] WAT OHLCV window: first_date=2020-11-27, last_date=2024-01-31, n=798
  [282/300] JBL… [282/300] JBL OHLCV window: first_date=2020-11-27, last_date=2024-01-31, n=798
  [283/300] PCAR… [283/300] PCAR OHLCV window: first_date=2020-11-27, last_date=2024-01-31, n=798
  [284/300] ALB… [284/300] ALB OHLCV window: first_date=2020-11-27, last_date=2024-01-31, n=798
  [285/300] AIG… [285/300] AIG OHLCV window: first_date=2020-11-27, last_date=2024-01-31, n=798
  [286/300] BBY… [286/300] BBY OHLCV window: first_date=2020-11-27, last_date=2024-01-31, n=798
  [287/300] HPQ… [287/300] HPQ OHLCV window: first_date=2020-11-27, last_date=2024-01-31, n=798
  [288/300] DLTR… [288/300] DLTR OHLCV window: first_date=2020-11-27, last_date=2024-01-31, n=798
  [289/300] DLR… [289/300] DLR OHLCV window: first_date=2020-11-27, last_date=2024-01-31, n=798
  [290/300] AME… [290/300] AME OHLCV window: first_date=2020-11-27, last_date=2024-01-31, n=798
  [291/300] IBKR… [291/300] IBKR OHLCV window: first_date=2020-11-27, last_date=2024-01-31, n=798
  [292/300] DRI… [292/300] DRI OHLCV window: first_date=2020-11-27, last_date=2024-01-31, n=798
  [293/300] SPG… [293/300] SPG OHLCV window: first_date=2020-11-27, last_date=2024-01-31, n=798
  [294/300] OTIS… [294/300] OTIS OHLCV window: first_date=2020-11-27, last_date=2024-01-31, n=798
  [295/300] SRE… [295/300] SRE OHLCV window: first_date=2020-11-27, last_date=2024-01-31, n=798
  [296/300] MOS… [296/300] MOS OHLCV window: first_date=2020-11-27, last_date=2024-01-31, n=798
  [297/300] CTVA… [297/300] CTVA OHLCV window: first_date=2020-11-27, last_date=2024-01-31, n=798
  [298/300] KEY… [298/300] KEY OHLCV window: first_date=2020-11-27, last_date=2024-01-31, n=798
  [299/300] CPRT… [299/300] CPRT OHLCV window: first_date=2020-11-27, last_date=2024-01-31, n=798
  [300/300] IQV… [300/300] IQV OHLCV window: first_date=2020-11-27, last_date=2024-01-31, n=798
  [signals 1/295] NVDA… 798 bars, 657 signals
  [signals 2/295] TSLA… 798 bars, 692 signals
  [signals 3/295] MU… 798 bars, 764 signals
  [signals 4/295] MSFT… 798 bars, 755 signals
  [signals 5/295] AAPL… 798 bars, 774 signals
  [signals 6/295] AVGO… 798 bars, 760 signals
  [signals 7/295] AMZN… 798 bars, 768 signals
  [signals 8/295] GOOGL… 798 bars, 769 signals
  [signals 9/295] META… 798 bars, 743 signals
  [signals 10/295] PLTR… 798 bars, 719 signals
  [signals 11/295] AMD… 798 bars, 723 signals
  [signals 12/295] GOOG… 798 bars, 759 signals
  [signals 13/295] LITE… 798 bars, 751 signals
  [signals 14/295] NFLX… 798 bars, 718 signals
  [signals 15/295] ORCL… 798 bars, 736 signals
  [signals 16/295] INTC… 798 bars, 755 signals
  [signals 17/295] XOM… 798 bars, 700 signals
  [signals 18/295] JPM… 798 bars, 723 signals
  [signals 19/295] VRT… 798 bars, 678 signals
  [signals 20/295] CVX… 798 bars, 726 signals
  [signals 21/295] CRM… 798 bars, 756 signals
  [signals 22/295] LLY… 798 bars, 692 signals
  [signals 23/295] COHR… 798 bars, 740 signals
  [signals 24/295] WMT… 798 bars, 784 signals
  [signals 25/295] WDC… 798 bars, 739 signals
  [signals 26/295] COIN… 704 bars, 579 signals
  [signals 27/295] UNH… 798 bars, 766 signals
  [signals 28/295] LRCX… 798 bars, 741 signals
  [signals 29/295] AMAT… 798 bars, 737 signals
  [signals 30/295] APP… 703 bars, 548 signals
  [signals 31/295] BAC… 798 bars, 752 signals
  [signals 32/295] V… 798 bars, 777 signals
  [signals 33/295] GS… 798 bars, 728 signals
  [signals 34/295] JNJ… 798 bars, 785 signals
  [signals 35/295] CAT… 798 bars, 723 signals
  [signals 36/295] NOW… 798 bars, 732 signals
  [signals 37/295] GLW… 798 bars, 784 signals
  [signals 38/295] INTU… 798 bars, 756 signals
  [signals 39/295] CSCO… 798 bars, 782 signals
  [signals 40/295] COST… 798 bars, 772 signals
  [signals 41/295] BKNG… 798 bars, 717 signals
  [signals 42/295] CRWD… 798 bars, 713 signals
  [signals 43/295] C… 798 bars, 741 signals
  [signals 44/295] PG… 798 bars, 781 signals
  [signals 45/295] MA… 798 bars, 771 signals
  [signals 46/295] ADBE… 798 bars, 783 signals
  [signals 47/295] ACN… 798 bars, 773 signals
  [signals 48/295] QCOM… 798 bars, 767 signals
  [signals 49/295] GE… 798 bars, 708 signals
  [signals 50/295] DELL… 798 bars, 745 signals
  [signals 51/295] ABBV… 798 bars, 754 signals
  [signals 52/295] WFC… 798 bars, 762 signals
  [signals 53/295] BA… 798 bars, 709 signals
  [signals 54/295] KLAC… 798 bars, 741 signals
  [signals 55/295] IBM… 798 bars, 746 signals
  [signals 56/295] HD… 798 bars, 762 signals
  [signals 57/295] COP… 798 bars, 671 signals
  [signals 58/295] STX… 798 bars, 733 signals
  [signals 59/295] UBER… 798 bars, 736 signals
  [signals 60/295] LIN… 798 bars, 743 signals
  [signals 61/295] VZ…2026-03-31 10:17:40,771 [INFO] backtesting.backtester: Loaded SPY for vol scaling: shape=(798, 9)
2026-03-31 10:17:40,771 [WARNING] backtesting.backtester: Excluding tickers with insufficient history (<252 days before start_date): CEG, HOOD
2026-03-31 10:17:42,791 [INFO] backtesting.backtester: Precomputed regime score std: {'Bull': 0.01038117370070494, 'Bear': 0.010936939963760075, 'Sideways': 0.009652856672274128, 'Crisis': 0.013559572086636714}
2026-03-31 10:17:44,632 [INFO] backtesting.backtester: Signal inclusion summary: days=501, avg_candidates_per_day=282.04, max_candidates_on_day=295
2026-03-31 10:18:06,725 [INFO] backtesting.backtester: Precomputed regime score std: {'Bull': 0.01038117370070494, 'Bear': 0.010936939963760075, 'Sideways': 0.009652856672274128, 'Crisis': 0.013559572086636714}
2026-03-31 10:18:08,839 [INFO] backtesting.backtester: Signal inclusion summary: days=501, avg_candidates_per_day=282.04, max_candidates_on_day=295
2026-03-31 10:18:34,725 [INFO] backtesting.backtester: Precomputed regime score std: {'Bull': 0.01038117370070494, 'Bear': 0.010936939963760075, 'Sideways': 0.009652856672274128, 'Crisis': 0.013559572086636714}
2026-03-31 10:18:36,864 [INFO] backtesting.backtester: Signal inclusion summary: days=501, avg_candidates_per_day=282.04, max_candidates_on_day=295
2026-03-31 10:18:57,201 [WARNING] strategy.regime_multipliers: Bull multiplier 0.0000 is outside (0, 3.0]. Using 1.0 fallback.
2026-03-31 10:18:57,201 [WARNING] strategy.regime_multipliers: Bear multiplier 0.0000 is outside (0, 3.0]. Using 1.0 fallback.
2026-03-31 10:18:57,201 [WARNING] strategy.regime_multipliers: Sideways multiplier 0.3000 is outside recommended 0.5-2.0 range.
2026-03-31 10:18:57,201 [WARNING] strategy.regime_multipliers: Crisis multiplier 0.0000 is outside (0, 3.0]. Using 1.0 fallback.
2026-03-31 10:18:57,201 [INFO] backtesting.backtester: Regime multipliers loaded: {'Bull': 1.0, 'Bear': 1.0, 'Sideways': 0.3, 'Crisis': 1.0}
2026-03-31 10:18:57,201 [INFO] backtesting.backtester: Requesting OHLCV for NVDA: 2020-11-27 → 2024-01-31 (provider=yahoo, cache_dir=data/cache/ohlcv, ttl=0)
2026-03-31 10:18:57,204 [INFO] backtesting.backtester: Loaded OHLCV for NVDA: shape=(798, 9)
2026-03-31 10:18:57,204 [INFO] backtesting.backtester: Requesting OHLCV for TSLA: 2020-11-27 → 2024-01-31 (provider=yahoo, cache_dir=data/cache/ohlcv, ttl=0)
2026-03-31 10:18:57,205 [INFO] backtesting.backtester: Loaded OHLCV for TSLA: shape=(798, 9)
2026-03-31 10:18:57,205 [INFO] backtesting.backtester: Requesting OHLCV for MU: 2020-11-27 → 2024-01-31 (provider=yahoo, cache_dir=data/cache/ohlcv, ttl=0)
2026-03-31 10:18:57,207 [INFO] backtesting.backtester: Loaded OHLCV for MU: shape=(798, 9)
2026-03-31 10:18:57,207 [INFO] backtesting.backtester: Requesting OHLCV for MSFT: 2020-11-27 → 2024-01-31 (provider=yahoo, cache_dir=data/cache/ohlcv, ttl=0)
2026-03-31 10:18:57,209 [INFO] backtesting.backtester: Loaded OHLCV for MSFT: shape=(798, 9)
2026-03-31 10:18:57,209 [INFO] backtesting.backtester: Requesting OHLCV for SNDK: 2020-11-27 → 2024-01-31 (provider=yahoo, cache_dir=data/cache/ohlcv, ttl=0)
2026-03-31 10:18:57,211 [ERROR] yfinance: $SNDK: possibly delisted; no price data found  (1d 2020-11-27 00:00:00 -> 2024-01-31 00:00:00) (Yahoo error = "Data doesn't exist for startDate = 1606453200, endDate = 1706677200")
2026-03-31 10:18:57,222 [ERROR] yfinance: 
1 Failed download:
2026-03-31 10:18:57,223 [ERROR] yfinance: ['SNDK']: possibly delisted; no price data found  (1d 2020-11-27 00:00:00 -> 2024-01-31 00:00:00) (Yahoo error = "Data doesn't exist for startDate = 1606453200, endDate = 1706677200")
2026-03-31 10:18:57,466 [INFO] backtesting.backtester: Loaded OHLCV for SNDK: shape=(0, 5)
2026-03-31 10:18:57,466 [WARNING] backtesting.backtester: Skipping SNDK due to insufficient data (len=0 < 210 bars)
2026-03-31 10:18:57,467 [INFO] backtesting.backtester: Requesting OHLCV for AAPL: 2020-11-27 → 2024-01-31 (provider=yahoo, cache_dir=data/cache/ohlcv, ttl=0)
2026-03-31 10:18:57,473 [INFO] backtesting.backtester: Loaded OHLCV for AAPL: shape=(798, 9)
2026-03-31 10:18:57,473 [INFO] backtesting.backtester: Requesting OHLCV for AVGO: 2020-11-27 → 2024-01-31 (provider=yahoo, cache_dir=data/cache/ohlcv, ttl=0)
2026-03-31 10:18:57,476 [INFO] backtesting.backtester: Loaded OHLCV for AVGO: shape=(798, 9)
2026-03-31 10:18:57,476 [INFO] backtesting.backtester: Requesting OHLCV for AMZN: 2020-11-27 → 2024-01-31 (provider=yahoo, cache_dir=data/cache/ohlcv, ttl=0)
2026-03-31 10:18:57,479 [INFO] backtesting.backtester: Loaded OHLCV for AMZN: shape=(798, 9)
2026-03-31 10:18:57,479 [INFO] backtesting.backtester: Requesting OHLCV for GOOGL: 2020-11-27 → 2024-01-31 (provider=yahoo, cache_dir=data/cache/ohlcv, ttl=0)
2026-03-31 10:18:57,482 [INFO] backtesting.backtester: Loaded OHLCV for GOOGL: shape=(798, 9)
2026-03-31 10:18:57,482 [INFO] backtesting.backtester: Requesting OHLCV for META: 2020-11-27 → 2024-01-31 (provider=yahoo, cache_dir=data/cache/ohlcv, ttl=0)
2026-03-31 10:18:57,484 [INFO] backtesting.backtester: Loaded OHLCV for META: shape=(798, 9)
2026-03-31 10:18:57,485 [INFO] backtesting.backtester: Requesting OHLCV for PLTR: 2020-11-27 → 2024-01-31 (provider=yahoo, cache_dir=data/cache/ohlcv, ttl=0)
2026-03-31 10:18:57,487 [INFO] backtesting.backtester: Loaded OHLCV for PLTR: shape=(798, 9)
2026-03-31 10:18:57,487 [INFO] backtesting.backtester: Requesting OHLCV for AMD: 2020-11-27 → 2024-01-31 (provider=yahoo, cache_dir=data/cache/ohlcv, ttl=0)
2026-03-31 10:18:57,490 [INFO] backtesting.backtester: Loaded OHLCV for AMD: shape=(798, 9)
2026-03-31 10:18:57,490 [INFO] backtesting.backtester: Requesting OHLCV for GOOG: 2020-11-27 → 2024-01-31 (provider=yahoo, cache_dir=data/cache/ohlcv, ttl=0)
2026-03-31 10:18:57,492 [INFO] backtesting.backtester: Loaded OHLCV for GOOG: shape=(798, 9)
2026-03-31 10:18:57,492 [INFO] backtesting.backtester: Requesting OHLCV for LITE: 2020-11-27 → 2024-01-31 (provider=yahoo, cache_dir=data/cache/ohlcv, ttl=0)
2026-03-31 10:18:57,494 [INFO] backtesting.backtester: Loaded OHLCV for LITE: shape=(798, 9)
 798 bars, 783 signals
  [signals 62/295] APH… 798 bars, 767 signals
  [signals 63/295] ABT… 798 bars, 760 signals
  [signals 64/295] NEM… 798 bars, 782 signals
  [signals 65/295] AXP… 798 bars, 739 signals
  [signals 66/295] KO… 798 bars, 785 signals
  [signals 67/295] ADI… 798 bars, 764 signals
  [signals 68/295] PANW… 798 bars, 742 signals
  [signals 69/295] TXN… 798 bars, 779 signals
  [signals 70/295] RTX… 798 bars, 755 signals
  [signals 71/295] BX… 798 bars, 699 signals
  [signals 72/295] T… 798 bars, 760 signals
  [signals 73/295] MRK… 798 bars, 756 signals
  [signals 74/295] MS… 798 bars, 726 signals
  [signals 75/295] CIEN… 798 bars, 752 signals
  [signals 76/295] LMT… 798 bars, 764 signals
  [signals 77/295] OXY… 798 bars, 685 signals
  [signals 78/295] DIS… 798 bars, 760 signals
  [signals 79/295] FCX… 798 bars, 718 signals
  [signals 80/295] TMUS… 798 bars, 770 signals
  [signals 81/295] SMCI… 798 bars, 657 signals
  [signals 82/295] PFE… 798 bars, 789 signals
  [signals 83/295] CMCSA… 798 bars, 783 signals
  [signals 84/295] VLO… 798 bars, 704 signals
  [signals 85/295] TER… 798 bars, 741 signals
  [signals 86/295] COF… 798 bars, 743 signals
  [signals 87/295] TMO… 798 bars, 764 signals
  [signals 88/295] MCD… 798 bars, 754 signals
  [signals 89/295] PEP… 798 bars, 787 signals
  [signals 90/295] SLB… 798 bars, 699 signals
  [signals 91/295] BLK… 798 bars, 766 signals
  [signals 92/295] SNPS… 798 bars, 749 signals
  [signals 93/295] NEE… 798 bars, 737 signals
  [signals 94/295] SPGI… 798 bars, 780 signals
  [signals 95/295] AMGN… 798 bars, 756 signals
  [signals 96/295] ETN… 798 bars, 757 signals
  [signals 97/295] DAL… 798 bars, 720 signals
  [signals 98/295] GILD… 798 bars, 785 signals
  [signals 99/295] HON… 798 bars, 780 signals
  [signals 100/295] ADP… 798 bars, 760 signals
  [signals 101/295] BSX… 798 bars, 759 signals
  [signals 102/295] PYPL… 798 bars, 762 signals
  [signals 103/295] PM… 798 bars, 747 signals
  [signals 104/295] CVNA… 798 bars, 623 signals
  [signals 105/295] UAL… 798 bars, 727 signals
  [signals 106/295] NKE… 798 bars, 760 signals
  [signals 107/295] ANET… 798 bars, 730 signals
  [signals 108/295] DVN… 798 bars, 666 signals
  [signals 109/295] BMY… 798 bars, 769 signals
  [signals 110/295] CF… 798 bars, 725 signals
  [signals 111/295] SCHW… 798 bars, 731 signals
  [signals 112/295] SATS… 798 bars, 748 signals
  [signals 113/295] WBD… 798 bars, 724 signals
  [signals 114/295] PH… 798 bars, 737 signals
  [signals 115/295] EOG… 798 bars, 676 signals
  [signals 116/295] KKR… 798 bars, 716 signals
  [signals 117/295] TGT… 798 bars, 752 signals
  [signals 118/295] RCL… 798 bars, 668 signals
  [signals 119/295] SBUX… 798 bars, 769 signals
  [signals 120/295] DE… 798 bars, 704 signals
  [signals 121/295] FDX… 798 bars, 776 signals
  [signals 122/295] F… 798 bars, 698 signals
  [signals 123/295] CCL… 798 bars, 698 signals
  [signals 124/295] ISRG… 798 bars, 727 signals
  [signals 125/295] VST… 798 bars, 773 signals
  [signals 126/295] DHR… 798 bars, 769 signals
  [signals 127/295] UPS… 798 bars, 770 signals
  [signals 128/295] SYK… 798 bars, 764 signals
  [signals 129/295] WDAY… 798 bars, 728 signals
  [signals 130/295] APO… 798 bars, 740 signals
  [signals 131/295] TJX… 798 bars, 790 signals
  [signals 132/295] UNP… 798 bars, 770 signals
  [signals 133/295] ELV… 798 bars, 760 signals
  [signals 134/295] MPC… 798 bars, 678 signals
  [signals 135/295] MDT… 798 bars, 782 signals
  [signals 136/295] CME… 798 bars, 767 signals
  [signals 137/295] CDNS… 798 bars, 751 signals
  [signals 138/295] FANG… 798 bars, 672 signals
  [signals 139/295] MCK… 798 bars, 740 signals
  [signals 140/295] LYB… 798 bars, 761 signals
  [signals 141/295] WELL… 798 bars, 731 signals
  [signals 142/295] BKR… 798 bars, 759 signals
  [signals 143/295] MMM… 798 bars, 779 signals
  [signals 144/295] VRTX… 798 bars, 737 signals
  [signals 145/295] MO… 798 bars, 754 signals
  [signals 146/295] MCO… 798 bars, 768 signals
  [signals 147/295] LOW… 798 bars, 758 signals
  [signals 148/295] PGR… 798 bars, 758 signals
  [signals 149/295] CRH… 798 bars, 753 signals
  [signals 150/295] PWR… 798 bars, 707 signals
  [signals 151/295] XYZ… 798 bars, 709 signals
  [signals 152/295] PSX… 798 bars, 714 signals
  [signals 153/295] ROST… 798 bars, 777 signals
  [signals 154/295] DASH… 789 bars, 704 signals
  [signals 155/295] EQIX… 798 bars, 744 signals
  [signals 156/295] TTD… 798 bars, 711 signals
  [signals 157/295] HAL… 798 bars, 703 signals
  [signals 158/295] DUK… 798 bars, 777 signals
  [signals 159/295] NOC… 798 bars, 782 signals
  [signals 160/295] GM… 798 bars, 739 signals
  [signals 161/295] CVS… 798 bars, 765 signals
  [signals 162/295] FIX… 798 bars, 705 signals
  [signals 163/295] MDLZ… 798 bars, 746 signals
  [signals 164/295] CB… 798 bars, 777 signals
  [signals 165/295] EXPE… 798 bars, 715 signals
  [signals 166/295] AMT… 798 bars, 764 signals
  [signals 167/295] HCA… 798 bars, 763 signals
  [signals 168/295] CL… 798 bars, 787 signals
  [signals 169/295] HWM… 798 bars, 736 signals
  [signals 170/295] PNC… 798 bars, 771 signals
  [signals 171/295] MPWR… 798 bars, 711 signals
  [signals 172/295] HLT… 798 bars, 750 signals
  [signals 173/295] MCHP… 798 bars, 750 signals
  [signals 174/295] EQT… 798 bars, 732 signals
  [signals 175/295] USB… 798 bars, 761 signals
  [signals 176/295] ADSK… 798 bars, 758 signals
  [signals 177/295] CMG… 798 bars, 735 signals
  [signals 178/295] JCI… 798 bars, 731 signals
  [signals 179/295] TT… 798 bars, 759 signals
  [signals 180/295] ORLY… 798 bars, 735 signals
  [signals 181/295] ICE… 798 bars, 784 signals
  [signals 182/295] SHW… 798 bars, 783 signals
  [signals 183/295] LHX… 798 bars, 770 signals
  [signals 184/295] DDOG… 798 bars, 743 signals
  [signals 185/295] KR… 798 bars, 774 signals
  [signals 186/295] AZO… 798 bars, 743 signals
  [signals 187/295] DOW… 798 bars, 775 signals
  [signals 188/295] WM… 798 bars, 764 signals
  [signals 189/295] ABNB… 788 bars, 715 signals
  [signals 190/295] NRG… 798 bars, 743 signals
  [signals 191/295] SO… 798 bars, 774 signals
  [signals 192/295] NXPI… 798 bars, 759 signals
  [signals 193/295] MRSH… 798 bars, 768 signals
  [signals 194/295] ZTS… 798 bars, 785 signals
  [signals 195/295] ULTA… 798 bars, 744 signals
  [signals 196/295] AEP… 798 bars, 780 signals
  [signals 197/295] CSX… 798 bars, 766 signals
  [signals 198/295] MSI… 798 bars, 756 signals
  [signals 199/295] KEYS… 798 bars, 731 signals
  [signals 200/295] KMB… 798 bars, 769 signals
  [signals 201/295] MAR… 798 bars, 741 signals
  [signals 202/295] FITB… 798 bars, 756 signals
  [signals 203/295] LULU… 798 bars, 731 signals
  [signals 204/295] ROP… 798 bars, 778 signals
  [signals 205/295] MNST… 798 bars, 765 signals
  [signals 206/295] URI… 798 bars, 735 signals
  [signals 207/295] LYV… 798 bars, 753 signals
  [signals 208/295] DG… 798 bars, 768 signals
  [signals 209/295] CMI… 798 bars, 767 signals
  [signals 210/295] CI… 798 bars, 755 signals
  [signals 211/295] AJG… 798 bars, 751 signals
  [signals 212/295] FTNT… 798 bars, 694 signals
  [signals 213/295] NCLH… 798 bars, 696 signals
  [signals 214/295] EA… 798 bars, 768 signals
  [signals 215/295] ARES… 798 bars, 729 signals
  [signals 216/295] AKAM… 798 bars, 771 signals
  [signals 217/295] WMB… 798 bars, 758 signals
  [signals 218/295] TDG… 798 bars, 731 signals
  [signals 219/295] COR… 798 bars, 739 signals
  [signals 220/295] PLD… 798 bars, 729 signals
  [signals 221/295] TEL… 798 bars, 764 signals
  [signals 222/295] CTAS… 798 bars, 753 signals
  [signals 223/295] AXON… 798 bars, 681 signals
  [signals 224/295] KMI… 798 bars, 770 signals
  [signals 225/295] MRNA… 798 bars, 696 signals
  [signals 226/295] ECL… 798 bars, 784 signals
  [signals 227/295] EL… 798 bars, 768 signals
  [signals 228/295] EXC… 798 bars, 772 signals
2026-03-31 10:18:57,494 [INFO] backtesting.backtester: Requesting OHLCV for NFLX: 2020-11-27 → 2024-01-31 (provider=yahoo, cache_dir=data/cache/ohlcv, ttl=0)
2026-03-31 10:18:57,496 [INFO] backtesting.backtester: Loaded OHLCV for NFLX: shape=(798, 9)
2026-03-31 10:18:57,496 [INFO] backtesting.backtester: Requesting OHLCV for ORCL: 2020-11-27 → 2024-01-31 (provider=yahoo, cache_dir=data/cache/ohlcv, ttl=0)
2026-03-31 10:18:57,498 [INFO] backtesting.backtester: Loaded OHLCV for ORCL: shape=(798, 9)
2026-03-31 10:18:57,498 [INFO] backtesting.backtester: Requesting OHLCV for INTC: 2020-11-27 → 2024-01-31 (provider=yahoo, cache_dir=data/cache/ohlcv, ttl=0)
2026-03-31 10:18:57,501 [INFO] backtesting.backtester: Loaded OHLCV for INTC: shape=(798, 9)
2026-03-31 10:18:57,501 [INFO] backtesting.backtester: Requesting OHLCV for XOM: 2020-11-27 → 2024-01-31 (provider=yahoo, cache_dir=data/cache/ohlcv, ttl=0)
2026-03-31 10:18:57,503 [INFO] backtesting.backtester: Loaded OHLCV for XOM: shape=(798, 9)
2026-03-31 10:18:57,503 [INFO] backtesting.backtester: Requesting OHLCV for JPM: 2020-11-27 → 2024-01-31 (provider=yahoo, cache_dir=data/cache/ohlcv, ttl=0)
2026-03-31 10:18:57,505 [INFO] backtesting.backtester: Loaded OHLCV for JPM: shape=(798, 9)
2026-03-31 10:18:57,505 [INFO] backtesting.backtester: Requesting OHLCV for VRT: 2020-11-27 → 2024-01-31 (provider=yahoo, cache_dir=data/cache/ohlcv, ttl=0)
2026-03-31 10:18:57,506 [INFO] backtesting.backtester: Loaded OHLCV for VRT: shape=(798, 9)
2026-03-31 10:18:57,506 [INFO] backtesting.backtester: Requesting OHLCV for CVX: 2020-11-27 → 2024-01-31 (provider=yahoo, cache_dir=data/cache/ohlcv, ttl=0)
2026-03-31 10:18:57,508 [INFO] backtesting.backtester: Loaded OHLCV for CVX: shape=(798, 9)
2026-03-31 10:18:57,508 [INFO] backtesting.backtester: Requesting OHLCV for CRM: 2020-11-27 → 2024-01-31 (provider=yahoo, cache_dir=data/cache/ohlcv, ttl=0)
2026-03-31 10:18:57,510 [INFO] backtesting.backtester: Loaded OHLCV for CRM: shape=(798, 9)
2026-03-31 10:18:57,510 [INFO] backtesting.backtester: Requesting OHLCV for LLY: 2020-11-27 → 2024-01-31 (provider=yahoo, cache_dir=data/cache/ohlcv, ttl=0)
2026-03-31 10:18:57,511 [INFO] backtesting.backtester: Loaded OHLCV for LLY: shape=(798, 9)
2026-03-31 10:18:57,512 [INFO] backtesting.backtester: Requesting OHLCV for COHR: 2020-11-27 → 2024-01-31 (provider=yahoo, cache_dir=data/cache/ohlcv, ttl=0)
2026-03-31 10:18:57,513 [INFO] backtesting.backtester: Loaded OHLCV for COHR: shape=(798, 9)
2026-03-31 10:18:57,513 [INFO] backtesting.backtester: Requesting OHLCV for WMT: 2020-11-27 → 2024-01-31 (provider=yahoo, cache_dir=data/cache/ohlcv, ttl=0)
2026-03-31 10:18:57,515 [INFO] backtesting.backtester: Loaded OHLCV for WMT: shape=(798, 9)
2026-03-31 10:18:57,515 [INFO] backtesting.backtester: Requesting OHLCV for WDC: 2020-11-27 → 2024-01-31 (provider=yahoo, cache_dir=data/cache/ohlcv, ttl=0)
2026-03-31 10:18:57,516 [INFO] backtesting.backtester: Loaded OHLCV for WDC: shape=(798, 9)
2026-03-31 10:18:57,516 [INFO] backtesting.backtester: Requesting OHLCV for COIN: 2020-11-27 → 2024-01-31 (provider=yahoo, cache_dir=data/cache/ohlcv, ttl=0)
2026-03-31 10:18:57,535 [INFO] backtesting.backtester: Loaded OHLCV for COIN: shape=(704, 9)
2026-03-31 10:18:57,535 [INFO] backtesting.backtester: Requesting OHLCV for UNH: 2020-11-27 → 2024-01-31 (provider=yahoo, cache_dir=data/cache/ohlcv, ttl=0)
2026-03-31 10:18:57,537 [INFO] backtesting.backtester: Loaded OHLCV for UNH: shape=(798, 9)
2026-03-31 10:18:57,537 [INFO] backtesting.backtester: Requesting OHLCV for LRCX: 2020-11-27 → 2024-01-31 (provider=yahoo, cache_dir=data/cache/ohlcv, ttl=0)
2026-03-31 10:18:57,539 [INFO] backtesting.backtester: Loaded OHLCV for LRCX: shape=(798, 9)
2026-03-31 10:18:57,539 [INFO] backtesting.backtester: Requesting OHLCV for AMAT: 2020-11-27 → 2024-01-31 (provider=yahoo, cache_dir=data/cache/ohlcv, ttl=0)
2026-03-31 10:18:57,540 [INFO] backtesting.backtester: Loaded OHLCV for AMAT: shape=(798, 9)
2026-03-31 10:18:57,540 [INFO] backtesting.backtester: Requesting OHLCV for APP: 2020-11-27 → 2024-01-31 (provider=yahoo, cache_dir=data/cache/ohlcv, ttl=0)
2026-03-31 10:18:57,559 [INFO] backtesting.backtester: Loaded OHLCV for APP: shape=(703, 9)
2026-03-31 10:18:57,559 [INFO] backtesting.backtester: Requesting OHLCV for BAC: 2020-11-27 → 2024-01-31 (provider=yahoo, cache_dir=data/cache/ohlcv, ttl=0)
2026-03-31 10:18:57,561 [INFO] backtesting.backtester: Loaded OHLCV for BAC: shape=(798, 9)
2026-03-31 10:18:57,561 [INFO] backtesting.backtester: Requesting OHLCV for V: 2020-11-27 → 2024-01-31 (provider=yahoo, cache_dir=data/cache/ohlcv, ttl=0)
2026-03-31 10:18:57,562 [INFO] backtesting.backtester: Loaded OHLCV for V: shape=(798, 9)
2026-03-31 10:18:57,563 [INFO] backtesting.backtester: Requesting OHLCV for GEV: 2020-11-27 → 2024-01-31 (provider=yahoo, cache_dir=data/cache/ohlcv, ttl=0)
2026-03-31 10:18:57,564 [ERROR] yfinance: $GEV: possibly delisted; no price data found  (1d 2020-11-27 00:00:00 -> 2024-01-31 00:00:00) (Yahoo error = "Data doesn't exist for startDate = 1606453200, endDate = 1706677200")
2026-03-31 10:18:57,576 [ERROR] yfinance: 
1 Failed download:
2026-03-31 10:18:57,576 [ERROR] yfinance: ['GEV']: possibly delisted; no price data found  (1d 2020-11-27 00:00:00 -> 2024-01-31 00:00:00) (Yahoo error = "Data doesn't exist for startDate = 1606453200, endDate = 1706677200")
2026-03-31 10:18:57,744 [INFO] backtesting.backtester: Loaded OHLCV for GEV: shape=(0, 5)
2026-03-31 10:18:57,744 [WARNING] backtesting.backtester: Skipping GEV due to insufficient data (len=0 < 210 bars)
2026-03-31 10:18:57,744 [INFO] backtesting.backtester: Requesting OHLCV for GS: 2020-11-27 → 2024-01-31 (provider=yahoo, cache_dir=data/cache/ohlcv, ttl=0)
2026-03-31 10:18:57,750 [INFO] backtesting.backtester: Loaded OHLCV for GS: shape=(798, 9)
2026-03-31 10:18:57,750 [INFO] backtesting.backtester: Requesting OHLCV for HOOD: 2020-11-27 → 2024-01-31 (provider=yahoo, cache_dir=data/cache/ohlcv, ttl=0)
2026-03-31 10:18:57,769 [INFO] backtesting.backtester: Loaded OHLCV for HOOD: shape=(630, 9)
2026-03-31 10:18:57,769 [WARNING] backtesting.backtester: Excluding HOOD due to insufficient pre-history: first_date=2021-07-29 00:00:00, required=252 days before 2022-01-01 00:00:00
2026-03-31 10:18:57,769 [INFO] backtesting.backtester: Requesting OHLCV for JNJ: 2020-11-27 → 2024-01-31 (provider=yahoo, cache_dir=data/cache/ohlcv, ttl=0)
2026-03-31 10:18:57,772 [INFO] backtesting.backtester: Loaded OHLCV for JNJ: shape=(798, 9)
2026-03-31 10:18:57,772 [INFO] backtesting.backtester: Requesting OHLCV for CAT: 2020-11-27 → 2024-01-31 (provider=yahoo, cache_dir=data/cache/ohlcv, ttl=0)
2026-03-31 10:18:57,774 [INFO] backtesting.backtester: Loaded OHLCV for CAT: shape=(798, 9)
2026-03-31 10:18:57,774 [INFO] backtesting.backtester: Requesting OHLCV for NOW: 2020-11-27 → 2024-01-31 (provider=yahoo, cache_dir=data/cache/ohlcv, ttl=0)
2026-03-31 10:18:57,776 [INFO] backtesting.backtester: Loaded OHLCV for NOW: shape=(798, 9)
2026-03-31 10:18:57,776 [INFO] backtesting.backtester: Requesting OHLCV for GLW: 2020-11-27 → 2024-01-31 (provider=yahoo, cache_dir=data/cache/ohlcv, ttl=0)
2026-03-31 10:18:57,777 [INFO] backtesting.backtester: Loaded OHLCV for GLW: shape=(798, 9)
2026-03-31 10:18:57,777 [INFO] backtesting.backtester: Requesting OHLCV for INTU: 2020-11-27 → 2024-01-31 (provider=yahoo, cache_dir=data/cache/ohlcv, ttl=0)
2026-03-31 10:18:57,779 [INFO] backtesting.backtester: Loaded OHLCV for INTU: shape=(798, 9)
2026-03-31 10:18:57,779 [INFO] backtesting.backtester: Requesting OHLCV for CSCO: 2020-11-27 → 2024-01-31 (provider=yahoo, cache_dir=data/cache/ohlcv, ttl=0)
2026-03-31 10:18:57,781 [INFO] backtesting.backtester: Loaded OHLCV for CSCO: shape=(798, 9)
2026-03-31 10:18:57,781 [INFO] backtesting.backtester: Requesting OHLCV for COST: 2020-11-27 → 2024-01-31 (provider=yahoo, cache_dir=data/cache/ohlcv, ttl=0)
2026-03-31 10:18:57,783 [INFO] backtesting.backtester: Loaded OHLCV for COST: shape=(798, 9)
2026-03-31 10:18:57,783 [INFO] backtesting.backtester: Requesting OHLCV for BKNG: 2020-11-27 → 2024-01-31 (provider=yahoo, cache_dir=data/cache/ohlcv, ttl=0)
2026-03-31 10:18:57,785 [INFO] backtesting.backtester: Loaded OHLCV for BKNG: shape=(798, 9)
2026-03-31 10:18:57,785 [INFO] backtesting.backtester: Requesting OHLCV for CRWD: 2020-11-27 → 2024-01-31 (provider=yahoo, cache_dir=data/cache/ohlcv, ttl=0)
2026-03-31 10:18:57,786 [INFO] backtesting.backtester: Loaded OHLCV for CRWD: shape=(798, 9)
2026-03-31 10:18:57,786 [INFO] backtesting.backtester: Requesting OHLCV for C: 2020-11-27 → 2024-01-31 (provider=yahoo, cache_dir=data/cache/ohlcv, ttl=0)
2026-03-31 10:18:57,788 [INFO] backtesting.backtester: Loaded OHLCV for C: shape=(798, 9)
2026-03-31 10:18:57,788 [INFO] backtesting.backtester: Requesting OHLCV for PG: 2020-11-27 → 2024-01-31 (provider=yahoo, cache_dir=data/cache/ohlcv, ttl=0)
2026-03-31 10:18:57,790 [INFO] backtesting.backtester: Loaded OHLCV for PG: shape=(798, 9)
2026-03-31 10:18:57,790 [INFO] backtesting.backtester: Requesting OHLCV for MA: 2020-11-27 → 2024-01-31 (provider=yahoo, cache_dir=data/cache/ohlcv, ttl=0)
2026-03-31 10:18:57,792 [INFO] backtesting.backtester: Loaded OHLCV for MA: shape=(798, 9)
2026-03-31 10:18:57,792 [INFO] backtesting.backtester: Requesting OHLCV for ADBE: 2020-11-27 → 2024-01-31 (provider=yahoo, cache_dir=data/cache/ohlcv, ttl=0)
2026-03-31 10:18:57,793 [INFO] backtesting.backtester: Loaded OHLCV for ADBE: shape=(798, 9)
2026-03-31 10:18:57,793 [INFO] backtesting.backtester: Requesting OHLCV for ACN: 2020-11-27 → 2024-01-31 (provider=yahoo, cache_dir=data/cache/ohlcv, ttl=0)
2026-03-31 10:18:57,795 [INFO] backtesting.backtester: Loaded OHLCV for ACN: shape=(798, 9)
2026-03-31 10:18:57,795 [INFO] backtesting.backtester: Requesting OHLCV for QCOM: 2020-11-27 → 2024-01-31 (provider=yahoo, cache_dir=data/cache/ohlcv, ttl=0)
2026-03-31 10:18:57,796 [INFO] backtesting.backtester: Loaded OHLCV for QCOM: shape=(798, 9)
2026-03-31 10:18:57,796 [INFO] backtesting.backtester: Requesting OHLCV for GE: 2020-11-27 → 2024-01-31 (provider=yahoo, cache_dir=data/cache/ohlcv, ttl=0)
2026-03-31 10:18:57,798 [INFO] backtesting.backtester: Loaded OHLCV for GE: shape=(798, 9)
2026-03-31 10:18:57,798 [INFO] backtesting.backtester: Requesting OHLCV for DELL: 2020-11-27 → 2024-01-31 (provider=yahoo, cache_dir=data/cache/ohlcv, ttl=0)
2026-03-31 10:18:57,799 [INFO] backtesting.backtester: Loaded OHLCV for DELL: shape=(798, 9)
2026-03-31 10:18:57,799 [INFO] backtesting.backtester: Requesting OHLCV for ABBV: 2020-11-27 → 2024-01-31 (provider=yahoo, cache_dir=data/cache/ohlcv, ttl=0)
2026-03-31 10:18:57,801 [INFO] backtesting.backtester: Loaded OHLCV for ABBV: shape=(798, 9)
2026-03-31 10:18:57,801 [INFO] backtesting.backtester: Requesting OHLCV for WFC: 2020-11-27 → 2024-01-31 (provider=yahoo, cache_dir=data/cache/ohlcv, ttl=0)
2026-03-31 10:18:57,802 [INFO] backtesting.backtester: Loaded OHLCV for WFC: shape=(798, 9)
2026-03-31 10:18:57,802 [INFO] backtesting.backtester: Requesting OHLCV for BA: 2020-11-27 → 2024-01-31 (provider=yahoo, cache_dir=data/cache/ohlcv, ttl=0)
2026-03-31 10:18:57,804 [INFO] backtesting.backtester: Loaded OHLCV for BA: shape=(798, 9)
2026-03-31 10:18:57,804 [INFO] backtesting.backtester: Requesting OHLCV for KLAC: 2020-11-27 → 2024-01-31 (provider=yahoo, cache_dir=data/cache/ohlcv, ttl=0)
2026-03-31 10:18:57,805 [INFO] backtesting.backtester: Loaded OHLCV for KLAC: shape=(798, 9)
2026-03-31 10:18:57,805 [INFO] backtesting.backtester: Requesting OHLCV for IBM: 2020-11-27 → 2024-01-31 (provider=yahoo, cache_dir=data/cache/ohlcv, ttl=0)
2026-03-31 10:18:57,807 [INFO] backtesting.backtester: Loaded OHLCV for IBM: shape=(798, 9)
2026-03-31 10:18:57,807 [INFO] backtesting.backtester: Requesting OHLCV for HD: 2020-11-27 → 2024-01-31 (provider=yahoo, cache_dir=data/cache/ohlcv, ttl=0)
2026-03-31 10:18:57,808 [INFO] backtesting.backtester: Loaded OHLCV for HD: shape=(798, 9)
2026-03-31 10:18:57,809 [INFO] backtesting.backtester: Requesting OHLCV for COP: 2020-11-27 → 2024-01-31 (provider=yahoo, cache_dir=data/cache/ohlcv, ttl=0)
2026-03-31 10:18:57,810 [INFO] backtesting.backtester: Loaded OHLCV for COP: shape=(798, 9)
2026-03-31 10:18:57,810 [INFO] backtesting.backtester: Requesting OHLCV for STX: 2020-11-27 → 2024-01-31 (provider=yahoo, cache_dir=data/cache/ohlcv, ttl=0)
2026-03-31 10:18:57,811 [INFO] backtesting.backtester: Loaded OHLCV for STX: shape=(798, 9)
2026-03-31 10:18:57,811 [INFO] backtesting.backtester: Requesting OHLCV for UBER: 2020-11-27 → 2024-01-31 (provider=yahoo, cache_dir=data/cache/ohlcv, ttl=0)
2026-03-31 10:18:57,813 [INFO] backtesting.backtester: Loaded OHLCV for UBER: shape=(798, 9)
2026-03-31 10:18:57,813 [INFO] backtesting.backtester: Requesting OHLCV for LIN: 2020-11-27 → 2024-01-31 (provider=yahoo, cache_dir=data/cache/ohlcv, ttl=0)
2026-03-31 10:18:57,814 [INFO] backtesting.backtester: Loaded OHLCV for LIN: shape=(798, 9)
2026-03-31 10:18:57,814 [INFO] backtesting.backtester: Requesting OHLCV for VZ: 2020-11-27 → 2024-01-31 (provider=yahoo, cache_dir=data/cache/ohlcv, ttl=0)
2026-03-31 10:18:57,816 [INFO] backtesting.backtester: Loaded OHLCV for VZ: shape=(798, 9)
2026-03-31 10:18:57,816 [INFO] backtesting.backtester: Requesting OHLCV for APH: 2020-11-27 → 2024-01-31 (provider=yahoo, cache_dir=data/cache/ohlcv, ttl=0)
2026-03-31 10:18:57,817 [INFO] backtesting.backtester: Loaded OHLCV for APH: shape=(798, 9)
2026-03-31 10:18:57,817 [INFO] backtesting.backtester: Requesting OHLCV for ABT: 2020-11-27 → 2024-01-31 (provider=yahoo, cache_dir=data/cache/ohlcv, ttl=0)
2026-03-31 10:18:57,819 [INFO] backtesting.backtester: Loaded OHLCV for ABT: shape=(798, 9)
2026-03-31 10:18:57,819 [INFO] backtesting.backtester: Requesting OHLCV for NEM: 2020-11-27 → 2024-01-31 (provider=yahoo, cache_dir=data/cache/ohlcv, ttl=0)
2026-03-31 10:18:57,820 [INFO] backtesting.backtester: Loaded OHLCV for NEM: shape=(798, 9)
2026-03-31 10:18:57,820 [INFO] backtesting.backtester: Requesting OHLCV for AXP: 2020-11-27 → 2024-01-31 (provider=yahoo, cache_dir=data/cache/ohlcv, ttl=0)
2026-03-31 10:18:57,821 [INFO] backtesting.backtester: Loaded OHLCV for AXP: shape=(798, 9)
2026-03-31 10:18:57,821 [INFO] backtesting.backtester: Requesting OHLCV for KO: 2020-11-27 → 2024-01-31 (provider=yahoo, cache_dir=data/cache/ohlcv, ttl=0)
2026-03-31 10:18:57,823 [INFO] backtesting.backtester: Loaded OHLCV for KO: shape=(798, 9)
2026-03-31 10:18:57,823 [INFO] backtesting.backtester: Requesting OHLCV for ADI: 2020-11-27 → 2024-01-31 (provider=yahoo, cache_dir=data/cache/ohlcv, ttl=0)
2026-03-31 10:18:57,824 [INFO] backtesting.backtester: Loaded OHLCV for ADI: shape=(798, 9)
2026-03-31 10:18:57,824 [INFO] backtesting.backtester: Requesting OHLCV for PANW: 2020-11-27 → 2024-01-31 (provider=yahoo, cache_dir=data/cache/ohlcv, ttl=0)
2026-03-31 10:18:57,826 [INFO] backtesting.backtester: Loaded OHLCV for PANW: shape=(798, 9)
2026-03-31 10:18:57,826 [INFO] backtesting.backtester: Requesting OHLCV for TXN: 2020-11-27 → 2024-01-31 (provider=yahoo, cache_dir=data/cache/ohlcv, ttl=0)
2026-03-31 10:18:57,827 [INFO] backtesting.backtester: Loaded OHLCV for TXN: shape=(798, 9)
2026-03-31 10:18:57,827 [INFO] backtesting.backtester: Requesting OHLCV for RTX: 2020-11-27 → 2024-01-31 (provider=yahoo, cache_dir=data/cache/ohlcv, ttl=0)
2026-03-31 10:18:57,829 [INFO] backtesting.backtester: Loaded OHLCV for RTX: shape=(798, 9)
2026-03-31 10:18:57,829 [INFO] backtesting.backtester: Requesting OHLCV for BX: 2020-11-27 → 2024-01-31 (provider=yahoo, cache_dir=data/cache/ohlcv, ttl=0)
2026-03-31 10:18:57,830 [INFO] backtesting.backtester: Loaded OHLCV for BX: shape=(798, 9)
2026-03-31 10:18:57,830 [INFO] backtesting.backtester: Requesting OHLCV for T: 2020-11-27 → 2024-01-31 (provider=yahoo, cache_dir=data/cache/ohlcv, ttl=0)
2026-03-31 10:18:57,831 [INFO] backtesting.backtester: Loaded OHLCV for T: shape=(798, 9)
2026-03-31 10:18:57,831 [INFO] backtesting.backtester: Requesting OHLCV for MRK: 2020-11-27 → 2024-01-31 (provider=yahoo, cache_dir=data/cache/ohlcv, ttl=0)
2026-03-31 10:18:57,833 [INFO] backtesting.backtester: Loaded OHLCV for MRK: shape=(798, 9)
2026-03-31 10:18:57,833 [INFO] backtesting.backtester: Requesting OHLCV for MS: 2020-11-27 → 2024-01-31 (provider=yahoo, cache_dir=data/cache/ohlcv, ttl=0)
2026-03-31 10:18:57,834 [INFO] backtesting.backtester: Loaded OHLCV for MS: shape=(798, 9)
2026-03-31 10:18:57,834 [INFO] backtesting.backtester: Requesting OHLCV for CIEN: 2020-11-27 → 2024-01-31 (provider=yahoo, cache_dir=data/cache/ohlcv, ttl=0)
2026-03-31 10:18:57,836 [INFO] backtesting.backtester: Loaded OHLCV for CIEN: shape=(798, 9)
2026-03-31 10:18:57,836 [INFO] backtesting.backtester: Requesting OHLCV for LMT: 2020-11-27 → 2024-01-31 (provider=yahoo, cache_dir=data/cache/ohlcv, ttl=0)
2026-03-31 10:18:57,837 [INFO] backtesting.backtester: Loaded OHLCV for LMT: shape=(798, 9)
2026-03-31 10:18:57,837 [INFO] backtesting.backtester: Requesting OHLCV for OXY: 2020-11-27 → 2024-01-31 (provider=yahoo, cache_dir=data/cache/ohlcv, ttl=0)
2026-03-31 10:18:57,838 [INFO] backtesting.backtester: Loaded OHLCV for OXY: shape=(798, 9)
2026-03-31 10:18:57,838 [INFO] backtesting.backtester: Requesting OHLCV for DIS: 2020-11-27 → 2024-01-31 (provider=yahoo, cache_dir=data/cache/ohlcv, ttl=0)
2026-03-31 10:18:57,840 [INFO] backtesting.backtester: Loaded OHLCV for DIS: shape=(798, 9)
2026-03-31 10:18:57,840 [INFO] backtesting.backtester: Requesting OHLCV for FCX: 2020-11-27 → 2024-01-31 (provider=yahoo, cache_dir=data/cache/ohlcv, ttl=0)
2026-03-31 10:18:57,841 [INFO] backtesting.backtester: Loaded OHLCV for FCX: shape=(798, 9)
2026-03-31 10:18:57,841 [INFO] backtesting.backtester: Requesting OHLCV for TMUS: 2020-11-27 → 2024-01-31 (provider=yahoo, cache_dir=data/cache/ohlcv, ttl=0)
2026-03-31 10:18:57,842 [INFO] backtesting.backtester: Loaded OHLCV for TMUS: shape=(798, 9)
2026-03-31 10:18:57,843 [INFO] backtesting.backtester: Requesting OHLCV for SMCI: 2020-11-27 → 2024-01-31 (provider=yahoo, cache_dir=data/cache/ohlcv, ttl=0)
2026-03-31 10:18:57,844 [INFO] backtesting.backtester: Loaded OHLCV for SMCI: shape=(798, 9)
2026-03-31 10:18:57,844 [INFO] backtesting.backtester: Requesting OHLCV for PFE: 2020-11-27 → 2024-01-31 (provider=yahoo, cache_dir=data/cache/ohlcv, ttl=0)
2026-03-31 10:18:57,845 [INFO] backtesting.backtester: Loaded OHLCV for PFE: shape=(798, 9)
2026-03-31 10:18:57,845 [INFO] backtesting.backtester: Requesting OHLCV for CMCSA: 2020-11-27 → 2024-01-31 (provider=yahoo, cache_dir=data/cache/ohlcv, ttl=0)
2026-03-31 10:18:57,847 [INFO] backtesting.backtester: Loaded OHLCV for CMCSA: shape=(798, 9)
2026-03-31 10:18:57,847 [INFO] backtesting.backtester: Requesting OHLCV for VLO: 2020-11-27 → 2024-01-31 (provider=yahoo, cache_dir=data/cache/ohlcv, ttl=0)
2026-03-31 10:18:57,849 [INFO] backtesting.backtester: Loaded OHLCV for VLO: shape=(798, 9)
2026-03-31 10:18:57,849 [INFO] backtesting.backtester: Requesting OHLCV for TER: 2020-11-27 → 2024-01-31 (provider=yahoo, cache_dir=data/cache/ohlcv, ttl=0)
2026-03-31 10:18:57,850 [INFO] backtesting.backtester: Loaded OHLCV for TER: shape=(798, 9)
2026-03-31 10:18:57,850 [INFO] backtesting.backtester: Requesting OHLCV for COF: 2020-11-27 → 2024-01-31 (provider=yahoo, cache_dir=data/cache/ohlcv, ttl=0)
2026-03-31 10:18:57,851 [INFO] backtesting.backtester: Loaded OHLCV for COF: shape=(798, 9)
2026-03-31 10:18:57,852 [INFO] backtesting.backtester: Requesting OHLCV for TMO: 2020-11-27 → 2024-01-31 (provider=yahoo, cache_dir=data/cache/ohlcv, ttl=0)
2026-03-31 10:18:57,853 [INFO] backtesting.backtester: Loaded OHLCV for TMO: shape=(798, 9)
2026-03-31 10:18:57,853 [INFO] backtesting.backtester: Requesting OHLCV for MCD: 2020-11-27 → 2024-01-31 (provider=yahoo, cache_dir=data/cache/ohlcv, ttl=0)
2026-03-31 10:18:57,854 [INFO] backtesting.backtester: Loaded OHLCV for MCD: shape=(798, 9)
2026-03-31 10:18:57,855 [INFO] backtesting.backtester: Requesting OHLCV for PEP: 2020-11-27 → 2024-01-31 (provider=yahoo, cache_dir=data/cache/ohlcv, ttl=0)
2026-03-31 10:18:57,856 [INFO] backtesting.backtester: Loaded OHLCV for PEP: shape=(798, 9)
2026-03-31 10:18:57,856 [INFO] backtesting.backtester: Requesting OHLCV for SLB: 2020-11-27 → 2024-01-31 (provider=yahoo, cache_dir=data/cache/ohlcv, ttl=0)
2026-03-31 10:18:57,857 [INFO] backtesting.backtester: Loaded OHLCV for SLB: shape=(798, 9)
2026-03-31 10:18:57,857 [INFO] backtesting.backtester: Requesting OHLCV for BLK: 2020-11-27 → 2024-01-31 (provider=yahoo, cache_dir=data/cache/ohlcv, ttl=0)
2026-03-31 10:18:57,859 [INFO] backtesting.backtester: Loaded OHLCV for BLK: shape=(798, 9)
2026-03-31 10:18:57,859 [INFO] backtesting.backtester: Requesting OHLCV for SNPS: 2020-11-27 → 2024-01-31 (provider=yahoo, cache_dir=data/cache/ohlcv, ttl=0)
2026-03-31 10:18:57,860 [INFO] backtesting.backtester: Loaded OHLCV for SNPS: shape=(798, 9)
2026-03-31 10:18:57,860 [INFO] backtesting.backtester: Requesting OHLCV for NEE: 2020-11-27 → 2024-01-31 (provider=yahoo, cache_dir=data/cache/ohlcv, ttl=0)
2026-03-31 10:18:57,862 [INFO] backtesting.backtester: Loaded OHLCV for NEE: shape=(798, 9)
2026-03-31 10:18:57,862 [INFO] backtesting.backtester: Requesting OHLCV for SPGI: 2020-11-27 → 2024-01-31 (provider=yahoo, cache_dir=data/cache/ohlcv, ttl=0)
2026-03-31 10:18:57,863 [INFO] backtesting.backtester: Loaded OHLCV for SPGI: shape=(798, 9)
2026-03-31 10:18:57,863 [INFO] backtesting.backtester: Requesting OHLCV for AMGN: 2020-11-27 → 2024-01-31 (provider=yahoo, cache_dir=data/cache/ohlcv, ttl=0)
2026-03-31 10:18:57,865 [INFO] backtesting.backtester: Loaded OHLCV for AMGN: shape=(798, 9)
2026-03-31 10:18:57,865 [INFO] backtesting.backtester: Requesting OHLCV for ETN: 2020-11-27 → 2024-01-31 (provider=yahoo, cache_dir=data/cache/ohlcv, ttl=0)
2026-03-31 10:18:57,866 [INFO] backtesting.backtester: Loaded OHLCV for ETN: shape=(798, 9)
2026-03-31 10:18:57,866 [INFO] backtesting.backtester: Requesting OHLCV for DAL: 2020-11-27 → 2024-01-31 (provider=yahoo, cache_dir=data/cache/ohlcv, ttl=0)
2026-03-31 10:18:57,867 [INFO] backtesting.backtester: Loaded OHLCV for DAL: shape=(798, 9)
  [signals 229/295] FICO… 798 bars, 732 signals
  [signals 230/295] REGN… 798 bars, 753 signals
  [signals 231/295] OKE… 798 bars, 738 signals
  [signals 232/295] HBAN… 798 bars, 745 signals
  [signals 233/295] AON… 798 bars, 769 signals
  [signals 234/295] HPE… 798 bars, 730 signals
  [signals 235/295] GD… 798 bars, 761 signals
  [signals 236/295] TRV… 798 bars, 765 signals
  [signals 237/295] EBAY… 798 bars, 774 signals
  [signals 238/295] ODFL… 798 bars, 748 signals
  [signals 239/295] EXE… 747 bars, 708 signals
  [signals 240/295] TFC… 798 bars, 758 signals
  [signals 241/295] ON… 798 bars, 704 signals
  [signals 242/295] PCG… 798 bars, 780 signals
  [signals 243/295] LUV… 798 bars, 719 signals
  [signals 244/295] BDX… 798 bars, 776 signals
  [signals 245/295] O… 798 bars, 765 signals
  [signals 246/295] PAYX… 798 bars, 773 signals
  [signals 247/295] CTSH… 798 bars, 781 signals
  [signals 248/295] CAH… 798 bars, 725 signals
  [signals 249/295] RF… 798 bars, 738 signals
  [signals 250/295] APD… 798 bars, 754 signals
  [signals 251/295] TTWO… 798 bars, 763 signals
  [signals 252/295] VMC… 798 bars, 754 signals
  [signals 253/295] BK… 798 bars, 774 signals
  [signals 254/295] GIS… 798 bars, 764 signals
  [signals 255/295] EMR… 798 bars, 756 signals
  [signals 256/295] DPZ… 798 bars, 773 signals
  [signals 257/295] CTRA… 798 bars, 750 signals
  [signals 258/295] KHC… 798 bars, 748 signals
  [signals 259/295] VRSK… 798 bars, 769 signals
  [signals 260/295] PSA… 798 bars, 727 signals
  [signals 261/295] DHI… 798 bars, 715 signals
  [signals 262/295] OMC… 798 bars, 768 signals
  [signals 263/295] FSLR… 798 bars, 686 signals
  [signals 264/295] TRGP… 798 bars, 721 signals
  [signals 265/295] CARR… 798 bars, 759 signals
  [signals 266/295] NSC… 798 bars, 763 signals
  [signals 267/295] EW… 798 bars, 771 signals
  [signals 268/295] ROK… 798 bars, 758 signals
  [signals 269/295] FISV… 798 bars, 743 signals
  [signals 270/295] FAST… 798 bars, 757 signals
  [signals 271/295] MLM… 798 bars, 748 signals
  [signals 272/295] HSY… 798 bars, 781 signals
  [signals 273/295] ITW… 798 bars, 754 signals
  [signals 274/295] XEL… 798 bars, 786 signals
  [signals 275/295] APA… 798 bars, 681 signals
  [signals 276/295] WAT… 798 bars, 768 signals
  [signals 277/295] JBL… 798 bars, 718 signals
  [signals 278/295] PCAR… 798 bars, 737 signals
  [signals 279/295] ALB… 798 bars, 693 signals
  [signals 280/295] AIG… 798 bars, 751 signals
  [signals 281/295] BBY… 798 bars, 745 signals
  [signals 282/295] HPQ… 798 bars, 744 signals
  [signals 283/295] DLTR… 798 bars, 718 signals
  [signals 284/295] DLR… 798 bars, 786 signals
  [signals 285/295] AME… 798 bars, 745 signals
  [signals 286/295] IBKR… 798 bars, 729 signals
  [signals 287/295] DRI… 798 bars, 767 signals
  [signals 288/295] SPG… 798 bars, 712 signals
  [signals 289/295] OTIS… 798 bars, 772 signals
  [signals 290/295] SRE… 798 bars, 765 signals
  [signals 291/295] MOS… 798 bars, 711 signals
  [signals 292/295] CTVA… 798 bars, 754 signals
  [signals 293/295] KEY… 798 bars, 745 signals
  [signals 294/295] CPRT… 798 bars, 773 signals
  [signals 295/295] IQV… 798 bars, 763 signals

[WARN] Excluding tickers with insufficient history (<252 days before start_date): CEG, HOOD

Phase 2: Detecting market regimes (SPY + VIX)…
  Regimes: {'Bull': 272, 'Sideways': 45, 'Crisis': 48, 'Bear': 156}

Phase 3: Running day-by-day portfolio simulation…
Phase 4: Computing metrics…


Trade-level diagnostics:
  Avg P&L per long trade    : -34.73
  Avg P&L per short trade   :  nan
  Avg transaction cost / |P&L|:  34.23%
  Fraction of trades that are shorts:  0.00%
  P&L contribution:
    Longs  : -25179.54
    Shorts :  0.00
    Costs  : -13825.10  (negative = drag)

Sharpe by regime (daily equity):
  Bull    : -0.94
  Bear    : -2.18
  Sideways: -3.35
  Crisis  : -4.11
  Overall: -1.06
  CAPM (vs SPY):
    Portfolio Beta     : 0.217
    Portfolio Alpha    : -12.49% (ann.)
    Treynor Ratio      : -0.736
    Information Ratio : -0.678

  Position Sizing Comparison:
    Equal-weight Sharpe  : -0.340
    Kelly (half) Sharpe  : -0.472
    Kelly win_rate used  : 50.0%
    Kelly fraction       : 0.5
    Kelly avg position   : 11.8% of equity


=================================================================
  Backtest Results
=================================================================

  Total Trades            : 725
    Bullish                : 725
    Bearish                : 0

  Win Rate                : 37.4%
  Average Return          : -0.21%
  Profit Factor           : 0.69
  Sharpe Ratio            : -0.34
  Net Sharpe Ratio        : -1.06
    95% CI                : [-2.45, 0.31]
  Sortino Ratio           : -0.46
    95% CI                : [-1.81, 0.27]
  Calmar Ratio            : -0.41
    95% CI                : [-0.54, 0.24]
  Max Drawdown            : -28.61%
  Max DD Duration (days)  : 756
  Avg Drawdown            : -28.61%
  Avg DD Duration (days)  : 756.0

  Annual Turnover (old)  : 80.51
  Avg Daily Turnover      : 0.11
  Annual Turnover         : 27.51
  Turnover Cost Drag (bps): 826.8
  Turnover (shares-based): 61.40
  Position changes / avg positions held: 277.46
  Turnover (trades_per_year*avg_position_size): 26.23
  Signal Accuracy         : 37.4%
  Information Coefficient : -0.0449
  Rank IC (Spearman)      : -0.0794

  Avg Holding (days)      : 5.4
  Med Holding (days)      : 6.0
  Min / Max Holding       : 1 / 11

  Starting Capital        : $    100,000.00
  Final Capital           : $     77,039.09
  Total PnL               : $    -25,179.54
  Total Return            : -22.96%
  Gross Return (pre-cost)  : -11.35%
  Net Return (after cost)  : -22.96%
  Total Transaction Costs  : $     13,825.10
  Average Cost per Trade   : $         19.07

  Bullish Win Rate        : 37.4%
  Bullish Avg Return      : -0.21%


============================================================
  BACKTEST RESULTS SUMMARY
============================================================
  Sharpe Ratio         : -0.340
  Net Sharpe Ratio     : -1.059
  Sortino Ratio        : -0.462
  CAGR                 : -12.24%
  Max Drawdown         : -28.61%
  Win Rate             : 37.4%
  Trades per Year      : 363
  Annual Turnover      : 2751%
  Est. Cost Drag (ann) : 8.27%
  Long P&L contrib     : -25.18%
  Short P&L contrib    : 0.00%
============================================================

  Trades CSV  → output/backtests/trades.csv
  Equity CSV  → output/backtests/daily_equity.csv
  Equity plot → output/backtests/equity_curve.png
  Regime plot → output/backtests/regime_returns.png
  Pos. count  → output/backtests/position_count.png

  Execution cost sensitivity (total bps scenarios)…
  Execution cost scenario 1/4: total=5.0 bps per leg
Phase 1: Downloading data & generating signals [ensemble]…
  [1/300] NVDA… [1/300] NVDA OHLCV window: first_date=2020-11-27, last_date=2024-01-31, n=798
  [2/300] TSLA… [2/300] TSLA OHLCV window: first_date=2020-11-27, last_date=2024-01-31, n=798
  [3/300] MU… [3/300] MU OHLCV window: first_date=2020-11-27, last_date=2024-01-31, n=798
  [4/300] MSFT… [4/300] MSFT OHLCV window: first_date=2020-11-27, last_date=2024-01-31, n=798
  [5/300] SNDK… insufficient data
  [6/300] AAPL… [6/300] AAPL OHLCV window: first_date=2020-11-27, last_date=2024-01-31, n=798
  [7/300] AVGO… [7/300] AVGO OHLCV window: first_date=2020-11-27, last_date=2024-01-31, n=798
  [8/300] AMZN… [8/300] AMZN OHLCV window: first_date=2020-11-27, last_date=2024-01-31, n=798
  [9/300] GOOGL… [9/300] GOOGL OHLCV window: first_date=2020-11-27, last_date=2024-01-31, n=798
  [10/300] META… [10/300] META OHLCV window: first_date=2020-11-27, last_date=2024-01-31, n=798
  [11/300] PLTR… [11/300] PLTR OHLCV window: first_date=2020-11-27, last_date=2024-01-31, n=798
  [12/300] AMD… [12/300] AMD OHLCV window: first_date=2020-11-27, last_date=2024-01-31, n=798
  [13/300] GOOG… [13/300] GOOG OHLCV window: first_date=2020-11-27, last_date=2024-01-31, n=798
  [14/300] LITE… [14/300] LITE OHLCV window: first_date=2020-11-27, last_date=2024-01-31, n=7982026-03-31 10:18:57,867 [INFO] backtesting.backtester: Requesting OHLCV for GILD: 2020-11-27 → 2024-01-31 (provider=yahoo, cache_dir=data/cache/ohlcv, ttl=0)
2026-03-31 10:18:57,869 [INFO] backtesting.backtester: Loaded OHLCV for GILD: shape=(798, 9)
2026-03-31 10:18:57,869 [INFO] backtesting.backtester: Requesting OHLCV for HON: 2020-11-27 → 2024-01-31 (provider=yahoo, cache_dir=data/cache/ohlcv, ttl=0)
2026-03-31 10:18:57,870 [INFO] backtesting.backtester: Loaded OHLCV for HON: shape=(798, 9)
2026-03-31 10:18:57,870 [INFO] backtesting.backtester: Requesting OHLCV for CEG: 2020-11-27 → 2024-01-31 (provider=yahoo, cache_dir=data/cache/ohlcv, ttl=0)
2026-03-31 10:18:57,888 [INFO] backtesting.backtester: Loaded OHLCV for CEG: shape=(510, 9)
2026-03-31 10:18:57,888 [WARNING] backtesting.backtester: Excluding CEG due to insufficient pre-history: first_date=2022-01-19 00:00:00, required=252 days before 2022-01-01 00:00:00
2026-03-31 10:18:57,888 [INFO] backtesting.backtester: Requesting OHLCV for ADP: 2020-11-27 → 2024-01-31 (provider=yahoo, cache_dir=data/cache/ohlcv, ttl=0)
2026-03-31 10:18:57,889 [INFO] backtesting.backtester: Loaded OHLCV for ADP: shape=(798, 9)
2026-03-31 10:18:57,889 [INFO] backtesting.backtester: Requesting OHLCV for BSX: 2020-11-27 → 2024-01-31 (provider=yahoo, cache_dir=data/cache/ohlcv, ttl=0)
2026-03-31 10:18:57,891 [INFO] backtesting.backtester: Loaded OHLCV for BSX: shape=(798, 9)
2026-03-31 10:18:57,891 [INFO] backtesting.backtester: Requesting OHLCV for PYPL: 2020-11-27 → 2024-01-31 (provider=yahoo, cache_dir=data/cache/ohlcv, ttl=0)
2026-03-31 10:18:57,892 [INFO] backtesting.backtester: Loaded OHLCV for PYPL: shape=(798, 9)
2026-03-31 10:18:57,892 [INFO] backtesting.backtester: Requesting OHLCV for PM: 2020-11-27 → 2024-01-31 (provider=yahoo, cache_dir=data/cache/ohlcv, ttl=0)
2026-03-31 10:18:57,894 [INFO] backtesting.backtester: Loaded OHLCV for PM: shape=(798, 9)
2026-03-31 10:18:57,894 [INFO] backtesting.backtester: Requesting OHLCV for CVNA: 2020-11-27 → 2024-01-31 (provider=yahoo, cache_dir=data/cache/ohlcv, ttl=0)
2026-03-31 10:18:57,895 [INFO] backtesting.backtester: Loaded OHLCV for CVNA: shape=(798, 9)
2026-03-31 10:18:57,895 [INFO] backtesting.backtester: Requesting OHLCV for UAL: 2020-11-27 → 2024-01-31 (provider=yahoo, cache_dir=data/cache/ohlcv, ttl=0)
2026-03-31 10:18:57,897 [INFO] backtesting.backtester: Loaded OHLCV for UAL: shape=(798, 9)
2026-03-31 10:18:57,897 [INFO] backtesting.backtester: Requesting OHLCV for NKE: 2020-11-27 → 2024-01-31 (provider=yahoo, cache_dir=data/cache/ohlcv, ttl=0)
2026-03-31 10:18:57,898 [INFO] backtesting.backtester: Loaded OHLCV for NKE: shape=(798, 9)
2026-03-31 10:18:57,898 [INFO] backtesting.backtester: Requesting OHLCV for ANET: 2020-11-27 → 2024-01-31 (provider=yahoo, cache_dir=data/cache/ohlcv, ttl=0)
2026-03-31 10:18:57,900 [INFO] backtesting.backtester: Loaded OHLCV for ANET: shape=(798, 9)
2026-03-31 10:18:57,900 [INFO] backtesting.backtester: Requesting OHLCV for DVN: 2020-11-27 → 2024-01-31 (provider=yahoo, cache_dir=data/cache/ohlcv, ttl=0)
2026-03-31 10:18:57,901 [INFO] backtesting.backtester: Loaded OHLCV for DVN: shape=(798, 9)
2026-03-31 10:18:57,901 [INFO] backtesting.backtester: Requesting OHLCV for BMY: 2020-11-27 → 2024-01-31 (provider=yahoo, cache_dir=data/cache/ohlcv, ttl=0)
2026-03-31 10:18:57,902 [INFO] backtesting.backtester: Loaded OHLCV for BMY: shape=(798, 9)
2026-03-31 10:18:57,902 [INFO] backtesting.backtester: Requesting OHLCV for CF: 2020-11-27 → 2024-01-31 (provider=yahoo, cache_dir=data/cache/ohlcv, ttl=0)
2026-03-31 10:18:57,904 [INFO] backtesting.backtester: Loaded OHLCV for CF: shape=(798, 9)
2026-03-31 10:18:57,904 [INFO] backtesting.backtester: Requesting OHLCV for SCHW: 2020-11-27 → 2024-01-31 (provider=yahoo, cache_dir=data/cache/ohlcv, ttl=0)
2026-03-31 10:18:57,905 [INFO] backtesting.backtester: Loaded OHLCV for SCHW: shape=(798, 9)
2026-03-31 10:18:57,905 [INFO] backtesting.backtester: Requesting OHLCV for SATS: 2020-11-27 → 2024-01-31 (provider=yahoo, cache_dir=data/cache/ohlcv, ttl=0)
2026-03-31 10:18:57,907 [INFO] backtesting.backtester: Loaded OHLCV for SATS: shape=(798, 9)
2026-03-31 10:18:57,907 [INFO] backtesting.backtester: Requesting OHLCV for WBD: 2020-11-27 → 2024-01-31 (provider=yahoo, cache_dir=data/cache/ohlcv, ttl=0)
2026-03-31 10:18:57,909 [INFO] backtesting.backtester: Loaded OHLCV for WBD: shape=(798, 9)
2026-03-31 10:18:57,909 [INFO] backtesting.backtester: Requesting OHLCV for PH: 2020-11-27 → 2024-01-31 (provider=yahoo, cache_dir=data/cache/ohlcv, ttl=0)
2026-03-31 10:18:57,910 [INFO] backtesting.backtester: Loaded OHLCV for PH: shape=(798, 9)
2026-03-31 10:18:57,910 [INFO] backtesting.backtester: Requesting OHLCV for EOG: 2020-11-27 → 2024-01-31 (provider=yahoo, cache_dir=data/cache/ohlcv, ttl=0)
2026-03-31 10:18:57,912 [INFO] backtesting.backtester: Loaded OHLCV for EOG: shape=(798, 9)
2026-03-31 10:18:57,912 [INFO] backtesting.backtester: Requesting OHLCV for KKR: 2020-11-27 → 2024-01-31 (provider=yahoo, cache_dir=data/cache/ohlcv, ttl=0)
2026-03-31 10:18:57,913 [INFO] backtesting.backtester: Loaded OHLCV for KKR: shape=(798, 9)
2026-03-31 10:18:57,913 [INFO] backtesting.backtester: Requesting OHLCV for TGT: 2020-11-27 → 2024-01-31 (provider=yahoo, cache_dir=data/cache/ohlcv, ttl=0)
2026-03-31 10:18:57,915 [INFO] backtesting.backtester: Loaded OHLCV for TGT: shape=(798, 9)
2026-03-31 10:18:57,915 [INFO] backtesting.backtester: Requesting OHLCV for RCL: 2020-11-27 → 2024-01-31 (provider=yahoo, cache_dir=data/cache/ohlcv, ttl=0)
2026-03-31 10:18:57,916 [INFO] backtesting.backtester: Loaded OHLCV for RCL: shape=(798, 9)
2026-03-31 10:18:57,916 [INFO] backtesting.backtester: Requesting OHLCV for SBUX: 2020-11-27 → 2024-01-31 (provider=yahoo, cache_dir=data/cache/ohlcv, ttl=0)
2026-03-31 10:18:57,918 [INFO] backtesting.backtester: Loaded OHLCV for SBUX: shape=(798, 9)
2026-03-31 10:18:57,918 [INFO] backtesting.backtester: Requesting OHLCV for DE: 2020-11-27 → 2024-01-31 (provider=yahoo, cache_dir=data/cache/ohlcv, ttl=0)
2026-03-31 10:18:57,919 [INFO] backtesting.backtester: Loaded OHLCV for DE: shape=(798, 9)
2026-03-31 10:18:57,919 [INFO] backtesting.backtester: Requesting OHLCV for FDX: 2020-11-27 → 2024-01-31 (provider=yahoo, cache_dir=data/cache/ohlcv, ttl=0)
2026-03-31 10:18:57,921 [INFO] backtesting.backtester: Loaded OHLCV for FDX: shape=(798, 9)
2026-03-31 10:18:57,921 [INFO] backtesting.backtester: Requesting OHLCV for F: 2020-11-27 → 2024-01-31 (provider=yahoo, cache_dir=data/cache/ohlcv, ttl=0)
2026-03-31 10:18:57,922 [INFO] backtesting.backtester: Loaded OHLCV for F: shape=(798, 9)
2026-03-31 10:18:57,922 [INFO] backtesting.backtester: Requesting OHLCV for CCL: 2020-11-27 → 2024-01-31 (provider=yahoo, cache_dir=data/cache/ohlcv, ttl=0)
2026-03-31 10:18:57,923 [INFO] backtesting.backtester: Loaded OHLCV for CCL: shape=(798, 9)
2026-03-31 10:18:57,923 [INFO] backtesting.backtester: Requesting OHLCV for ISRG: 2020-11-27 → 2024-01-31 (provider=yahoo, cache_dir=data/cache/ohlcv, ttl=0)
2026-03-31 10:18:57,925 [INFO] backtesting.backtester: Loaded OHLCV for ISRG: shape=(798, 9)
2026-03-31 10:18:57,925 [INFO] backtesting.backtester: Requesting OHLCV for VST: 2020-11-27 → 2024-01-31 (provider=yahoo, cache_dir=data/cache/ohlcv, ttl=0)
2026-03-31 10:18:57,926 [INFO] backtesting.backtester: Loaded OHLCV for VST: shape=(798, 9)
2026-03-31 10:18:57,926 [INFO] backtesting.backtester: Requesting OHLCV for DHR: 2020-11-27 → 2024-01-31 (provider=yahoo, cache_dir=data/cache/ohlcv, ttl=0)
2026-03-31 10:18:57,927 [INFO] backtesting.backtester: Loaded OHLCV for DHR: shape=(798, 9)
2026-03-31 10:18:57,927 [INFO] backtesting.backtester: Requesting OHLCV for UPS: 2020-11-27 → 2024-01-31 (provider=yahoo, cache_dir=data/cache/ohlcv, ttl=0)
2026-03-31 10:18:57,929 [INFO] backtesting.backtester: Loaded OHLCV for UPS: shape=(798, 9)
2026-03-31 10:18:57,929 [INFO] backtesting.backtester: Requesting OHLCV for SYK: 2020-11-27 → 2024-01-31 (provider=yahoo, cache_dir=data/cache/ohlcv, ttl=0)
2026-03-31 10:18:57,930 [INFO] backtesting.backtester: Loaded OHLCV for SYK: shape=(798, 9)
2026-03-31 10:18:57,930 [INFO] backtesting.backtester: Requesting OHLCV for WDAY: 2020-11-27 → 2024-01-31 (provider=yahoo, cache_dir=data/cache/ohlcv, ttl=0)
2026-03-31 10:18:57,932 [INFO] backtesting.backtester: Loaded OHLCV for WDAY: shape=(798, 9)
2026-03-31 10:18:57,932 [INFO] backtesting.backtester: Requesting OHLCV for APO: 2020-11-27 → 2024-01-31 (provider=yahoo, cache_dir=data/cache/ohlcv, ttl=0)
2026-03-31 10:18:57,933 [INFO] backtesting.backtester: Loaded OHLCV for APO: shape=(798, 9)
2026-03-31 10:18:57,934 [INFO] backtesting.backtester: Requesting OHLCV for TJX: 2020-11-27 → 2024-01-31 (provider=yahoo, cache_dir=data/cache/ohlcv, ttl=0)
2026-03-31 10:18:57,935 [INFO] backtesting.backtester: Loaded OHLCV for TJX: shape=(798, 9)
2026-03-31 10:18:57,935 [INFO] backtesting.backtester: Requesting OHLCV for UNP: 2020-11-27 → 2024-01-31 (provider=yahoo, cache_dir=data/cache/ohlcv, ttl=0)
2026-03-31 10:18:57,937 [INFO] backtesting.backtester: Loaded OHLCV for UNP: shape=(798, 9)
2026-03-31 10:18:57,937 [INFO] backtesting.backtester: Requesting OHLCV for ELV: 2020-11-27 → 2024-01-31 (provider=yahoo, cache_dir=data/cache/ohlcv, ttl=0)
2026-03-31 10:18:57,938 [INFO] backtesting.backtester: Loaded OHLCV for ELV: shape=(798, 9)
2026-03-31 10:18:57,938 [INFO] backtesting.backtester: Requesting OHLCV for MPC: 2020-11-27 → 2024-01-31 (provider=yahoo, cache_dir=data/cache/ohlcv, ttl=0)
2026-03-31 10:18:57,940 [INFO] backtesting.backtester: Loaded OHLCV for MPC: shape=(798, 9)
2026-03-31 10:18:57,940 [INFO] backtesting.backtester: Requesting OHLCV for MDT: 2020-11-27 → 2024-01-31 (provider=yahoo, cache_dir=data/cache/ohlcv, ttl=0)
2026-03-31 10:18:57,941 [INFO] backtesting.backtester: Loaded OHLCV for MDT: shape=(798, 9)
2026-03-31 10:18:57,941 [INFO] backtesting.backtester: Requesting OHLCV for CME: 2020-11-27 → 2024-01-31 (provider=yahoo, cache_dir=data/cache/ohlcv, ttl=0)
2026-03-31 10:18:57,943 [INFO] backtesting.backtester: Loaded OHLCV for CME: shape=(798, 9)
2026-03-31 10:18:57,943 [INFO] backtesting.backtester: Requesting OHLCV for CDNS: 2020-11-27 → 2024-01-31 (provider=yahoo, cache_dir=data/cache/ohlcv, ttl=0)
2026-03-31 10:18:57,944 [INFO] backtesting.backtester: Loaded OHLCV for CDNS: shape=(798, 9)
2026-03-31 10:18:57,944 [INFO] backtesting.backtester: Requesting OHLCV for FANG: 2020-11-27 → 2024-01-31 (provider=yahoo, cache_dir=data/cache/ohlcv, ttl=0)
2026-03-31 10:18:57,946 [INFO] backtesting.backtester: Loaded OHLCV for FANG: shape=(798, 9)
2026-03-31 10:18:57,946 [INFO] backtesting.backtester: Requesting OHLCV for MCK: 2020-11-27 → 2024-01-31 (provider=yahoo, cache_dir=data/cache/ohlcv, ttl=0)
2026-03-31 10:18:57,947 [INFO] backtesting.backtester: Loaded OHLCV for MCK: shape=(798, 9)
2026-03-31 10:18:57,947 [INFO] backtesting.backtester: Requesting OHLCV for LYB: 2020-11-27 → 2024-01-31 (provider=yahoo, cache_dir=data/cache/ohlcv, ttl=0)
2026-03-31 10:18:57,949 [INFO] backtesting.backtester: Loaded OHLCV for LYB: shape=(798, 9)
2026-03-31 10:18:57,949 [INFO] backtesting.backtester: Requesting OHLCV for WELL: 2020-11-27 → 2024-01-31 (provider=yahoo, cache_dir=data/cache/ohlcv, ttl=0)
2026-03-31 10:18:57,950 [INFO] backtesting.backtester: Loaded OHLCV for WELL: shape=(798, 9)
2026-03-31 10:18:57,950 [INFO] backtesting.backtester: Requesting OHLCV for BKR: 2020-11-27 → 2024-01-31 (provider=yahoo, cache_dir=data/cache/ohlcv, ttl=0)
2026-03-31 10:18:57,951 [INFO] backtesting.backtester: Loaded OHLCV for BKR: shape=(798, 9)
2026-03-31 10:18:57,951 [INFO] backtesting.backtester: Requesting OHLCV for MMM: 2020-11-27 → 2024-01-31 (provider=yahoo, cache_dir=data/cache/ohlcv, ttl=0)
2026-03-31 10:18:57,953 [INFO] backtesting.backtester: Loaded OHLCV for MMM: shape=(798, 9)
2026-03-31 10:18:57,953 [INFO] backtesting.backtester: Requesting OHLCV for VRTX: 2020-11-27 → 2024-01-31 (provider=yahoo, cache_dir=data/cache/ohlcv, ttl=0)
2026-03-31 10:18:57,954 [INFO] backtesting.backtester: Loaded OHLCV for VRTX: shape=(798, 9)
2026-03-31 10:18:57,954 [INFO] backtesting.backtester: Requesting OHLCV for MO: 2020-11-27 → 2024-01-31 (provider=yahoo, cache_dir=data/cache/ohlcv, ttl=0)
2026-03-31 10:18:57,956 [INFO] backtesting.backtester: Loaded OHLCV for MO: shape=(798, 9)
2026-03-31 10:18:57,956 [INFO] backtesting.backtester: Requesting OHLCV for MCO: 2020-11-27 → 2024-01-31 (provider=yahoo, cache_dir=data/cache/ohlcv, ttl=0)
2026-03-31 10:18:57,957 [INFO] backtesting.backtester: Loaded OHLCV for MCO: shape=(798, 9)
2026-03-31 10:18:57,957 [INFO] backtesting.backtester: Requesting OHLCV for LOW: 2020-11-27 → 2024-01-31 (provider=yahoo, cache_dir=data/cache/ohlcv, ttl=0)
2026-03-31 10:18:57,959 [INFO] backtesting.backtester: Loaded OHLCV for LOW: shape=(798, 9)
2026-03-31 10:18:57,959 [INFO] backtesting.backtester: Requesting OHLCV for PGR: 2020-11-27 → 2024-01-31 (provider=yahoo, cache_dir=data/cache/ohlcv, ttl=0)
2026-03-31 10:18:57,960 [INFO] backtesting.backtester: Loaded OHLCV for PGR: shape=(798, 9)
2026-03-31 10:18:57,960 [INFO] backtesting.backtester: Requesting OHLCV for CRH: 2020-11-27 → 2024-01-31 (provider=yahoo, cache_dir=data/cache/ohlcv, ttl=0)
2026-03-31 10:18:57,961 [INFO] backtesting.backtester: Loaded OHLCV for CRH: shape=(798, 9)
2026-03-31 10:18:57,961 [INFO] backtesting.backtester: Requesting OHLCV for PWR: 2020-11-27 → 2024-01-31 (provider=yahoo, cache_dir=data/cache/ohlcv, ttl=0)
2026-03-31 10:18:57,963 [INFO] backtesting.backtester: Loaded OHLCV for PWR: shape=(798, 9)
2026-03-31 10:18:57,963 [INFO] backtesting.backtester: Requesting OHLCV for XYZ: 2020-11-27 → 2024-01-31 (provider=yahoo, cache_dir=data/cache/ohlcv, ttl=0)
2026-03-31 10:18:57,964 [INFO] backtesting.backtester: Loaded OHLCV for XYZ: shape=(798, 9)
2026-03-31 10:18:57,964 [INFO] backtesting.backtester: Requesting OHLCV for PSX: 2020-11-27 → 2024-01-31 (provider=yahoo, cache_dir=data/cache/ohlcv, ttl=0)
2026-03-31 10:18:57,966 [INFO] backtesting.backtester: Loaded OHLCV for PSX: shape=(798, 9)
2026-03-31 10:18:57,966 [INFO] backtesting.backtester: Requesting OHLCV for ROST: 2020-11-27 → 2024-01-31 (provider=yahoo, cache_dir=data/cache/ohlcv, ttl=0)
2026-03-31 10:18:57,967 [INFO] backtesting.backtester: Loaded OHLCV for ROST: shape=(798, 9)
2026-03-31 10:18:57,967 [INFO] backtesting.backtester: Requesting OHLCV for DASH: 2020-11-27 → 2024-01-31 (provider=yahoo, cache_dir=data/cache/ohlcv, ttl=0)
2026-03-31 10:18:57,986 [INFO] backtesting.backtester: Loaded OHLCV for DASH: shape=(789, 9)
2026-03-31 10:18:57,986 [INFO] backtesting.backtester: Requesting OHLCV for EQIX: 2020-11-27 → 2024-01-31 (provider=yahoo, cache_dir=data/cache/ohlcv, ttl=0)
2026-03-31 10:18:57,987 [INFO] backtesting.backtester: Loaded OHLCV for EQIX: shape=(798, 9)
2026-03-31 10:18:57,987 [INFO] backtesting.backtester: Requesting OHLCV for TTD: 2020-11-27 → 2024-01-31 (provider=yahoo, cache_dir=data/cache/ohlcv, ttl=0)
2026-03-31 10:18:57,989 [INFO] backtesting.backtester: Loaded OHLCV for TTD: shape=(798, 9)
2026-03-31 10:18:57,989 [INFO] backtesting.backtester: Requesting OHLCV for HAL: 2020-11-27 → 2024-01-31 (provider=yahoo, cache_dir=data/cache/ohlcv, ttl=0)
2026-03-31 10:18:57,991 [INFO] backtesting.backtester: Loaded OHLCV for HAL: shape=(798, 9)
2026-03-31 10:18:57,991 [INFO] backtesting.backtester: Requesting OHLCV for DUK: 2020-11-27 → 2024-01-31 (provider=yahoo, cache_dir=data/cache/ohlcv, ttl=0)
2026-03-31 10:18:57,992 [INFO] backtesting.backtester: Loaded OHLCV for DUK: shape=(798, 9)
2026-03-31 10:18:57,992 [INFO] backtesting.backtester: Requesting OHLCV for NOC: 2020-11-27 → 2024-01-31 (provider=yahoo, cache_dir=data/cache/ohlcv, ttl=0)
2026-03-31 10:18:57,994 [INFO] backtesting.backtester: Loaded OHLCV for NOC: shape=(798, 9)
2026-03-31 10:18:57,994 [INFO] backtesting.backtester: Requesting OHLCV for GM: 2020-11-27 → 2024-01-31 (provider=yahoo, cache_dir=data/cache/ohlcv, ttl=0)
2026-03-31 10:18:57,996 [INFO] backtesting.backtester: Loaded OHLCV for GM: shape=(798, 9)
2026-03-31 10:18:57,996 [INFO] backtesting.backtester: Requesting OHLCV for CVS: 2020-11-27 → 2024-01-31 (provider=yahoo, cache_dir=data/cache/ohlcv, ttl=0)
2026-03-31 10:18:57,997 [INFO] backtesting.backtester: Loaded OHLCV for CVS: shape=(798, 9)
2026-03-31 10:18:57,997 [INFO] backtesting.backtester: Requesting OHLCV for FIX: 2020-11-27 → 2024-01-31 (provider=yahoo, cache_dir=data/cache/ohlcv, ttl=0)
2026-03-31 10:18:57,999 [INFO] backtesting.backtester: Loaded OHLCV for FIX: shape=(798, 9)
2026-03-31 10:18:57,999 [INFO] backtesting.backtester: Requesting OHLCV for MDLZ: 2020-11-27 → 2024-01-31 (provider=yahoo, cache_dir=data/cache/ohlcv, ttl=0)
2026-03-31 10:18:58,000 [INFO] backtesting.backtester: Loaded OHLCV for MDLZ: shape=(798, 9)
2026-03-31 10:18:58,000 [INFO] backtesting.backtester: Requesting OHLCV for CB: 2020-11-27 → 2024-01-31 (provider=yahoo, cache_dir=data/cache/ohlcv, ttl=0)
2026-03-31 10:18:58,002 [INFO] backtesting.backtester: Loaded OHLCV for CB: shape=(798, 9)
2026-03-31 10:18:58,002 [INFO] backtesting.backtester: Requesting OHLCV for EXPE: 2020-11-27 → 2024-01-31 (provider=yahoo, cache_dir=data/cache/ohlcv, ttl=0)
2026-03-31 10:18:58,003 [INFO] backtesting.backtester: Loaded OHLCV for EXPE: shape=(798, 9)
2026-03-31 10:18:58,003 [INFO] backtesting.backtester: Requesting OHLCV for AMT: 2020-11-27 → 2024-01-31 (provider=yahoo, cache_dir=data/cache/ohlcv, ttl=0)
2026-03-31 10:18:58,005 [INFO] backtesting.backtester: Loaded OHLCV for AMT: shape=(798, 9)
2026-03-31 10:18:58,005 [INFO] backtesting.backtester: Requesting OHLCV for HCA: 2020-11-27 → 2024-01-31 (provider=yahoo, cache_dir=data/cache/ohlcv, ttl=0)
2026-03-31 10:18:58,006 [INFO] backtesting.backtester: Loaded OHLCV for HCA: shape=(798, 9)
2026-03-31 10:18:58,006 [INFO] backtesting.backtester: Requesting OHLCV for CL: 2020-11-27 → 2024-01-31 (provider=yahoo, cache_dir=data/cache/ohlcv, ttl=0)
2026-03-31 10:18:58,008 [INFO] backtesting.backtester: Loaded OHLCV for CL: shape=(798, 9)
2026-03-31 10:18:58,008 [INFO] backtesting.backtester: Requesting OHLCV for HWM: 2020-11-27 → 2024-01-31 (provider=yahoo, cache_dir=data/cache/ohlcv, ttl=0)
2026-03-31 10:18:58,009 [INFO] backtesting.backtester: Loaded OHLCV for HWM: shape=(798, 9)
2026-03-31 10:18:58,009 [INFO] backtesting.backtester: Requesting OHLCV for PNC: 2020-11-27 → 2024-01-31 (provider=yahoo, cache_dir=data/cache/ohlcv, ttl=0)
2026-03-31 10:18:58,011 [INFO] backtesting.backtester: Loaded OHLCV for PNC: shape=(798, 9)
2026-03-31 10:18:58,011 [INFO] backtesting.backtester: Requesting OHLCV for MPWR: 2020-11-27 → 2024-01-31 (provider=yahoo, cache_dir=data/cache/ohlcv, ttl=0)
2026-03-31 10:18:58,012 [INFO] backtesting.backtester: Loaded OHLCV for MPWR: shape=(798, 9)
2026-03-31 10:18:58,012 [INFO] backtesting.backtester: Requesting OHLCV for HLT: 2020-11-27 → 2024-01-31 (provider=yahoo, cache_dir=data/cache/ohlcv, ttl=0)
2026-03-31 10:18:58,014 [INFO] backtesting.backtester: Loaded OHLCV for HLT: shape=(798, 9)
2026-03-31 10:18:58,014 [INFO] backtesting.backtester: Requesting OHLCV for MCHP: 2020-11-27 → 2024-01-31 (provider=yahoo, cache_dir=data/cache/ohlcv, ttl=0)
2026-03-31 10:18:58,015 [INFO] backtesting.backtester: Loaded OHLCV for MCHP: shape=(798, 9)
2026-03-31 10:18:58,015 [INFO] backtesting.backtester: Requesting OHLCV for EQT: 2020-11-27 → 2024-01-31 (provider=yahoo, cache_dir=data/cache/ohlcv, ttl=0)
2026-03-31 10:18:58,017 [INFO] backtesting.backtester: Loaded OHLCV for EQT: shape=(798, 9)
2026-03-31 10:18:58,017 [INFO] backtesting.backtester: Requesting OHLCV for USB: 2020-11-27 → 2024-01-31 (provider=yahoo, cache_dir=data/cache/ohlcv, ttl=0)
2026-03-31 10:18:58,018 [INFO] backtesting.backtester: Loaded OHLCV for USB: shape=(798, 9)
2026-03-31 10:18:58,018 [INFO] backtesting.backtester: Requesting OHLCV for ADSK: 2020-11-27 → 2024-01-31 (provider=yahoo, cache_dir=data/cache/ohlcv, ttl=0)
2026-03-31 10:18:58,020 [INFO] backtesting.backtester: Loaded OHLCV for ADSK: shape=(798, 9)
2026-03-31 10:18:58,020 [INFO] backtesting.backtester: Requesting OHLCV for CMG: 2020-11-27 → 2024-01-31 (provider=yahoo, cache_dir=data/cache/ohlcv, ttl=0)
2026-03-31 10:18:58,021 [INFO] backtesting.backtester: Loaded OHLCV for CMG: shape=(798, 9)
2026-03-31 10:18:58,021 [INFO] backtesting.backtester: Requesting OHLCV for JCI: 2020-11-27 → 2024-01-31 (provider=yahoo, cache_dir=data/cache/ohlcv, ttl=0)
2026-03-31 10:18:58,023 [INFO] backtesting.backtester: Loaded OHLCV for JCI: shape=(798, 9)
2026-03-31 10:18:58,023 [INFO] backtesting.backtester: Requesting OHLCV for TT: 2020-11-27 → 2024-01-31 (provider=yahoo, cache_dir=data/cache/ohlcv, ttl=0)
2026-03-31 10:18:58,024 [INFO] backtesting.backtester: Loaded OHLCV for TT: shape=(798, 9)

  [15/300] NFLX… [15/300] NFLX OHLCV window: first_date=2020-11-27, last_date=2024-01-31, n=798
  [16/300] ORCL… [16/300] ORCL OHLCV window: first_date=2020-11-27, last_date=2024-01-31, n=798
  [17/300] INTC… [17/300] INTC OHLCV window: first_date=2020-11-27, last_date=2024-01-31, n=798
  [18/300] XOM… [18/300] XOM OHLCV window: first_date=2020-11-27, last_date=2024-01-31, n=798
  [19/300] JPM… [19/300] JPM OHLCV window: first_date=2020-11-27, last_date=2024-01-31, n=798
  [20/300] VRT… [20/300] VRT OHLCV window: first_date=2020-11-27, last_date=2024-01-31, n=798
  [21/300] CVX… [21/300] CVX OHLCV window: first_date=2020-11-27, last_date=2024-01-31, n=798
  [22/300] CRM… [22/300] CRM OHLCV window: first_date=2020-11-27, last_date=2024-01-31, n=798
  [23/300] LLY… [23/300] LLY OHLCV window: first_date=2020-11-27, last_date=2024-01-31, n=798
  [24/300] COHR… [24/300] COHR OHLCV window: first_date=2020-11-27, last_date=2024-01-31, n=798
  [25/300] WMT… [25/300] WMT OHLCV window: first_date=2020-11-27, last_date=2024-01-31, n=798
  [26/300] WDC… [26/300] WDC OHLCV window: first_date=2020-11-27, last_date=2024-01-31, n=798
  [27/300] COIN… [27/300] COIN OHLCV window: first_date=2021-04-14, last_date=2024-01-30, n=704
  [28/300] UNH… [28/300] UNH OHLCV window: first_date=2020-11-27, last_date=2024-01-31, n=798
  [29/300] LRCX… [29/300] LRCX OHLCV window: first_date=2020-11-27, last_date=2024-01-31, n=798
  [30/300] AMAT… [30/300] AMAT OHLCV window: first_date=2020-11-27, last_date=2024-01-31, n=798
  [31/300] APP… [31/300] APP OHLCV window: first_date=2021-04-15, last_date=2024-01-30, n=703
  [32/300] BAC… [32/300] BAC OHLCV window: first_date=2020-11-27, last_date=2024-01-31, n=798
  [33/300] V… [33/300] V OHLCV window: first_date=2020-11-27, last_date=2024-01-31, n=798
  [34/300] GEV… insufficient data
  [35/300] GS… [35/300] GS OHLCV window: first_date=2020-11-27, last_date=2024-01-31, n=798
  [36/300] HOOD… [36/300] HOOD OHLCV window: first_date=2021-07-29, last_date=2024-01-30, n=630
insufficient pre-history (<252d before start)
  [37/300] JNJ… [37/300] JNJ OHLCV window: first_date=2020-11-27, last_date=2024-01-31, n=798
  [38/300] CAT… [38/300] CAT OHLCV window: first_date=2020-11-27, last_date=2024-01-31, n=798
  [39/300] NOW… [39/300] NOW OHLCV window: first_date=2020-11-27, last_date=2024-01-31, n=798
  [40/300] GLW… [40/300] GLW OHLCV window: first_date=2020-11-27, last_date=2024-01-31, n=798
  [41/300] INTU… [41/300] INTU OHLCV window: first_date=2020-11-27, last_date=2024-01-31, n=798
  [42/300] CSCO… [42/300] CSCO OHLCV window: first_date=2020-11-27, last_date=2024-01-31, n=798
  [43/300] COST… [43/300] COST OHLCV window: first_date=2020-11-27, last_date=2024-01-31, n=798
  [44/300] BKNG… [44/300] BKNG OHLCV window: first_date=2020-11-27, last_date=2024-01-31, n=798
  [45/300] CRWD… [45/300] CRWD OHLCV window: first_date=2020-11-27, last_date=2024-01-31, n=798
  [46/300] C… [46/300] C OHLCV window: first_date=2020-11-27, last_date=2024-01-31, n=798
  [47/300] PG… [47/300] PG OHLCV window: first_date=2020-11-27, last_date=2024-01-31, n=798
  [48/300] MA… [48/300] MA OHLCV window: first_date=2020-11-27, last_date=2024-01-31, n=798
  [49/300] ADBE… [49/300] ADBE OHLCV window: first_date=2020-11-27, last_date=2024-01-31, n=798
  [50/300] ACN… [50/300] ACN OHLCV window: first_date=2020-11-27, last_date=2024-01-31, n=798
  [51/300] QCOM… [51/300] QCOM OHLCV window: first_date=2020-11-27, last_date=2024-01-31, n=798
  [52/300] GE… [52/300] GE OHLCV window: first_date=2020-11-27, last_date=2024-01-31, n=798
  [53/300] DELL… [53/300] DELL OHLCV window: first_date=2020-11-27, last_date=2024-01-31, n=798
  [54/300] ABBV… [54/300] ABBV OHLCV window: first_date=2020-11-27, last_date=2024-01-31, n=798
  [55/300] WFC… [55/300] WFC OHLCV window: first_date=2020-11-27, last_date=2024-01-31, n=798
  [56/300] BA… [56/300] BA OHLCV window: first_date=2020-11-27, last_date=2024-01-31, n=798
  [57/300] KLAC… [57/300] KLAC OHLCV window: first_date=2020-11-27, last_date=2024-01-31, n=798
  [58/300] IBM… [58/300] IBM OHLCV window: first_date=2020-11-27, last_date=2024-01-31, n=798
  [59/300] HD… [59/300] HD OHLCV window: first_date=2020-11-27, last_date=2024-01-31, n=798
  [60/300] COP… [60/300] COP OHLCV window: first_date=2020-11-27, last_date=2024-01-31, n=798
  [61/300] STX… [61/300] STX OHLCV window: first_date=2020-11-27, last_date=2024-01-31, n=798
  [62/300] UBER… [62/300] UBER OHLCV window: first_date=2020-11-27, last_date=2024-01-31, n=798
  [63/300] LIN… [63/300] LIN OHLCV window: first_date=2020-11-27, last_date=2024-01-31, n=798
  [64/300] VZ… [64/300] VZ OHLCV window: first_date=2020-11-27, last_date=2024-01-31, n=798
  [65/300] APH… [65/300] APH OHLCV window: first_date=2020-11-27, last_date=2024-01-31, n=798
  [66/300] ABT… [66/300] ABT OHLCV window: first_date=2020-11-27, last_date=2024-01-31, n=798
  [67/300] NEM… [67/300] NEM OHLCV window: first_date=2020-11-27, last_date=2024-01-31, n=798
  [68/300] AXP… [68/300] AXP OHLCV window: first_date=2020-11-27, last_date=2024-01-31, n=798
  [69/300] KO… [69/300] KO OHLCV window: first_date=2020-11-27, last_date=2024-01-31, n=798
  [70/300] ADI… [70/300] ADI OHLCV window: first_date=2020-11-27, last_date=2024-01-31, n=798
  [71/300] PANW… [71/300] PANW OHLCV window: first_date=2020-11-27, last_date=2024-01-31, n=798
  [72/300] TXN… [72/300] TXN OHLCV window: first_date=2020-11-27, last_date=2024-01-31, n=798
  [73/300] RTX… [73/300] RTX OHLCV window: first_date=2020-11-27, last_date=2024-01-31, n=798
  [74/300] BX… [74/300] BX OHLCV window: first_date=2020-11-27, last_date=2024-01-31, n=798
  [75/300] T… [75/300] T OHLCV window: first_date=2020-11-27, last_date=2024-01-31, n=798
  [76/300] MRK… [76/300] MRK OHLCV window: first_date=2020-11-27, last_date=2024-01-31, n=798
  [77/300] MS… [77/300] MS OHLCV window: first_date=2020-11-27, last_date=2024-01-31, n=798
  [78/300] CIEN… [78/300] CIEN OHLCV window: first_date=2020-11-27, last_date=2024-01-31, n=798
  [79/300] LMT… [79/300] LMT OHLCV window: first_date=2020-11-27, last_date=2024-01-31, n=798
  [80/300] OXY… [80/300] OXY OHLCV window: first_date=2020-11-27, last_date=2024-01-31, n=798
  [81/300] DIS… [81/300] DIS OHLCV window: first_date=2020-11-27, last_date=2024-01-31, n=798
  [82/300] FCX… [82/300] FCX OHLCV window: first_date=2020-11-27, last_date=2024-01-31, n=798
  [83/300] TMUS… [83/300] TMUS OHLCV window: first_date=2020-11-27, last_date=2024-01-31, n=798
  [84/300] SMCI… [84/300] SMCI OHLCV window: first_date=2020-11-27, last_date=2024-01-31, n=798
  [85/300] PFE… [85/300] PFE OHLCV window: first_date=2020-11-27, last_date=2024-01-31, n=798
  [86/300] CMCSA… [86/300] CMCSA OHLCV window: first_date=2020-11-27, last_date=2024-01-31, n=798
  [87/300] VLO… [87/300] VLO OHLCV window: first_date=2020-11-27, last_date=2024-01-31, n=798
  [88/300] TER… [88/300] TER OHLCV window: first_date=2020-11-27, last_date=2024-01-31, n=798
  [89/300] COF… [89/300] COF OHLCV window: first_date=2020-11-27, last_date=2024-01-31, n=798
  [90/300] TMO… [90/300] TMO OHLCV window: first_date=2020-11-27, last_date=2024-01-31, n=798
  [91/300] MCD… [91/300] MCD OHLCV window: first_date=2020-11-27, last_date=2024-01-31, n=798
  [92/300] PEP… [92/300] PEP OHLCV window: first_date=2020-11-27, last_date=2024-01-31, n=798
  [93/300] SLB… [93/300] SLB OHLCV window: first_date=2020-11-27, last_date=2024-01-31, n=798
  [94/300] BLK… [94/300] BLK OHLCV window: first_date=2020-11-27, last_date=2024-01-31, n=798
  [95/300] SNPS… [95/300] SNPS OHLCV window: first_date=2020-11-27, last_date=2024-01-31, n=798
  [96/300] NEE… [96/300] NEE OHLCV window: first_date=2020-11-27, last_date=2024-01-31, n=798
  [97/300] SPGI… [97/300] SPGI OHLCV window: first_date=2020-11-27, last_date=2024-01-31, n=798
  [98/300] AMGN… [98/300] AMGN OHLCV window: first_date=2020-11-27, last_date=2024-01-31, n=798
  [99/300] ETN… [99/300] ETN OHLCV window: first_date=2020-11-27, last_date=2024-01-31, n=798
  [100/300] DAL… [100/300] DAL OHLCV window: first_date=2020-11-27, last_date=2024-01-31, n=7982026-03-31 10:18:58,024 [INFO] backtesting.backtester: Requesting OHLCV for ORLY: 2020-11-27 → 2024-01-31 (provider=yahoo, cache_dir=data/cache/ohlcv, ttl=0)
2026-03-31 10:18:58,025 [INFO] backtesting.backtester: Loaded OHLCV for ORLY: shape=(798, 9)
2026-03-31 10:18:58,025 [INFO] backtesting.backtester: Requesting OHLCV for ICE: 2020-11-27 → 2024-01-31 (provider=yahoo, cache_dir=data/cache/ohlcv, ttl=0)
2026-03-31 10:18:58,027 [INFO] backtesting.backtester: Loaded OHLCV for ICE: shape=(798, 9)
2026-03-31 10:18:58,027 [INFO] backtesting.backtester: Requesting OHLCV for SHW: 2020-11-27 → 2024-01-31 (provider=yahoo, cache_dir=data/cache/ohlcv, ttl=0)
2026-03-31 10:18:58,028 [INFO] backtesting.backtester: Loaded OHLCV for SHW: shape=(798, 9)
2026-03-31 10:18:58,028 [INFO] backtesting.backtester: Requesting OHLCV for LHX: 2020-11-27 → 2024-01-31 (provider=yahoo, cache_dir=data/cache/ohlcv, ttl=0)
2026-03-31 10:18:58,030 [INFO] backtesting.backtester: Loaded OHLCV for LHX: shape=(798, 9)
2026-03-31 10:18:58,030 [INFO] backtesting.backtester: Requesting OHLCV for DDOG: 2020-11-27 → 2024-01-31 (provider=yahoo, cache_dir=data/cache/ohlcv, ttl=0)
2026-03-31 10:18:58,031 [INFO] backtesting.backtester: Loaded OHLCV for DDOG: shape=(798, 9)
2026-03-31 10:18:58,031 [INFO] backtesting.backtester: Requesting OHLCV for KR: 2020-11-27 → 2024-01-31 (provider=yahoo, cache_dir=data/cache/ohlcv, ttl=0)
2026-03-31 10:18:58,033 [INFO] backtesting.backtester: Loaded OHLCV for KR: shape=(798, 9)
2026-03-31 10:18:58,033 [INFO] backtesting.backtester: Requesting OHLCV for AZO: 2020-11-27 → 2024-01-31 (provider=yahoo, cache_dir=data/cache/ohlcv, ttl=0)
2026-03-31 10:18:58,034 [INFO] backtesting.backtester: Loaded OHLCV for AZO: shape=(798, 9)
2026-03-31 10:18:58,034 [INFO] backtesting.backtester: Requesting OHLCV for DOW: 2020-11-27 → 2024-01-31 (provider=yahoo, cache_dir=data/cache/ohlcv, ttl=0)
2026-03-31 10:18:58,035 [INFO] backtesting.backtester: Loaded OHLCV for DOW: shape=(798, 9)
2026-03-31 10:18:58,035 [INFO] backtesting.backtester: Requesting OHLCV for WM: 2020-11-27 → 2024-01-31 (provider=yahoo, cache_dir=data/cache/ohlcv, ttl=0)
2026-03-31 10:18:58,037 [INFO] backtesting.backtester: Loaded OHLCV for WM: shape=(798, 9)
2026-03-31 10:18:58,037 [INFO] backtesting.backtester: Requesting OHLCV for ABNB: 2020-11-27 → 2024-01-31 (provider=yahoo, cache_dir=data/cache/ohlcv, ttl=0)
2026-03-31 10:18:58,055 [INFO] backtesting.backtester: Loaded OHLCV for ABNB: shape=(788, 9)
2026-03-31 10:18:58,055 [INFO] backtesting.backtester: Requesting OHLCV for NRG: 2020-11-27 → 2024-01-31 (provider=yahoo, cache_dir=data/cache/ohlcv, ttl=0)
2026-03-31 10:18:58,056 [INFO] backtesting.backtester: Loaded OHLCV for NRG: shape=(798, 9)
2026-03-31 10:18:58,056 [INFO] backtesting.backtester: Requesting OHLCV for SO: 2020-11-27 → 2024-01-31 (provider=yahoo, cache_dir=data/cache/ohlcv, ttl=0)
2026-03-31 10:18:58,058 [INFO] backtesting.backtester: Loaded OHLCV for SO: shape=(798, 9)
2026-03-31 10:18:58,058 [INFO] backtesting.backtester: Requesting OHLCV for NXPI: 2020-11-27 → 2024-01-31 (provider=yahoo, cache_dir=data/cache/ohlcv, ttl=0)
2026-03-31 10:18:58,059 [INFO] backtesting.backtester: Loaded OHLCV for NXPI: shape=(798, 9)
2026-03-31 10:18:58,059 [INFO] backtesting.backtester: Requesting OHLCV for MRSH: 2020-11-27 → 2024-01-31 (provider=yahoo, cache_dir=data/cache/ohlcv, ttl=0)
2026-03-31 10:18:58,061 [INFO] backtesting.backtester: Loaded OHLCV for MRSH: shape=(798, 9)
2026-03-31 10:18:58,061 [INFO] backtesting.backtester: Requesting OHLCV for ZTS: 2020-11-27 → 2024-01-31 (provider=yahoo, cache_dir=data/cache/ohlcv, ttl=0)
2026-03-31 10:18:58,062 [INFO] backtesting.backtester: Loaded OHLCV for ZTS: shape=(798, 9)
2026-03-31 10:18:58,062 [INFO] backtesting.backtester: Requesting OHLCV for ULTA: 2020-11-27 → 2024-01-31 (provider=yahoo, cache_dir=data/cache/ohlcv, ttl=0)
2026-03-31 10:18:58,064 [INFO] backtesting.backtester: Loaded OHLCV for ULTA: shape=(798, 9)
2026-03-31 10:18:58,064 [INFO] backtesting.backtester: Requesting OHLCV for AEP: 2020-11-27 → 2024-01-31 (provider=yahoo, cache_dir=data/cache/ohlcv, ttl=0)
2026-03-31 10:18:58,065 [INFO] backtesting.backtester: Loaded OHLCV for AEP: shape=(798, 9)
2026-03-31 10:18:58,065 [INFO] backtesting.backtester: Requesting OHLCV for CSX: 2020-11-27 → 2024-01-31 (provider=yahoo, cache_dir=data/cache/ohlcv, ttl=0)
2026-03-31 10:18:58,067 [INFO] backtesting.backtester: Loaded OHLCV for CSX: shape=(798, 9)
2026-03-31 10:18:58,067 [INFO] backtesting.backtester: Requesting OHLCV for MSI: 2020-11-27 → 2024-01-31 (provider=yahoo, cache_dir=data/cache/ohlcv, ttl=0)
2026-03-31 10:18:58,068 [INFO] backtesting.backtester: Loaded OHLCV for MSI: shape=(798, 9)
2026-03-31 10:18:58,068 [INFO] backtesting.backtester: Requesting OHLCV for KEYS: 2020-11-27 → 2024-01-31 (provider=yahoo, cache_dir=data/cache/ohlcv, ttl=0)
2026-03-31 10:18:58,070 [INFO] backtesting.backtester: Loaded OHLCV for KEYS: shape=(798, 9)
2026-03-31 10:18:58,070 [INFO] backtesting.backtester: Requesting OHLCV for KMB: 2020-11-27 → 2024-01-31 (provider=yahoo, cache_dir=data/cache/ohlcv, ttl=0)
2026-03-31 10:18:58,071 [INFO] backtesting.backtester: Loaded OHLCV for KMB: shape=(798, 9)
2026-03-31 10:18:58,071 [INFO] backtesting.backtester: Requesting OHLCV for MAR: 2020-11-27 → 2024-01-31 (provider=yahoo, cache_dir=data/cache/ohlcv, ttl=0)
2026-03-31 10:18:58,073 [INFO] backtesting.backtester: Loaded OHLCV for MAR: shape=(798, 9)
2026-03-31 10:18:58,073 [INFO] backtesting.backtester: Requesting OHLCV for FITB: 2020-11-27 → 2024-01-31 (provider=yahoo, cache_dir=data/cache/ohlcv, ttl=0)
2026-03-31 10:18:58,074 [INFO] backtesting.backtester: Loaded OHLCV for FITB: shape=(798, 9)
2026-03-31 10:18:58,074 [INFO] backtesting.backtester: Requesting OHLCV for LULU: 2020-11-27 → 2024-01-31 (provider=yahoo, cache_dir=data/cache/ohlcv, ttl=0)
2026-03-31 10:18:58,076 [INFO] backtesting.backtester: Loaded OHLCV for LULU: shape=(798, 9)
2026-03-31 10:18:58,076 [INFO] backtesting.backtester: Requesting OHLCV for ROP: 2020-11-27 → 2024-01-31 (provider=yahoo, cache_dir=data/cache/ohlcv, ttl=0)
2026-03-31 10:18:58,077 [INFO] backtesting.backtester: Loaded OHLCV for ROP: shape=(798, 9)
2026-03-31 10:18:58,077 [INFO] backtesting.backtester: Requesting OHLCV for MNST: 2020-11-27 → 2024-01-31 (provider=yahoo, cache_dir=data/cache/ohlcv, ttl=0)
2026-03-31 10:18:58,079 [INFO] backtesting.backtester: Loaded OHLCV for MNST: shape=(798, 9)
2026-03-31 10:18:58,079 [INFO] backtesting.backtester: Requesting OHLCV for URI: 2020-11-27 → 2024-01-31 (provider=yahoo, cache_dir=data/cache/ohlcv, ttl=0)
2026-03-31 10:18:58,080 [INFO] backtesting.backtester: Loaded OHLCV for URI: shape=(798, 9)
2026-03-31 10:18:58,080 [INFO] backtesting.backtester: Requesting OHLCV for LYV: 2020-11-27 → 2024-01-31 (provider=yahoo, cache_dir=data/cache/ohlcv, ttl=0)
2026-03-31 10:18:58,082 [INFO] backtesting.backtester: Loaded OHLCV for LYV: shape=(798, 9)
2026-03-31 10:18:58,082 [INFO] backtesting.backtester: Requesting OHLCV for DG: 2020-11-27 → 2024-01-31 (provider=yahoo, cache_dir=data/cache/ohlcv, ttl=0)
2026-03-31 10:18:58,083 [INFO] backtesting.backtester: Loaded OHLCV for DG: shape=(798, 9)
2026-03-31 10:18:58,083 [INFO] backtesting.backtester: Requesting OHLCV for CMI: 2020-11-27 → 2024-01-31 (provider=yahoo, cache_dir=data/cache/ohlcv, ttl=0)
2026-03-31 10:18:58,085 [INFO] backtesting.backtester: Loaded OHLCV for CMI: shape=(798, 9)
2026-03-31 10:18:58,085 [INFO] backtesting.backtester: Requesting OHLCV for CI: 2020-11-27 → 2024-01-31 (provider=yahoo, cache_dir=data/cache/ohlcv, ttl=0)
2026-03-31 10:18:58,086 [INFO] backtesting.backtester: Loaded OHLCV for CI: shape=(798, 9)
2026-03-31 10:18:58,086 [INFO] backtesting.backtester: Requesting OHLCV for AJG: 2020-11-27 → 2024-01-31 (provider=yahoo, cache_dir=data/cache/ohlcv, ttl=0)
2026-03-31 10:18:58,088 [INFO] backtesting.backtester: Loaded OHLCV for AJG: shape=(798, 9)
2026-03-31 10:18:58,088 [INFO] backtesting.backtester: Requesting OHLCV for FTNT: 2020-11-27 → 2024-01-31 (provider=yahoo, cache_dir=data/cache/ohlcv, ttl=0)
2026-03-31 10:18:58,089 [INFO] backtesting.backtester: Loaded OHLCV for FTNT: shape=(798, 9)
2026-03-31 10:18:58,089 [INFO] backtesting.backtester: Requesting OHLCV for NCLH: 2020-11-27 → 2024-01-31 (provider=yahoo, cache_dir=data/cache/ohlcv, ttl=0)
2026-03-31 10:18:58,091 [INFO] backtesting.backtester: Loaded OHLCV for NCLH: shape=(798, 9)
2026-03-31 10:18:58,091 [INFO] backtesting.backtester: Requesting OHLCV for EA: 2020-11-27 → 2024-01-31 (provider=yahoo, cache_dir=data/cache/ohlcv, ttl=0)
2026-03-31 10:18:58,092 [INFO] backtesting.backtester: Loaded OHLCV for EA: shape=(798, 9)
2026-03-31 10:18:58,092 [INFO] backtesting.backtester: Requesting OHLCV for ARES: 2020-11-27 → 2024-01-31 (provider=yahoo, cache_dir=data/cache/ohlcv, ttl=0)
2026-03-31 10:18:58,093 [INFO] backtesting.backtester: Loaded OHLCV for ARES: shape=(798, 9)
2026-03-31 10:18:58,093 [INFO] backtesting.backtester: Requesting OHLCV for AKAM: 2020-11-27 → 2024-01-31 (provider=yahoo, cache_dir=data/cache/ohlcv, ttl=0)
2026-03-31 10:18:58,095 [INFO] backtesting.backtester: Loaded OHLCV for AKAM: shape=(798, 9)
2026-03-31 10:18:58,095 [INFO] backtesting.backtester: Requesting OHLCV for WMB: 2020-11-27 → 2024-01-31 (provider=yahoo, cache_dir=data/cache/ohlcv, ttl=0)
2026-03-31 10:18:58,096 [INFO] backtesting.backtester: Loaded OHLCV for WMB: shape=(798, 9)
2026-03-31 10:18:58,096 [INFO] backtesting.backtester: Requesting OHLCV for TDG: 2020-11-27 → 2024-01-31 (provider=yahoo, cache_dir=data/cache/ohlcv, ttl=0)
2026-03-31 10:18:58,098 [INFO] backtesting.backtester: Loaded OHLCV for TDG: shape=(798, 9)
2026-03-31 10:18:58,098 [INFO] backtesting.backtester: Requesting OHLCV for COR: 2020-11-27 → 2024-01-31 (provider=yahoo, cache_dir=data/cache/ohlcv, ttl=0)
2026-03-31 10:18:58,099 [INFO] backtesting.backtester: Loaded OHLCV for COR: shape=(798, 9)
2026-03-31 10:18:58,099 [INFO] backtesting.backtester: Requesting OHLCV for PLD: 2020-11-27 → 2024-01-31 (provider=yahoo, cache_dir=data/cache/ohlcv, ttl=0)
2026-03-31 10:18:58,101 [INFO] backtesting.backtester: Loaded OHLCV for PLD: shape=(798, 9)
2026-03-31 10:18:58,101 [INFO] backtesting.backtester: Requesting OHLCV for TEL: 2020-11-27 → 2024-01-31 (provider=yahoo, cache_dir=data/cache/ohlcv, ttl=0)
2026-03-31 10:18:58,102 [INFO] backtesting.backtester: Loaded OHLCV for TEL: shape=(798, 9)
2026-03-31 10:18:58,102 [INFO] backtesting.backtester: Requesting OHLCV for CTAS: 2020-11-27 → 2024-01-31 (provider=yahoo, cache_dir=data/cache/ohlcv, ttl=0)
2026-03-31 10:18:58,104 [INFO] backtesting.backtester: Loaded OHLCV for CTAS: shape=(798, 9)
2026-03-31 10:18:58,104 [INFO] backtesting.backtester: Requesting OHLCV for AXON: 2020-11-27 → 2024-01-31 (provider=yahoo, cache_dir=data/cache/ohlcv, ttl=0)
2026-03-31 10:18:58,105 [INFO] backtesting.backtester: Loaded OHLCV for AXON: shape=(798, 9)
2026-03-31 10:18:58,105 [INFO] backtesting.backtester: Requesting OHLCV for KMI: 2020-11-27 → 2024-01-31 (provider=yahoo, cache_dir=data/cache/ohlcv, ttl=0)
2026-03-31 10:18:58,107 [INFO] backtesting.backtester: Loaded OHLCV for KMI: shape=(798, 9)
2026-03-31 10:18:58,107 [INFO] backtesting.backtester: Requesting OHLCV for MRNA: 2020-11-27 → 2024-01-31 (provider=yahoo, cache_dir=data/cache/ohlcv, ttl=0)
2026-03-31 10:18:58,108 [INFO] backtesting.backtester: Loaded OHLCV for MRNA: shape=(798, 9)
2026-03-31 10:18:58,108 [INFO] backtesting.backtester: Requesting OHLCV for ECL: 2020-11-27 → 2024-01-31 (provider=yahoo, cache_dir=data/cache/ohlcv, ttl=0)
2026-03-31 10:18:58,109 [INFO] backtesting.backtester: Loaded OHLCV for ECL: shape=(798, 9)
2026-03-31 10:18:58,109 [INFO] backtesting.backtester: Requesting OHLCV for EL: 2020-11-27 → 2024-01-31 (provider=yahoo, cache_dir=data/cache/ohlcv, ttl=0)
2026-03-31 10:18:58,111 [INFO] backtesting.backtester: Loaded OHLCV for EL: shape=(798, 9)
2026-03-31 10:18:58,111 [INFO] backtesting.backtester: Requesting OHLCV for EXC: 2020-11-27 → 2024-01-31 (provider=yahoo, cache_dir=data/cache/ohlcv, ttl=0)
2026-03-31 10:18:58,112 [INFO] backtesting.backtester: Loaded OHLCV for EXC: shape=(798, 9)
2026-03-31 10:18:58,112 [INFO] backtesting.backtester: Requesting OHLCV for FICO: 2020-11-27 → 2024-01-31 (provider=yahoo, cache_dir=data/cache/ohlcv, ttl=0)
2026-03-31 10:18:58,114 [INFO] backtesting.backtester: Loaded OHLCV for FICO: shape=(798, 9)
2026-03-31 10:18:58,114 [INFO] backtesting.backtester: Requesting OHLCV for REGN: 2020-11-27 → 2024-01-31 (provider=yahoo, cache_dir=data/cache/ohlcv, ttl=0)
2026-03-31 10:18:58,115 [INFO] backtesting.backtester: Loaded OHLCV for REGN: shape=(798, 9)
2026-03-31 10:18:58,115 [INFO] backtesting.backtester: Requesting OHLCV for OKE: 2020-11-27 → 2024-01-31 (provider=yahoo, cache_dir=data/cache/ohlcv, ttl=0)
2026-03-31 10:18:58,116 [INFO] backtesting.backtester: Loaded OHLCV for OKE: shape=(798, 9)
2026-03-31 10:18:58,116 [INFO] backtesting.backtester: Requesting OHLCV for HBAN: 2020-11-27 → 2024-01-31 (provider=yahoo, cache_dir=data/cache/ohlcv, ttl=0)
2026-03-31 10:18:58,118 [INFO] backtesting.backtester: Loaded OHLCV for HBAN: shape=(798, 9)
2026-03-31 10:18:58,118 [INFO] backtesting.backtester: Requesting OHLCV for AON: 2020-11-27 → 2024-01-31 (provider=yahoo, cache_dir=data/cache/ohlcv, ttl=0)
2026-03-31 10:18:58,119 [INFO] backtesting.backtester: Loaded OHLCV for AON: shape=(798, 9)
2026-03-31 10:18:58,119 [INFO] backtesting.backtester: Requesting OHLCV for HPE: 2020-11-27 → 2024-01-31 (provider=yahoo, cache_dir=data/cache/ohlcv, ttl=0)
2026-03-31 10:18:58,120 [INFO] backtesting.backtester: Loaded OHLCV for HPE: shape=(798, 9)
2026-03-31 10:18:58,120 [INFO] backtesting.backtester: Requesting OHLCV for GD: 2020-11-27 → 2024-01-31 (provider=yahoo, cache_dir=data/cache/ohlcv, ttl=0)
2026-03-31 10:18:58,122 [INFO] backtesting.backtester: Loaded OHLCV for GD: shape=(798, 9)
2026-03-31 10:18:58,122 [INFO] backtesting.backtester: Requesting OHLCV for TRV: 2020-11-27 → 2024-01-31 (provider=yahoo, cache_dir=data/cache/ohlcv, ttl=0)
2026-03-31 10:18:58,123 [INFO] backtesting.backtester: Loaded OHLCV for TRV: shape=(798, 9)
2026-03-31 10:18:58,123 [INFO] backtesting.backtester: Requesting OHLCV for EBAY: 2020-11-27 → 2024-01-31 (provider=yahoo, cache_dir=data/cache/ohlcv, ttl=0)
2026-03-31 10:18:58,125 [INFO] backtesting.backtester: Loaded OHLCV for EBAY: shape=(798, 9)
2026-03-31 10:18:58,125 [INFO] backtesting.backtester: Requesting OHLCV for ODFL: 2020-11-27 → 2024-01-31 (provider=yahoo, cache_dir=data/cache/ohlcv, ttl=0)
2026-03-31 10:18:58,126 [INFO] backtesting.backtester: Loaded OHLCV for ODFL: shape=(798, 9)
2026-03-31 10:18:58,126 [INFO] backtesting.backtester: Requesting OHLCV for KVUE: 2020-11-27 → 2024-01-31 (provider=yahoo, cache_dir=data/cache/ohlcv, ttl=0)
2026-03-31 10:18:58,143 [INFO] backtesting.backtester: Loaded OHLCV for KVUE: shape=(186, 9)
2026-03-31 10:18:58,143 [WARNING] backtesting.backtester: Skipping KVUE due to insufficient data (len=186 < 210 bars)
2026-03-31 10:18:58,144 [INFO] backtesting.backtester: Requesting OHLCV for EXE: 2020-11-27 → 2024-01-31 (provider=yahoo, cache_dir=data/cache/ohlcv, ttl=0)
2026-03-31 10:18:58,161 [INFO] backtesting.backtester: Loaded OHLCV for EXE: shape=(747, 9)
2026-03-31 10:18:58,161 [INFO] backtesting.backtester: Requesting OHLCV for TFC: 2020-11-27 → 2024-01-31 (provider=yahoo, cache_dir=data/cache/ohlcv, ttl=0)
2026-03-31 10:18:58,163 [INFO] backtesting.backtester: Loaded OHLCV for TFC: shape=(798, 9)
2026-03-31 10:18:58,163 [INFO] backtesting.backtester: Requesting OHLCV for ON: 2020-11-27 → 2024-01-31 (provider=yahoo, cache_dir=data/cache/ohlcv, ttl=0)
2026-03-31 10:18:58,164 [INFO] backtesting.backtester: Loaded OHLCV for ON: shape=(798, 9)
2026-03-31 10:18:58,164 [INFO] backtesting.backtester: Requesting OHLCV for PCG: 2020-11-27 → 2024-01-31 (provider=yahoo, cache_dir=data/cache/ohlcv, ttl=0)
2026-03-31 10:18:58,166 [INFO] backtesting.backtester: Loaded OHLCV for PCG: shape=(798, 9)
2026-03-31 10:18:58,166 [INFO] backtesting.backtester: Requesting OHLCV for LUV: 2020-11-27 → 2024-01-31 (provider=yahoo, cache_dir=data/cache/ohlcv, ttl=0)
2026-03-31 10:18:58,167 [INFO] backtesting.backtester: Loaded OHLCV for LUV: shape=(798, 9)
2026-03-31 10:18:58,167 [INFO] backtesting.backtester: Requesting OHLCV for BDX: 2020-11-27 → 2024-01-31 (provider=yahoo, cache_dir=data/cache/ohlcv, ttl=0)
2026-03-31 10:18:58,169 [INFO] backtesting.backtester: Loaded OHLCV for BDX: shape=(798, 9)
2026-03-31 10:18:58,169 [INFO] backtesting.backtester: Requesting OHLCV for O: 2020-11-27 → 2024-01-31 (provider=yahoo, cache_dir=data/cache/ohlcv, ttl=0)
2026-03-31 10:18:58,170 [INFO] backtesting.backtester: Loaded OHLCV for O: shape=(798, 9)
2026-03-31 10:18:58,170 [INFO] backtesting.backtester: Requesting OHLCV for PAYX: 2020-11-27 → 2024-01-31 (provider=yahoo, cache_dir=data/cache/ohlcv, ttl=0)
2026-03-31 10:18:58,172 [INFO] backtesting.backtester: Loaded OHLCV for PAYX: shape=(798, 9)
2026-03-31 10:18:58,172 [INFO] backtesting.backtester: Requesting OHLCV for CTSH: 2020-11-27 → 2024-01-31 (provider=yahoo, cache_dir=data/cache/ohlcv, ttl=0)
2026-03-31 10:18:58,173 [INFO] backtesting.backtester: Loaded OHLCV for CTSH: shape=(798, 9)
2026-03-31 10:18:58,173 [INFO] backtesting.backtester: Requesting OHLCV for CAH: 2020-11-27 → 2024-01-31 (provider=yahoo, cache_dir=data/cache/ohlcv, ttl=0)
2026-03-31 10:18:58,175 [INFO] backtesting.backtester: Loaded OHLCV for CAH: shape=(798, 9)
2026-03-31 10:18:58,175 [INFO] backtesting.backtester: Requesting OHLCV for RF: 2020-11-27 → 2024-01-31 (provider=yahoo, cache_dir=data/cache/ohlcv, ttl=0)
2026-03-31 10:18:58,176 [INFO] backtesting.backtester: Loaded OHLCV for RF: shape=(798, 9)
2026-03-31 10:18:58,176 [INFO] backtesting.backtester: Requesting OHLCV for APD: 2020-11-27 → 2024-01-31 (provider=yahoo, cache_dir=data/cache/ohlcv, ttl=0)
2026-03-31 10:18:58,177 [INFO] backtesting.backtester: Loaded OHLCV for APD: shape=(798, 9)
2026-03-31 10:18:58,177 [INFO] backtesting.backtester: Requesting OHLCV for TTWO: 2020-11-27 → 2024-01-31 (provider=yahoo, cache_dir=data/cache/ohlcv, ttl=0)
2026-03-31 10:18:58,179 [INFO] backtesting.backtester: Loaded OHLCV for TTWO: shape=(798, 9)
2026-03-31 10:18:58,179 [INFO] backtesting.backtester: Requesting OHLCV for VMC: 2020-11-27 → 2024-01-31 (provider=yahoo, cache_dir=data/cache/ohlcv, ttl=0)
2026-03-31 10:18:58,180 [INFO] backtesting.backtester: Loaded OHLCV for VMC: shape=(798, 9)
2026-03-31 10:18:58,180 [INFO] backtesting.backtester: Requesting OHLCV for BK: 2020-11-27 → 2024-01-31 (provider=yahoo, cache_dir=data/cache/ohlcv, ttl=0)
2026-03-31 10:18:58,182 [INFO] backtesting.backtester: Loaded OHLCV for BK: shape=(798, 9)
2026-03-31 10:18:58,182 [INFO] backtesting.backtester: Requesting OHLCV for GIS: 2020-11-27 → 2024-01-31 (provider=yahoo, cache_dir=data/cache/ohlcv, ttl=0)
2026-03-31 10:18:58,183 [INFO] backtesting.backtester: Loaded OHLCV for GIS: shape=(798, 9)
2026-03-31 10:18:58,183 [INFO] backtesting.backtester: Requesting OHLCV for EMR: 2020-11-27 → 2024-01-31 (provider=yahoo, cache_dir=data/cache/ohlcv, ttl=0)
2026-03-31 10:18:58,185 [INFO] backtesting.backtester: Loaded OHLCV for EMR: shape=(798, 9)
2026-03-31 10:18:58,185 [INFO] backtesting.backtester: Requesting OHLCV for DPZ: 2020-11-27 → 2024-01-31 (provider=yahoo, cache_dir=data/cache/ohlcv, ttl=0)
2026-03-31 10:18:58,186 [INFO] backtesting.backtester: Loaded OHLCV for DPZ: shape=(798, 9)
2026-03-31 10:18:58,186 [INFO] backtesting.backtester: Requesting OHLCV for CTRA: 2020-11-27 → 2024-01-31 (provider=yahoo, cache_dir=data/cache/ohlcv, ttl=0)
2026-03-31 10:18:58,188 [INFO] backtesting.backtester: Loaded OHLCV for CTRA: shape=(798, 9)
2026-03-31 10:18:58,188 [INFO] backtesting.backtester: Requesting OHLCV for KHC: 2020-11-27 → 2024-01-31 (provider=yahoo, cache_dir=data/cache/ohlcv, ttl=0)
2026-03-31 10:18:58,189 [INFO] backtesting.backtester: Loaded OHLCV for KHC: shape=(798, 9)
2026-03-31 10:18:58,189 [INFO] backtesting.backtester: Requesting OHLCV for VRSK: 2020-11-27 → 2024-01-31 (provider=yahoo, cache_dir=data/cache/ohlcv, ttl=0)
2026-03-31 10:18:58,191 [INFO] backtesting.backtester: Loaded OHLCV for VRSK: shape=(798, 9)
2026-03-31 10:18:58,191 [INFO] backtesting.backtester: Requesting OHLCV for PSA: 2020-11-27 → 2024-01-31 (provider=yahoo, cache_dir=data/cache/ohlcv, ttl=0)
2026-03-31 10:18:58,192 [INFO] backtesting.backtester: Loaded OHLCV for PSA: shape=(798, 9)
2026-03-31 10:18:58,192 [INFO] backtesting.backtester: Requesting OHLCV for DHI: 2020-11-27 → 2024-01-31 (provider=yahoo, cache_dir=data/cache/ohlcv, ttl=0)
2026-03-31 10:18:58,194 [INFO] backtesting.backtester: Loaded OHLCV for DHI: shape=(798, 9)
2026-03-31 10:18:58,194 [INFO] backtesting.backtester: Requesting OHLCV for OMC: 2020-11-27 → 2024-01-31 (provider=yahoo, cache_dir=data/cache/ohlcv, ttl=0)
2026-03-31 10:18:58,195 [INFO] backtesting.backtester: Loaded OHLCV for OMC: shape=(798, 9)

  [101/300] GILD… [101/300] GILD OHLCV window: first_date=2020-11-27, last_date=2024-01-31, n=798
  [102/300] HON… [102/300] HON OHLCV window: first_date=2020-11-27, last_date=2024-01-31, n=798
  [103/300] CEG… [103/300] CEG OHLCV window: first_date=2022-01-19, last_date=2024-01-30, n=510
insufficient pre-history (<252d before start)
  [104/300] ADP… [104/300] ADP OHLCV window: first_date=2020-11-27, last_date=2024-01-31, n=798
  [105/300] BSX… [105/300] BSX OHLCV window: first_date=2020-11-27, last_date=2024-01-31, n=798
  [106/300] PYPL… [106/300] PYPL OHLCV window: first_date=2020-11-27, last_date=2024-01-31, n=798
  [107/300] PM… [107/300] PM OHLCV window: first_date=2020-11-27, last_date=2024-01-31, n=798
  [108/300] CVNA… [108/300] CVNA OHLCV window: first_date=2020-11-27, last_date=2024-01-31, n=798
  [109/300] UAL… [109/300] UAL OHLCV window: first_date=2020-11-27, last_date=2024-01-31, n=798
  [110/300] NKE… [110/300] NKE OHLCV window: first_date=2020-11-27, last_date=2024-01-31, n=798
  [111/300] ANET… [111/300] ANET OHLCV window: first_date=2020-11-27, last_date=2024-01-31, n=798
  [112/300] DVN… [112/300] DVN OHLCV window: first_date=2020-11-27, last_date=2024-01-31, n=798
  [113/300] BMY… [113/300] BMY OHLCV window: first_date=2020-11-27, last_date=2024-01-31, n=798
  [114/300] CF… [114/300] CF OHLCV window: first_date=2020-11-27, last_date=2024-01-31, n=798
  [115/300] SCHW… [115/300] SCHW OHLCV window: first_date=2020-11-27, last_date=2024-01-31, n=798
  [116/300] SATS… [116/300] SATS OHLCV window: first_date=2020-11-27, last_date=2024-01-31, n=798
  [117/300] WBD… [117/300] WBD OHLCV window: first_date=2020-11-27, last_date=2024-01-31, n=798
  [118/300] PH… [118/300] PH OHLCV window: first_date=2020-11-27, last_date=2024-01-31, n=798
  [119/300] EOG… [119/300] EOG OHLCV window: first_date=2020-11-27, last_date=2024-01-31, n=798
  [120/300] KKR… [120/300] KKR OHLCV window: first_date=2020-11-27, last_date=2024-01-31, n=798
  [121/300] TGT… [121/300] TGT OHLCV window: first_date=2020-11-27, last_date=2024-01-31, n=798
  [122/300] RCL… [122/300] RCL OHLCV window: first_date=2020-11-27, last_date=2024-01-31, n=798
  [123/300] SBUX… [123/300] SBUX OHLCV window: first_date=2020-11-27, last_date=2024-01-31, n=798
  [124/300] DE… [124/300] DE OHLCV window: first_date=2020-11-27, last_date=2024-01-31, n=798
  [125/300] FDX… [125/300] FDX OHLCV window: first_date=2020-11-27, last_date=2024-01-31, n=798
  [126/300] F… [126/300] F OHLCV window: first_date=2020-11-27, last_date=2024-01-31, n=798
  [127/300] CCL… [127/300] CCL OHLCV window: first_date=2020-11-27, last_date=2024-01-31, n=798
  [128/300] ISRG… [128/300] ISRG OHLCV window: first_date=2020-11-27, last_date=2024-01-31, n=798
  [129/300] VST… [129/300] VST OHLCV window: first_date=2020-11-27, last_date=2024-01-31, n=798
  [130/300] DHR… [130/300] DHR OHLCV window: first_date=2020-11-27, last_date=2024-01-31, n=798
  [131/300] UPS… [131/300] UPS OHLCV window: first_date=2020-11-27, last_date=2024-01-31, n=798
  [132/300] SYK… [132/300] SYK OHLCV window: first_date=2020-11-27, last_date=2024-01-31, n=798
  [133/300] WDAY… [133/300] WDAY OHLCV window: first_date=2020-11-27, last_date=2024-01-31, n=798
  [134/300] APO… [134/300] APO OHLCV window: first_date=2020-11-27, last_date=2024-01-31, n=798
  [135/300] TJX… [135/300] TJX OHLCV window: first_date=2020-11-27, last_date=2024-01-31, n=798
  [136/300] UNP… [136/300] UNP OHLCV window: first_date=2020-11-27, last_date=2024-01-31, n=798
  [137/300] ELV… [137/300] ELV OHLCV window: first_date=2020-11-27, last_date=2024-01-31, n=798
  [138/300] MPC… [138/300] MPC OHLCV window: first_date=2020-11-27, last_date=2024-01-31, n=798
  [139/300] MDT… [139/300] MDT OHLCV window: first_date=2020-11-27, last_date=2024-01-31, n=798
  [140/300] CME… [140/300] CME OHLCV window: first_date=2020-11-27, last_date=2024-01-31, n=798
  [141/300] CDNS… [141/300] CDNS OHLCV window: first_date=2020-11-27, last_date=2024-01-31, n=798
  [142/300] FANG… [142/300] FANG OHLCV window: first_date=2020-11-27, last_date=2024-01-31, n=798
  [143/300] MCK… [143/300] MCK OHLCV window: first_date=2020-11-27, last_date=2024-01-31, n=798
  [144/300] LYB… [144/300] LYB OHLCV window: first_date=2020-11-27, last_date=2024-01-31, n=798
  [145/300] WELL… [145/300] WELL OHLCV window: first_date=2020-11-27, last_date=2024-01-31, n=798
  [146/300] BKR… [146/300] BKR OHLCV window: first_date=2020-11-27, last_date=2024-01-31, n=798
  [147/300] MMM… [147/300] MMM OHLCV window: first_date=2020-11-27, last_date=2024-01-31, n=798
  [148/300] VRTX… [148/300] VRTX OHLCV window: first_date=2020-11-27, last_date=2024-01-31, n=798
  [149/300] MO… [149/300] MO OHLCV window: first_date=2020-11-27, last_date=2024-01-31, n=798
  [150/300] MCO… [150/300] MCO OHLCV window: first_date=2020-11-27, last_date=2024-01-31, n=798
  [151/300] LOW… [151/300] LOW OHLCV window: first_date=2020-11-27, last_date=2024-01-31, n=798
  [152/300] PGR… [152/300] PGR OHLCV window: first_date=2020-11-27, last_date=2024-01-31, n=798
  [153/300] CRH… [153/300] CRH OHLCV window: first_date=2020-11-27, last_date=2024-01-31, n=798
  [154/300] PWR… [154/300] PWR OHLCV window: first_date=2020-11-27, last_date=2024-01-31, n=798
  [155/300] XYZ… [155/300] XYZ OHLCV window: first_date=2020-11-27, last_date=2024-01-31, n=798
  [156/300] PSX… [156/300] PSX OHLCV window: first_date=2020-11-27, last_date=2024-01-31, n=798
  [157/300] ROST… [157/300] ROST OHLCV window: first_date=2020-11-27, last_date=2024-01-31, n=798
  [158/300] DASH… [158/300] DASH OHLCV window: first_date=2020-12-09, last_date=2024-01-30, n=789
  [159/300] EQIX… [159/300] EQIX OHLCV window: first_date=2020-11-27, last_date=2024-01-31, n=798
  [160/300] TTD… [160/300] TTD OHLCV window: first_date=2020-11-27, last_date=2024-01-31, n=798
  [161/300] HAL… [161/300] HAL OHLCV window: first_date=2020-11-27, last_date=2024-01-31, n=798
  [162/300] DUK… [162/300] DUK OHLCV window: first_date=2020-11-27, last_date=2024-01-31, n=798
  [163/300] NOC… [163/300] NOC OHLCV window: first_date=2020-11-27, last_date=2024-01-31, n=798
  [164/300] GM… [164/300] GM OHLCV window: first_date=2020-11-27, last_date=2024-01-31, n=798
  [165/300] CVS… [165/300] CVS OHLCV window: first_date=2020-11-27, last_date=2024-01-31, n=798
  [166/300] FIX… [166/300] FIX OHLCV window: first_date=2020-11-27, last_date=2024-01-31, n=798
  [167/300] MDLZ… [167/300] MDLZ OHLCV window: first_date=2020-11-27, last_date=2024-01-31, n=798
  [168/300] CB… [168/300] CB OHLCV window: first_date=2020-11-27, last_date=2024-01-31, n=798
  [169/300] EXPE… [169/300] EXPE OHLCV window: first_date=2020-11-27, last_date=2024-01-31, n=798
  [170/300] AMT… [170/300] AMT OHLCV window: first_date=2020-11-27, last_date=2024-01-31, n=798
  [171/300] HCA… [171/300] HCA OHLCV window: first_date=2020-11-27, last_date=2024-01-31, n=798
  [172/300] CL… [172/300] CL OHLCV window: first_date=2020-11-27, last_date=2024-01-31, n=798
  [173/300] HWM… [173/300] HWM OHLCV window: first_date=2020-11-27, last_date=2024-01-31, n=798
  [174/300] PNC… [174/300] PNC OHLCV window: first_date=2020-11-27, last_date=2024-01-31, n=798
  [175/300] MPWR… [175/300] MPWR OHLCV window: first_date=2020-11-27, last_date=2024-01-31, n=798
  [176/300] HLT… [176/300] HLT OHLCV window: first_date=2020-11-27, last_date=2024-01-31, n=798
  [177/300] MCHP… [177/300] MCHP OHLCV window: first_date=2020-11-27, last_date=2024-01-31, n=798
  [178/300] EQT… [178/300] EQT OHLCV window: first_date=2020-11-27, last_date=2024-01-31, n=798
  [179/300] USB… [179/300] USB OHLCV window: first_date=2020-11-27, last_date=2024-01-31, n=798
  [180/300] ADSK… [180/300] ADSK OHLCV window: first_date=2020-11-27, last_date=2024-01-31, n=798
  [181/300] CMG… [181/300] CMG OHLCV window: first_date=2020-11-27, last_date=2024-01-31, n=798
  [182/300] JCI… [182/300] JCI OHLCV window: first_date=2020-11-27, last_date=2024-01-31, n=798
  [183/300] TT… [183/300] TT OHLCV window: first_date=2020-11-27, last_date=2024-01-31, n=7982026-03-31 10:18:58,195 [INFO] backtesting.backtester: Requesting OHLCV for FSLR: 2020-11-27 → 2024-01-31 (provider=yahoo, cache_dir=data/cache/ohlcv, ttl=0)
2026-03-31 10:18:58,197 [INFO] backtesting.backtester: Loaded OHLCV for FSLR: shape=(798, 9)
2026-03-31 10:18:58,197 [INFO] backtesting.backtester: Requesting OHLCV for TRGP: 2020-11-27 → 2024-01-31 (provider=yahoo, cache_dir=data/cache/ohlcv, ttl=0)
2026-03-31 10:18:58,198 [INFO] backtesting.backtester: Loaded OHLCV for TRGP: shape=(798, 9)
2026-03-31 10:18:58,198 [INFO] backtesting.backtester: Requesting OHLCV for CARR: 2020-11-27 → 2024-01-31 (provider=yahoo, cache_dir=data/cache/ohlcv, ttl=0)
2026-03-31 10:18:58,200 [INFO] backtesting.backtester: Loaded OHLCV for CARR: shape=(798, 9)
2026-03-31 10:18:58,200 [INFO] backtesting.backtester: Requesting OHLCV for NSC: 2020-11-27 → 2024-01-31 (provider=yahoo, cache_dir=data/cache/ohlcv, ttl=0)
2026-03-31 10:18:58,201 [INFO] backtesting.backtester: Loaded OHLCV for NSC: shape=(798, 9)
2026-03-31 10:18:58,201 [INFO] backtesting.backtester: Requesting OHLCV for EW: 2020-11-27 → 2024-01-31 (provider=yahoo, cache_dir=data/cache/ohlcv, ttl=0)
2026-03-31 10:18:58,202 [INFO] backtesting.backtester: Loaded OHLCV for EW: shape=(798, 9)
2026-03-31 10:18:58,202 [INFO] backtesting.backtester: Requesting OHLCV for ROK: 2020-11-27 → 2024-01-31 (provider=yahoo, cache_dir=data/cache/ohlcv, ttl=0)
2026-03-31 10:18:58,204 [INFO] backtesting.backtester: Loaded OHLCV for ROK: shape=(798, 9)
2026-03-31 10:18:58,204 [INFO] backtesting.backtester: Requesting OHLCV for FISV: 2020-11-27 → 2024-01-31 (provider=yahoo, cache_dir=data/cache/ohlcv, ttl=0)
2026-03-31 10:18:58,205 [INFO] backtesting.backtester: Loaded OHLCV for FISV: shape=(798, 9)
2026-03-31 10:18:58,205 [INFO] backtesting.backtester: Requesting OHLCV for FAST: 2020-11-27 → 2024-01-31 (provider=yahoo, cache_dir=data/cache/ohlcv, ttl=0)
2026-03-31 10:18:58,207 [INFO] backtesting.backtester: Loaded OHLCV for FAST: shape=(798, 9)
2026-03-31 10:18:58,207 [INFO] backtesting.backtester: Requesting OHLCV for MLM: 2020-11-27 → 2024-01-31 (provider=yahoo, cache_dir=data/cache/ohlcv, ttl=0)
2026-03-31 10:18:58,209 [INFO] backtesting.backtester: Loaded OHLCV for MLM: shape=(798, 9)
2026-03-31 10:18:58,209 [INFO] backtesting.backtester: Requesting OHLCV for HSY: 2020-11-27 → 2024-01-31 (provider=yahoo, cache_dir=data/cache/ohlcv, ttl=0)
2026-03-31 10:18:58,211 [INFO] backtesting.backtester: Loaded OHLCV for HSY: shape=(798, 9)
2026-03-31 10:18:58,211 [INFO] backtesting.backtester: Requesting OHLCV for ITW: 2020-11-27 → 2024-01-31 (provider=yahoo, cache_dir=data/cache/ohlcv, ttl=0)
2026-03-31 10:18:58,213 [INFO] backtesting.backtester: Loaded OHLCV for ITW: shape=(798, 9)
2026-03-31 10:18:58,213 [INFO] backtesting.backtester: Requesting OHLCV for XEL: 2020-11-27 → 2024-01-31 (provider=yahoo, cache_dir=data/cache/ohlcv, ttl=0)
2026-03-31 10:18:58,214 [INFO] backtesting.backtester: Loaded OHLCV for XEL: shape=(798, 9)
2026-03-31 10:18:58,214 [INFO] backtesting.backtester: Requesting OHLCV for APA: 2020-11-27 → 2024-01-31 (provider=yahoo, cache_dir=data/cache/ohlcv, ttl=0)
2026-03-31 10:18:58,216 [INFO] backtesting.backtester: Loaded OHLCV for APA: shape=(798, 9)
2026-03-31 10:18:58,216 [INFO] backtesting.backtester: Requesting OHLCV for WAT: 2020-11-27 → 2024-01-31 (provider=yahoo, cache_dir=data/cache/ohlcv, ttl=0)
2026-03-31 10:18:58,217 [INFO] backtesting.backtester: Loaded OHLCV for WAT: shape=(798, 9)
2026-03-31 10:18:58,217 [INFO] backtesting.backtester: Requesting OHLCV for JBL: 2020-11-27 → 2024-01-31 (provider=yahoo, cache_dir=data/cache/ohlcv, ttl=0)
2026-03-31 10:18:58,219 [INFO] backtesting.backtester: Loaded OHLCV for JBL: shape=(798, 9)
2026-03-31 10:18:58,219 [INFO] backtesting.backtester: Requesting OHLCV for PCAR: 2020-11-27 → 2024-01-31 (provider=yahoo, cache_dir=data/cache/ohlcv, ttl=0)
2026-03-31 10:18:58,221 [INFO] backtesting.backtester: Loaded OHLCV for PCAR: shape=(798, 9)
2026-03-31 10:18:58,221 [INFO] backtesting.backtester: Requesting OHLCV for ALB: 2020-11-27 → 2024-01-31 (provider=yahoo, cache_dir=data/cache/ohlcv, ttl=0)
2026-03-31 10:18:58,222 [INFO] backtesting.backtester: Loaded OHLCV for ALB: shape=(798, 9)
2026-03-31 10:18:58,222 [INFO] backtesting.backtester: Requesting OHLCV for AIG: 2020-11-27 → 2024-01-31 (provider=yahoo, cache_dir=data/cache/ohlcv, ttl=0)
2026-03-31 10:18:58,223 [INFO] backtesting.backtester: Loaded OHLCV for AIG: shape=(798, 9)
2026-03-31 10:18:58,223 [INFO] backtesting.backtester: Requesting OHLCV for BBY: 2020-11-27 → 2024-01-31 (provider=yahoo, cache_dir=data/cache/ohlcv, ttl=0)
2026-03-31 10:18:58,225 [INFO] backtesting.backtester: Loaded OHLCV for BBY: shape=(798, 9)
2026-03-31 10:18:58,225 [INFO] backtesting.backtester: Requesting OHLCV for HPQ: 2020-11-27 → 2024-01-31 (provider=yahoo, cache_dir=data/cache/ohlcv, ttl=0)
2026-03-31 10:18:58,227 [INFO] backtesting.backtester: Loaded OHLCV for HPQ: shape=(798, 9)
2026-03-31 10:18:58,227 [INFO] backtesting.backtester: Requesting OHLCV for DLTR: 2020-11-27 → 2024-01-31 (provider=yahoo, cache_dir=data/cache/ohlcv, ttl=0)
2026-03-31 10:18:58,228 [INFO] backtesting.backtester: Loaded OHLCV for DLTR: shape=(798, 9)
2026-03-31 10:18:58,228 [INFO] backtesting.backtester: Requesting OHLCV for DLR: 2020-11-27 → 2024-01-31 (provider=yahoo, cache_dir=data/cache/ohlcv, ttl=0)
2026-03-31 10:18:58,230 [INFO] backtesting.backtester: Loaded OHLCV for DLR: shape=(798, 9)
2026-03-31 10:18:58,230 [INFO] backtesting.backtester: Requesting OHLCV for AME: 2020-11-27 → 2024-01-31 (provider=yahoo, cache_dir=data/cache/ohlcv, ttl=0)
2026-03-31 10:18:58,231 [INFO] backtesting.backtester: Loaded OHLCV for AME: shape=(798, 9)
2026-03-31 10:18:58,231 [INFO] backtesting.backtester: Requesting OHLCV for IBKR: 2020-11-27 → 2024-01-31 (provider=yahoo, cache_dir=data/cache/ohlcv, ttl=0)
2026-03-31 10:18:58,233 [INFO] backtesting.backtester: Loaded OHLCV for IBKR: shape=(798, 9)
2026-03-31 10:18:58,233 [INFO] backtesting.backtester: Requesting OHLCV for DRI: 2020-11-27 → 2024-01-31 (provider=yahoo, cache_dir=data/cache/ohlcv, ttl=0)
2026-03-31 10:18:58,234 [INFO] backtesting.backtester: Loaded OHLCV for DRI: shape=(798, 9)
2026-03-31 10:18:58,234 [INFO] backtesting.backtester: Requesting OHLCV for SPG: 2020-11-27 → 2024-01-31 (provider=yahoo, cache_dir=data/cache/ohlcv, ttl=0)
2026-03-31 10:18:58,236 [INFO] backtesting.backtester: Loaded OHLCV for SPG: shape=(798, 9)
2026-03-31 10:18:58,236 [INFO] backtesting.backtester: Requesting OHLCV for OTIS: 2020-11-27 → 2024-01-31 (provider=yahoo, cache_dir=data/cache/ohlcv, ttl=0)
2026-03-31 10:18:58,237 [INFO] backtesting.backtester: Loaded OHLCV for OTIS: shape=(798, 9)
2026-03-31 10:18:58,237 [INFO] backtesting.backtester: Requesting OHLCV for SRE: 2020-11-27 → 2024-01-31 (provider=yahoo, cache_dir=data/cache/ohlcv, ttl=0)
2026-03-31 10:18:58,238 [INFO] backtesting.backtester: Loaded OHLCV for SRE: shape=(798, 9)
2026-03-31 10:18:58,238 [INFO] backtesting.backtester: Requesting OHLCV for MOS: 2020-11-27 → 2024-01-31 (provider=yahoo, cache_dir=data/cache/ohlcv, ttl=0)
2026-03-31 10:18:58,240 [INFO] backtesting.backtester: Loaded OHLCV for MOS: shape=(798, 9)
2026-03-31 10:18:58,240 [INFO] backtesting.backtester: Requesting OHLCV for CTVA: 2020-11-27 → 2024-01-31 (provider=yahoo, cache_dir=data/cache/ohlcv, ttl=0)
2026-03-31 10:18:58,241 [INFO] backtesting.backtester: Loaded OHLCV for CTVA: shape=(798, 9)
2026-03-31 10:18:58,242 [INFO] backtesting.backtester: Requesting OHLCV for KEY: 2020-11-27 → 2024-01-31 (provider=yahoo, cache_dir=data/cache/ohlcv, ttl=0)
2026-03-31 10:18:58,243 [INFO] backtesting.backtester: Loaded OHLCV for KEY: shape=(798, 9)
2026-03-31 10:18:58,243 [INFO] backtesting.backtester: Requesting OHLCV for CPRT: 2020-11-27 → 2024-01-31 (provider=yahoo, cache_dir=data/cache/ohlcv, ttl=0)
2026-03-31 10:18:58,244 [INFO] backtesting.backtester: Loaded OHLCV for CPRT: shape=(798, 9)
2026-03-31 10:18:58,244 [INFO] backtesting.backtester: Requesting OHLCV for IQV: 2020-11-27 → 2024-01-31 (provider=yahoo, cache_dir=data/cache/ohlcv, ttl=0)
2026-03-31 10:18:58,246 [INFO] backtesting.backtester: Loaded OHLCV for IQV: shape=(798, 9)
2026-03-31 10:19:03,829 [WARNING] backtesting.signals: SignalEngine: all-NaN feature columns detected: ['delisted_date']
2026-03-31 10:19:03,836 [WARNING] backtesting.signals: SignalEngine: ensemble normalize=true ignored in backtest to avoid lookahead bias.

  [184/300] ORLY… [184/300] ORLY OHLCV window: first_date=2020-11-27, last_date=2024-01-31, n=798
  [185/300] ICE… [185/300] ICE OHLCV window: first_date=2020-11-27, last_date=2024-01-31, n=798
  [186/300] SHW… [186/300] SHW OHLCV window: first_date=2020-11-27, last_date=2024-01-31, n=798
  [187/300] LHX… [187/300] LHX OHLCV window: first_date=2020-11-27, last_date=2024-01-31, n=798
  [188/300] DDOG… [188/300] DDOG OHLCV window: first_date=2020-11-27, last_date=2024-01-31, n=798
  [189/300] KR… [189/300] KR OHLCV window: first_date=2020-11-27, last_date=2024-01-31, n=798
  [190/300] AZO… [190/300] AZO OHLCV window: first_date=2020-11-27, last_date=2024-01-31, n=798
  [191/300] DOW… [191/300] DOW OHLCV window: first_date=2020-11-27, last_date=2024-01-31, n=798
  [192/300] WM… [192/300] WM OHLCV window: first_date=2020-11-27, last_date=2024-01-31, n=798
  [193/300] ABNB… [193/300] ABNB OHLCV window: first_date=2020-12-10, last_date=2024-01-30, n=788
  [194/300] NRG… [194/300] NRG OHLCV window: first_date=2020-11-27, last_date=2024-01-31, n=798
  [195/300] SO… [195/300] SO OHLCV window: first_date=2020-11-27, last_date=2024-01-31, n=798
  [196/300] NXPI… [196/300] NXPI OHLCV window: first_date=2020-11-27, last_date=2024-01-31, n=798
  [197/300] MRSH… [197/300] MRSH OHLCV window: first_date=2020-11-27, last_date=2024-01-31, n=798
  [198/300] ZTS… [198/300] ZTS OHLCV window: first_date=2020-11-27, last_date=2024-01-31, n=798
  [199/300] ULTA… [199/300] ULTA OHLCV window: first_date=2020-11-27, last_date=2024-01-31, n=798
  [200/300] AEP… [200/300] AEP OHLCV window: first_date=2020-11-27, last_date=2024-01-31, n=798
  [201/300] CSX… [201/300] CSX OHLCV window: first_date=2020-11-27, last_date=2024-01-31, n=798
  [202/300] MSI… [202/300] MSI OHLCV window: first_date=2020-11-27, last_date=2024-01-31, n=798
  [203/300] KEYS… [203/300] KEYS OHLCV window: first_date=2020-11-27, last_date=2024-01-31, n=798
  [204/300] KMB… [204/300] KMB OHLCV window: first_date=2020-11-27, last_date=2024-01-31, n=798
  [205/300] MAR… [205/300] MAR OHLCV window: first_date=2020-11-27, last_date=2024-01-31, n=798
  [206/300] FITB… [206/300] FITB OHLCV window: first_date=2020-11-27, last_date=2024-01-31, n=798
  [207/300] LULU… [207/300] LULU OHLCV window: first_date=2020-11-27, last_date=2024-01-31, n=798
  [208/300] ROP… [208/300] ROP OHLCV window: first_date=2020-11-27, last_date=2024-01-31, n=798
  [209/300] MNST… [209/300] MNST OHLCV window: first_date=2020-11-27, last_date=2024-01-31, n=798
  [210/300] URI… [210/300] URI OHLCV window: first_date=2020-11-27, last_date=2024-01-31, n=798
  [211/300] LYV… [211/300] LYV OHLCV window: first_date=2020-11-27, last_date=2024-01-31, n=798
  [212/300] DG… [212/300] DG OHLCV window: first_date=2020-11-27, last_date=2024-01-31, n=798
  [213/300] CMI… [213/300] CMI OHLCV window: first_date=2020-11-27, last_date=2024-01-31, n=798
  [214/300] CI… [214/300] CI OHLCV window: first_date=2020-11-27, last_date=2024-01-31, n=798
  [215/300] AJG… [215/300] AJG OHLCV window: first_date=2020-11-27, last_date=2024-01-31, n=798
  [216/300] FTNT… [216/300] FTNT OHLCV window: first_date=2020-11-27, last_date=2024-01-31, n=798
  [217/300] NCLH… [217/300] NCLH OHLCV window: first_date=2020-11-27, last_date=2024-01-31, n=798
  [218/300] EA… [218/300] EA OHLCV window: first_date=2020-11-27, last_date=2024-01-31, n=798
  [219/300] ARES… [219/300] ARES OHLCV window: first_date=2020-11-27, last_date=2024-01-31, n=798
  [220/300] AKAM… [220/300] AKAM OHLCV window: first_date=2020-11-27, last_date=2024-01-31, n=798
  [221/300] WMB… [221/300] WMB OHLCV window: first_date=2020-11-27, last_date=2024-01-31, n=798
  [222/300] TDG… [222/300] TDG OHLCV window: first_date=2020-11-27, last_date=2024-01-31, n=798
  [223/300] COR… [223/300] COR OHLCV window: first_date=2020-11-27, last_date=2024-01-31, n=798
  [224/300] PLD… [224/300] PLD OHLCV window: first_date=2020-11-27, last_date=2024-01-31, n=798
  [225/300] TEL… [225/300] TEL OHLCV window: first_date=2020-11-27, last_date=2024-01-31, n=798
  [226/300] CTAS… [226/300] CTAS OHLCV window: first_date=2020-11-27, last_date=2024-01-31, n=798
  [227/300] AXON… [227/300] AXON OHLCV window: first_date=2020-11-27, last_date=2024-01-31, n=798
  [228/300] KMI… [228/300] KMI OHLCV window: first_date=2020-11-27, last_date=2024-01-31, n=798
  [229/300] MRNA… [229/300] MRNA OHLCV window: first_date=2020-11-27, last_date=2024-01-31, n=798
  [230/300] ECL… [230/300] ECL OHLCV window: first_date=2020-11-27, last_date=2024-01-31, n=798
  [231/300] EL… [231/300] EL OHLCV window: first_date=2020-11-27, last_date=2024-01-31, n=798
  [232/300] EXC… [232/300] EXC OHLCV window: first_date=2020-11-27, last_date=2024-01-31, n=798
  [233/300] FICO… [233/300] FICO OHLCV window: first_date=2020-11-27, last_date=2024-01-31, n=798
  [234/300] REGN… [234/300] REGN OHLCV window: first_date=2020-11-27, last_date=2024-01-31, n=798
  [235/300] OKE… [235/300] OKE OHLCV window: first_date=2020-11-27, last_date=2024-01-31, n=798
  [236/300] HBAN… [236/300] HBAN OHLCV window: first_date=2020-11-27, last_date=2024-01-31, n=798
  [237/300] AON… [237/300] AON OHLCV window: first_date=2020-11-27, last_date=2024-01-31, n=798
  [238/300] HPE… [238/300] HPE OHLCV window: first_date=2020-11-27, last_date=2024-01-31, n=798
  [239/300] GD… [239/300] GD OHLCV window: first_date=2020-11-27, last_date=2024-01-31, n=798
  [240/300] TRV… [240/300] TRV OHLCV window: first_date=2020-11-27, last_date=2024-01-31, n=798
  [241/300] EBAY… [241/300] EBAY OHLCV window: first_date=2020-11-27, last_date=2024-01-31, n=798
  [242/300] ODFL… [242/300] ODFL OHLCV window: first_date=2020-11-27, last_date=2024-01-31, n=798
  [243/300] KVUE… insufficient data
  [244/300] EXE… [244/300] EXE OHLCV window: first_date=2021-02-10, last_date=2024-01-30, n=747
  [245/300] TFC… [245/300] TFC OHLCV window: first_date=2020-11-27, last_date=2024-01-31, n=798
  [246/300] ON… [246/300] ON OHLCV window: first_date=2020-11-27, last_date=2024-01-31, n=798
  [247/300] PCG… [247/300] PCG OHLCV window: first_date=2020-11-27, last_date=2024-01-31, n=798
  [248/300] LUV… [248/300] LUV OHLCV window: first_date=2020-11-27, last_date=2024-01-31, n=798
  [249/300] BDX… [249/300] BDX OHLCV window: first_date=2020-11-27, last_date=2024-01-31, n=798
  [250/300] O… [250/300] O OHLCV window: first_date=2020-11-27, last_date=2024-01-31, n=798
  [251/300] PAYX… [251/300] PAYX OHLCV window: first_date=2020-11-27, last_date=2024-01-31, n=798
  [252/300] CTSH… [252/300] CTSH OHLCV window: first_date=2020-11-27, last_date=2024-01-31, n=798
  [253/300] CAH… [253/300] CAH OHLCV window: first_date=2020-11-27, last_date=2024-01-31, n=798
  [254/300] RF… [254/300] RF OHLCV window: first_date=2020-11-27, last_date=2024-01-31, n=798
  [255/300] APD… [255/300] APD OHLCV window: first_date=2020-11-27, last_date=2024-01-31, n=798
  [256/300] TTWO… [256/300] TTWO OHLCV window: first_date=2020-11-27, last_date=2024-01-31, n=798
  [257/300] VMC… [257/300] VMC OHLCV window: first_date=2020-11-27, last_date=2024-01-31, n=798
  [258/300] BK… [258/300] BK OHLCV window: first_date=2020-11-27, last_date=2024-01-31, n=798
  [259/300] GIS… [259/300] GIS OHLCV window: first_date=2020-11-27, last_date=2024-01-31, n=798
  [260/300] EMR… [260/300] EMR OHLCV window: first_date=2020-11-27, last_date=2024-01-31, n=798
  [261/300] DPZ… [261/300] DPZ OHLCV window: first_date=2020-11-27, last_date=2024-01-31, n=798
  [262/300] CTRA… [262/300] CTRA OHLCV window: first_date=2020-11-27, last_date=2024-01-31, n=798
  [263/300] KHC… [263/300] KHC OHLCV window: first_date=2020-11-27, last_date=2024-01-31, n=798
  [264/300] VRSK… [264/300] VRSK OHLCV window: first_date=2020-11-27, last_date=2024-01-31, n=798
  [265/300] PSA… [265/300] PSA OHLCV window: first_date=2020-11-27, last_date=2024-01-31, n=798
  [266/300] DHI… [266/300] DHI OHLCV window: first_date=2020-11-27, last_date=2024-01-31, n=798
  [267/300] OMC… [267/300] OMC OHLCV window: first_date=2020-11-27, last_date=2024-01-31, n=798
  [268/300] FSLR… [268/300] FSLR OHLCV window: first_date=2020-11-27, last_date=2024-01-31, n=798
  [269/300] TRGP… [269/300] TRGP OHLCV window: first_date=2020-11-27, last_date=2024-01-31, n=798
  [270/300] CARR… [270/300] CARR OHLCV window: first_date=2020-11-27, last_date=2024-01-31, n=798
  [271/300] NSC… [271/300] NSC OHLCV window: first_date=2020-11-27, last_date=2024-01-31, n=798
  [272/300] EW… [272/300] EW OHLCV window: first_date=2020-11-27, last_date=2024-01-31, n=798
  [273/300] ROK… [273/300] ROK OHLCV window: first_date=2020-11-27, last_date=2024-01-31, n=798
  [274/300] FISV… [274/300] FISV OHLCV window: first_date=2020-11-27, last_date=2024-01-31, n=798
  [275/300] FAST… [275/300] FAST OHLCV window: first_date=2020-11-27, last_date=2024-01-31, n=798
  [276/300] MLM… [276/300] MLM OHLCV window: first_date=2020-11-27, last_date=2024-01-31, n=798
  [277/300] HSY… [277/300] HSY OHLCV window: first_date=2020-11-27, last_date=2024-01-31, n=798
  [278/300] ITW… [278/300] ITW OHLCV window: first_date=2020-11-27, last_date=2024-01-31, n=798
  [279/300] XEL… [279/300] XEL OHLCV window: first_date=2020-11-27, last_date=2024-01-31, n=798
  [280/300] APA… [280/300] APA OHLCV window: first_date=2020-11-27, last_date=2024-01-31, n=798
  [281/300] WAT… [281/300] WAT OHLCV window: first_date=2020-11-27, last_date=2024-01-31, n=798
  [282/300] JBL… [282/300] JBL OHLCV window: first_date=2020-11-27, last_date=2024-01-31, n=798
  [283/300] PCAR… [283/300] PCAR OHLCV window: first_date=2020-11-27, last_date=2024-01-31, n=798
  [284/300] ALB… [284/300] ALB OHLCV window: first_date=2020-11-27, last_date=2024-01-31, n=798
  [285/300] AIG… [285/300] AIG OHLCV window: first_date=2020-11-27, last_date=2024-01-31, n=798
  [286/300] BBY… [286/300] BBY OHLCV window: first_date=2020-11-27, last_date=2024-01-31, n=798
  [287/300] HPQ… [287/300] HPQ OHLCV window: first_date=2020-11-27, last_date=2024-01-31, n=798
  [288/300] DLTR… [288/300] DLTR OHLCV window: first_date=2020-11-27, last_date=2024-01-31, n=798
  [289/300] DLR… [289/300] DLR OHLCV window: first_date=2020-11-27, last_date=2024-01-31, n=798
  [290/300] AME… [290/300] AME OHLCV window: first_date=2020-11-27, last_date=2024-01-31, n=798
  [291/300] IBKR… [291/300] IBKR OHLCV window: first_date=2020-11-27, last_date=2024-01-31, n=798
  [292/300] DRI… [292/300] DRI OHLCV window: first_date=2020-11-27, last_date=2024-01-31, n=798
  [293/300] SPG… [293/300] SPG OHLCV window: first_date=2020-11-27, last_date=2024-01-31, n=798
  [294/300] OTIS… [294/300] OTIS OHLCV window: first_date=2020-11-27, last_date=2024-01-31, n=798
  [295/300] SRE… [295/300] SRE OHLCV window: first_date=2020-11-27, last_date=2024-01-31, n=798
  [296/300] MOS… [296/300] MOS OHLCV window: first_date=2020-11-27, last_date=2024-01-31, n=798
  [297/300] CTVA… [297/300] CTVA OHLCV window: first_date=2020-11-27, last_date=2024-01-31, n=798
  [298/300] KEY… [298/300] KEY OHLCV window: first_date=2020-11-27, last_date=2024-01-31, n=798
  [299/300] CPRT… [299/300] CPRT OHLCV window: first_date=2020-11-27, last_date=2024-01-31, n=798
  [300/300] IQV… [300/300] IQV OHLCV window: first_date=2020-11-27, last_date=2024-01-31, n=798
  [signals 1/295] NVDA… 798 bars, 657 signals
  [signals 2/295] TSLA… 798 bars, 692 signals
  [signals 3/295] MU… 798 bars, 764 signals
  [signals 4/295] MSFT… 798 bars, 755 signals
  [signals 5/295] AAPL… 798 bars, 774 signals
  [signals 6/295] AVGO… 798 bars, 760 signals
  [signals 7/295] AMZN… 798 bars, 768 signals
  [signals 8/295] GOOGL… 798 bars, 769 signals
  [signals 9/295] META… 798 bars, 743 signals
  [signals 10/295] PLTR… 798 bars, 719 signals
  [signals 11/295] AMD… 798 bars, 723 signals
  [signals 12/295] GOOG… 798 bars, 759 signals
  [signals 13/295] LITE… 798 bars, 751 signals
  [signals 14/295] NFLX… 798 bars, 718 signals
  [signals 15/295] ORCL… 798 bars, 736 signals
  [signals 16/295] INTC… 798 bars, 755 signals
  [signals 17/295] XOM… 798 bars, 700 signals
  [signals 18/295] JPM… 798 bars, 723 signals
  [signals 19/295] VRT… 798 bars, 678 signals
  [signals 20/295] CVX… 798 bars, 726 signals
  [signals 21/295] CRM… 798 bars, 756 signals
  [signals 22/295] LLY… 798 bars, 692 signals
  [signals 23/295] COHR… 798 bars, 740 signals
  [signals 24/295] WMT… 798 bars, 784 signals
  [signals 25/295] WDC… 798 bars, 739 signals
  [signals 26/295] COIN… 704 bars, 579 signals
  [signals 27/295] UNH… 798 bars, 766 signals
  [signals 28/295] LRCX… 798 bars, 741 signals
  [signals 29/295] AMAT… 798 bars, 737 signals
  [signals 30/295] APP… 703 bars, 548 signals
  [signals 31/295] BAC… 798 bars, 752 signals
  [signals 32/295] V… 798 bars, 777 signals
  [signals 33/295] GS… 798 bars, 728 signals
  [signals 34/295] JNJ… 798 bars, 785 signals
  [signals 35/295] CAT… 798 bars, 723 signals
  [signals 36/295] NOW… 798 bars, 732 signals
  [signals 37/295] GLW… 798 bars, 784 signals
  [signals 38/295] INTU… 798 bars, 756 signals
  [signals 39/295] CSCO… 798 bars, 782 signals
  [signals 40/295] COST… 798 bars, 772 signals
  [signals 41/295] BKNG… 798 bars, 717 signals
  [signals 42/295] CRWD… 798 bars, 713 signals
  [signals 43/295] C… 798 bars, 741 signals
  [signals 44/295] PG… 798 bars, 781 signals
  [signals 45/295] MA… 798 bars, 771 signals
  [signals 46/295] ADBE… 798 bars, 783 signals
  [signals 47/295] ACN… 798 bars, 773 signals
  [signals 48/295] QCOM… 798 bars, 767 signals
  [signals 49/295] GE… 798 bars, 708 signals
  [signals 50/295] DELL… 798 bars, 745 signals
  [signals 51/295] ABBV… 798 bars, 754 signals
  [signals 52/295] WFC… 798 bars, 762 signals
  [signals 53/295] BA… 798 bars, 709 signals
  [signals 54/295] KLAC… 798 bars, 741 signals
  [signals 55/295] IBM… 798 bars, 746 signals
  [signals 56/295] HD… 798 bars, 762 signals
  [signals 57/295] COP… 798 bars, 671 signals
  [signals 58/295] STX… 798 bars, 733 signals
  [signals 59/295] UBER… 798 bars, 736 signals
  [signals 60/295] LIN… 798 bars, 743 signals
  [signals 61/295] VZ… 798 bars, 783 signals
  [signals 62/295] APH… 798 bars, 767 signals
  [signals 63/295] ABT… 798 bars, 760 signals
  [signals 64/295] NEM… 798 bars, 782 signals
  [signals 65/295] AXP… 798 bars, 739 signals
  [signals 66/295] KO… 798 bars, 785 signals
  [signals 67/295] ADI… 798 bars, 764 signals
  [signals 68/295] PANW… 798 bars, 742 signals
  [signals 69/295] TXN… 798 bars, 779 signals
  [signals 70/295] RTX… 798 bars, 755 signals
  [signals 71/295] BX… 798 bars, 699 signals
  [signals 72/295] T… 798 bars, 760 signals
  [signals 73/295] MRK… 798 bars, 756 signals
  [signals 74/295] MS… 798 bars, 726 signals
  [signals 75/295] CIEN… 798 bars, 752 signals
  [signals 76/295] LMT… 798 bars, 764 signals
  [signals 77/295] OXY… 798 bars, 685 signals
  [signals 78/295] DIS… 798 bars, 760 signals
  [signals 79/295] FCX… 798 bars, 718 signals
  [signals 80/295] TMUS… 798 bars, 770 signals
  [signals 81/295] SMCI… 798 bars, 657 signals
  [signals 82/295] PFE… 798 bars, 789 signals
  [signals 83/295] CMCSA… 798 bars, 783 signals
  [signals 84/295] VLO… 798 bars, 704 signals
  [signals 85/295] TER… 798 bars, 741 signals
  [signals 86/295] COF… 798 bars, 743 signals
  [signals 87/295] TMO… 798 bars, 764 signals
  [signals 88/295] MCD… 798 bars, 754 signals
  [signals 89/295] PEP… 798 bars, 787 signals
  [signals 90/295] SLB… 798 bars, 699 signals
  [signals 91/295] BLK… 798 bars, 766 signals
  [signals 92/295] SNPS… 798 bars, 749 signals
  [signals 93/295] NEE… 798 bars, 737 signals
  [signals 94/295] SPGI… 798 bars, 780 signals
  [signals 95/295] AMGN… 798 bars, 756 signals
  [signals 96/295] ETN… 798 bars, 757 signals
  [signals 97/295] DAL… 798 bars, 720 signals
  [signals 98/295] GILD… 798 bars, 785 signals
  [signals 99/295] HON… 798 bars, 780 signals
  [signals 100/295] ADP… 798 bars, 760 signals
  [signals 101/295] BSX… 798 bars, 759 signals
  [signals 102/295] PYPL… 798 bars, 762 signals
  [signals 103/295] PM…2026-03-31 10:19:29,043 [INFO] backtesting.backtester: Loaded SPY for vol scaling: shape=(798, 9)
2026-03-31 10:19:29,043 [WARNING] backtesting.backtester: Excluding tickers with insufficient history (<252 days before start_date): CEG, HOOD
2026-03-31 10:19:30,942 [INFO] backtesting.backtester: Precomputed regime score std: {'Bull': 0.01038117370070494, 'Bear': 0.010936939963760075, 'Sideways': 0.009652856672274128, 'Crisis': 0.013559572086636714}
2026-03-31 10:19:33,060 [INFO] backtesting.backtester: Signal inclusion summary: days=501, avg_candidates_per_day=282.04, max_candidates_on_day=295
2026-03-31 10:19:57,865 [INFO] backtesting.backtester: Precomputed regime score std: {'Bull': 0.01038117370070494, 'Bear': 0.010936939963760075, 'Sideways': 0.009652856672274128, 'Crisis': 0.013559572086636714}
2026-03-31 10:20:00,338 [INFO] backtesting.backtester: Signal inclusion summary: days=501, avg_candidates_per_day=282.04, max_candidates_on_day=295
2026-03-31 10:20:26,761 [INFO] backtesting.backtester: Precomputed regime score std: {'Bull': 0.01038117370070494, 'Bear': 0.010936939963760075, 'Sideways': 0.009652856672274128, 'Crisis': 0.013559572086636714}
2026-03-31 10:20:28,955 [INFO] backtesting.backtester: Signal inclusion summary: days=501, avg_candidates_per_day=282.04, max_candidates_on_day=295
2026-03-31 10:20:51,969 [WARNING] strategy.regime_multipliers: Bull multiplier 0.0000 is outside (0, 3.0]. Using 1.0 fallback.
2026-03-31 10:20:51,969 [WARNING] strategy.regime_multipliers: Bear multiplier 0.0000 is outside (0, 3.0]. Using 1.0 fallback.
2026-03-31 10:20:51,969 [WARNING] strategy.regime_multipliers: Sideways multiplier 0.3000 is outside recommended 0.5-2.0 range.
2026-03-31 10:20:51,969 [WARNING] strategy.regime_multipliers: Crisis multiplier 0.0000 is outside (0, 3.0]. Using 1.0 fallback.
2026-03-31 10:20:51,969 [INFO] backtesting.backtester: Regime multipliers loaded: {'Bull': 1.0, 'Bear': 1.0, 'Sideways': 0.3, 'Crisis': 1.0}
2026-03-31 10:20:51,970 [INFO] backtesting.backtester: Requesting OHLCV for NVDA: 2020-11-27 → 2024-01-31 (provider=yahoo, cache_dir=data/cache/ohlcv, ttl=0)
2026-03-31 10:20:51,973 [INFO] backtesting.backtester: Loaded OHLCV for NVDA: shape=(798, 9)
2026-03-31 10:20:51,973 [INFO] backtesting.backtester: Requesting OHLCV for TSLA: 2020-11-27 → 2024-01-31 (provider=yahoo, cache_dir=data/cache/ohlcv, ttl=0)
2026-03-31 10:20:51,975 [INFO] backtesting.backtester: Loaded OHLCV for TSLA: shape=(798, 9)
2026-03-31 10:20:51,975 [INFO] backtesting.backtester: Requesting OHLCV for MU: 2020-11-27 → 2024-01-31 (provider=yahoo, cache_dir=data/cache/ohlcv, ttl=0)
2026-03-31 10:20:51,977 [INFO] backtesting.backtester: Loaded OHLCV for MU: shape=(798, 9)
2026-03-31 10:20:51,977 [INFO] backtesting.backtester: Requesting OHLCV for MSFT: 2020-11-27 → 2024-01-31 (provider=yahoo, cache_dir=data/cache/ohlcv, ttl=0)
2026-03-31 10:20:51,978 [INFO] backtesting.backtester: Loaded OHLCV for MSFT: shape=(798, 9)
2026-03-31 10:20:51,979 [INFO] backtesting.backtester: Requesting OHLCV for SNDK: 2020-11-27 → 2024-01-31 (provider=yahoo, cache_dir=data/cache/ohlcv, ttl=0)
2026-03-31 10:20:51,981 [ERROR] yfinance: $SNDK: possibly delisted; no price data found  (1d 2020-11-27 00:00:00 -> 2024-01-31 00:00:00) (Yahoo error = "Data doesn't exist for startDate = 1606453200, endDate = 1706677200")
2026-03-31 10:20:51,993 [ERROR] yfinance: 
1 Failed download:
2026-03-31 10:20:51,993 [ERROR] yfinance: ['SNDK']: possibly delisted; no price data found  (1d 2020-11-27 00:00:00 -> 2024-01-31 00:00:00) (Yahoo error = "Data doesn't exist for startDate = 1606453200, endDate = 1706677200")
2026-03-31 10:20:52,237 [INFO] backtesting.backtester: Loaded OHLCV for SNDK: shape=(0, 5)
2026-03-31 10:20:52,237 [WARNING] backtesting.backtester: Skipping SNDK due to insufficient data (len=0 < 210 bars)
2026-03-31 10:20:52,237 [INFO] backtesting.backtester: Requesting OHLCV for AAPL: 2020-11-27 → 2024-01-31 (provider=yahoo, cache_dir=data/cache/ohlcv, ttl=0)
2026-03-31 10:20:52,245 [INFO] backtesting.backtester: Loaded OHLCV for AAPL: shape=(798, 9)
2026-03-31 10:20:52,245 [INFO] backtesting.backtester: Requesting OHLCV for AVGO: 2020-11-27 → 2024-01-31 (provider=yahoo, cache_dir=data/cache/ohlcv, ttl=0)
2026-03-31 10:20:52,249 [INFO] backtesting.backtester: Loaded OHLCV for AVGO: shape=(798, 9)
2026-03-31 10:20:52,249 [INFO] backtesting.backtester: Requesting OHLCV for AMZN: 2020-11-27 → 2024-01-31 (provider=yahoo, cache_dir=data/cache/ohlcv, ttl=0)
2026-03-31 10:20:52,251 [INFO] backtesting.backtester: Loaded OHLCV for AMZN: shape=(798, 9)
2026-03-31 10:20:52,252 [INFO] backtesting.backtester: Requesting OHLCV for GOOGL: 2020-11-27 → 2024-01-31 (provider=yahoo, cache_dir=data/cache/ohlcv, ttl=0)
2026-03-31 10:20:52,254 [INFO] backtesting.backtester: Loaded OHLCV for GOOGL: shape=(798, 9)
2026-03-31 10:20:52,254 [INFO] backtesting.backtester: Requesting OHLCV for META: 2020-11-27 → 2024-01-31 (provider=yahoo, cache_dir=data/cache/ohlcv, ttl=0)
2026-03-31 10:20:52,257 [INFO] backtesting.backtester: Loaded OHLCV for META: shape=(798, 9)
2026-03-31 10:20:52,257 [INFO] backtesting.backtester: Requesting OHLCV for PLTR: 2020-11-27 → 2024-01-31 (provider=yahoo, cache_dir=data/cache/ohlcv, ttl=0)
2026-03-31 10:20:52,259 [INFO] backtesting.backtester: Loaded OHLCV for PLTR: shape=(798, 9)
2026-03-31 10:20:52,259 [INFO] backtesting.backtester: Requesting OHLCV for AMD: 2020-11-27 → 2024-01-31 (provider=yahoo, cache_dir=data/cache/ohlcv, ttl=0)
2026-03-31 10:20:52,262 [INFO] backtesting.backtester: Loaded OHLCV for AMD: shape=(798, 9)
2026-03-31 10:20:52,262 [INFO] backtesting.backtester: Requesting OHLCV for GOOG: 2020-11-27 → 2024-01-31 (provider=yahoo, cache_dir=data/cache/ohlcv, ttl=0)
2026-03-31 10:20:52,264 [INFO] backtesting.backtester: Loaded OHLCV for GOOG: shape=(798, 9)
2026-03-31 10:20:52,264 [INFO] backtesting.backtester: Requesting OHLCV for LITE: 2020-11-27 → 2024-01-31 (provider=yahoo, cache_dir=data/cache/ohlcv, ttl=0)
2026-03-31 10:20:52,266 [INFO] backtesting.backtester: Loaded OHLCV for LITE: shape=(798, 9)
2026-03-31 10:20:52,266 [INFO] backtesting.backtester: Requesting OHLCV for NFLX: 2020-11-27 → 2024-01-31 (provider=yahoo, cache_dir=data/cache/ohlcv, ttl=0)
2026-03-31 10:20:52,269 [INFO] backtesting.backtester: Loaded OHLCV for NFLX: shape=(798, 9)
2026-03-31 10:20:52,269 [INFO] backtesting.backtester: Requesting OHLCV for ORCL: 2020-11-27 → 2024-01-31 (provider=yahoo, cache_dir=data/cache/ohlcv, ttl=0)
2026-03-31 10:20:52,270 [INFO] backtesting.backtester: Loaded OHLCV for ORCL: shape=(798, 9)
2026-03-31 10:20:52,271 [INFO] backtesting.backtester: Requesting OHLCV for INTC: 2020-11-27 → 2024-01-31 (provider=yahoo, cache_dir=data/cache/ohlcv, ttl=0)
2026-03-31 10:20:52,272 [INFO] backtesting.backtester: Loaded OHLCV for INTC: shape=(798, 9)
2026-03-31 10:20:52,272 [INFO] backtesting.backtester: Requesting OHLCV for XOM: 2020-11-27 → 2024-01-31 (provider=yahoo, cache_dir=data/cache/ohlcv, ttl=0)
2026-03-31 10:20:52,274 [INFO] backtesting.backtester: Loaded OHLCV for XOM: shape=(798, 9)
2026-03-31 10:20:52,274 [INFO] backtesting.backtester: Requesting OHLCV for JPM: 2020-11-27 → 2024-01-31 (provider=yahoo, cache_dir=data/cache/ohlcv, ttl=0)
2026-03-31 10:20:52,276 [INFO] backtesting.backtester: Loaded OHLCV for JPM: shape=(798, 9)
2026-03-31 10:20:52,276 [INFO] backtesting.backtester: Requesting OHLCV for VRT: 2020-11-27 → 2024-01-31 (provider=yahoo, cache_dir=data/cache/ohlcv, ttl=0)
2026-03-31 10:20:52,278 [INFO] backtesting.backtester: Loaded OHLCV for VRT: shape=(798, 9)
2026-03-31 10:20:52,278 [INFO] backtesting.backtester: Requesting OHLCV for CVX: 2020-11-27 → 2024-01-31 (provider=yahoo, cache_dir=data/cache/ohlcv, ttl=0)
2026-03-31 10:20:52,280 [INFO] backtesting.backtester: Loaded OHLCV for CVX: shape=(798, 9)
2026-03-31 10:20:52,280 [INFO] backtesting.backtester: Requesting OHLCV for CRM: 2020-11-27 → 2024-01-31 (provider=yahoo, cache_dir=data/cache/ohlcv, ttl=0)
2026-03-31 10:20:52,282 [INFO] backtesting.backtester: Loaded OHLCV for CRM: shape=(798, 9)
2026-03-31 10:20:52,282 [INFO] backtesting.backtester: Requesting OHLCV for LLY: 2020-11-27 → 2024-01-31 (provider=yahoo, cache_dir=data/cache/ohlcv, ttl=0)
2026-03-31 10:20:52,283 [INFO] backtesting.backtester: Loaded OHLCV for LLY: shape=(798, 9)
2026-03-31 10:20:52,283 [INFO] backtesting.backtester: Requesting OHLCV for COHR: 2020-11-27 → 2024-01-31 (provider=yahoo, cache_dir=data/cache/ohlcv, ttl=0)
2026-03-31 10:20:52,285 [INFO] backtesting.backtester: Loaded OHLCV for COHR: shape=(798, 9)
2026-03-31 10:20:52,285 [INFO] backtesting.backtester: Requesting OHLCV for WMT: 2020-11-27 → 2024-01-31 (provider=yahoo, cache_dir=data/cache/ohlcv, ttl=0)
2026-03-31 10:20:52,287 [INFO] backtesting.backtester: Loaded OHLCV for WMT: shape=(798, 9)
2026-03-31 10:20:52,287 [INFO] backtesting.backtester: Requesting OHLCV for WDC: 2020-11-27 → 2024-01-31 (provider=yahoo, cache_dir=data/cache/ohlcv, ttl=0)
2026-03-31 10:20:52,289 [INFO] backtesting.backtester: Loaded OHLCV for WDC: shape=(798, 9)
2026-03-31 10:20:52,289 [INFO] backtesting.backtester: Requesting OHLCV for COIN: 2020-11-27 → 2024-01-31 (provider=yahoo, cache_dir=data/cache/ohlcv, ttl=0)
2026-03-31 10:20:52,308 [INFO] backtesting.backtester: Loaded OHLCV for COIN: shape=(704, 9)
2026-03-31 10:20:52,308 [INFO] backtesting.backtester: Requesting OHLCV for UNH: 2020-11-27 → 2024-01-31 (provider=yahoo, cache_dir=data/cache/ohlcv, ttl=0)
2026-03-31 10:20:52,309 [INFO] backtesting.backtester: Loaded OHLCV for UNH: shape=(798, 9)
2026-03-31 10:20:52,309 [INFO] backtesting.backtester: Requesting OHLCV for LRCX: 2020-11-27 → 2024-01-31 (provider=yahoo, cache_dir=data/cache/ohlcv, ttl=0)
2026-03-31 10:20:52,311 [INFO] backtesting.backtester: Loaded OHLCV for LRCX: shape=(798, 9)
2026-03-31 10:20:52,311 [INFO] backtesting.backtester: Requesting OHLCV for AMAT: 2020-11-27 → 2024-01-31 (provider=yahoo, cache_dir=data/cache/ohlcv, ttl=0)
2026-03-31 10:20:52,313 [INFO] backtesting.backtester: Loaded OHLCV for AMAT: shape=(798, 9)
2026-03-31 10:20:52,313 [INFO] backtesting.backtester: Requesting OHLCV for APP: 2020-11-27 → 2024-01-31 (provider=yahoo, cache_dir=data/cache/ohlcv, ttl=0)
2026-03-31 10:20:52,331 [INFO] backtesting.backtester: Loaded OHLCV for APP: shape=(703, 9)
2026-03-31 10:20:52,331 [INFO] backtesting.backtester: Requesting OHLCV for BAC: 2020-11-27 → 2024-01-31 (provider=yahoo, cache_dir=data/cache/ohlcv, ttl=0)
2026-03-31 10:20:52,333 [INFO] backtesting.backtester: Loaded OHLCV for BAC: shape=(798, 9)
2026-03-31 10:20:52,333 [INFO] backtesting.backtester: Requesting OHLCV for V: 2020-11-27 → 2024-01-31 (provider=yahoo, cache_dir=data/cache/ohlcv, ttl=0)
2026-03-31 10:20:52,334 [INFO] backtesting.backtester: Loaded OHLCV for V: shape=(798, 9)
2026-03-31 10:20:52,334 [INFO] backtesting.backtester: Requesting OHLCV for GEV: 2020-11-27 → 2024-01-31 (provider=yahoo, cache_dir=data/cache/ohlcv, ttl=0)
2026-03-31 10:20:52,336 [ERROR] yfinance: $GEV: possibly delisted; no price data found  (1d 2020-11-27 00:00:00 -> 2024-01-31 00:00:00) (Yahoo error = "Data doesn't exist for startDate = 1606453200, endDate = 1706677200")
2026-03-31 10:20:52,348 [ERROR] yfinance: 
1 Failed download:
2026-03-31 10:20:52,348 [ERROR] yfinance: ['GEV']: possibly delisted; no price data found  (1d 2020-11-27 00:00:00 -> 2024-01-31 00:00:00) (Yahoo error = "Data doesn't exist for startDate = 1606453200, endDate = 1706677200")
2026-03-31 10:20:52,830 [INFO] backtesting.backtester: Loaded OHLCV for GEV: shape=(0, 5)
2026-03-31 10:20:52,830 [WARNING] backtesting.backtester: Skipping GEV due to insufficient data (len=0 < 210 bars)
2026-03-31 10:20:52,830 [INFO] backtesting.backtester: Requesting OHLCV for GS: 2020-11-27 → 2024-01-31 (provider=yahoo, cache_dir=data/cache/ohlcv, ttl=0)
2026-03-31 10:20:52,837 [INFO] backtesting.backtester: Loaded OHLCV for GS: shape=(798, 9)
2026-03-31 10:20:52,837 [INFO] backtesting.backtester: Requesting OHLCV for HOOD: 2020-11-27 → 2024-01-31 (provider=yahoo, cache_dir=data/cache/ohlcv, ttl=0)
2026-03-31 10:20:52,861 [INFO] backtesting.backtester: Loaded OHLCV for HOOD: shape=(630, 9)
2026-03-31 10:20:52,861 [WARNING] backtesting.backtester: Excluding HOOD due to insufficient pre-history: first_date=2021-07-29 00:00:00, required=252 days before 2022-01-01 00:00:00
2026-03-31 10:20:52,861 [INFO] backtesting.backtester: Requesting OHLCV for JNJ: 2020-11-27 → 2024-01-31 (provider=yahoo, cache_dir=data/cache/ohlcv, ttl=0)
2026-03-31 10:20:52,864 [INFO] backtesting.backtester: Loaded OHLCV for JNJ: shape=(798, 9)
2026-03-31 10:20:52,864 [INFO] backtesting.backtester: Requesting OHLCV for CAT: 2020-11-27 → 2024-01-31 (provider=yahoo, cache_dir=data/cache/ohlcv, ttl=0)
2026-03-31 10:20:52,867 [INFO] backtesting.backtester: Loaded OHLCV for CAT: shape=(798, 9)
2026-03-31 10:20:52,867 [INFO] backtesting.backtester: Requesting OHLCV for NOW: 2020-11-27 → 2024-01-31 (provider=yahoo, cache_dir=data/cache/ohlcv, ttl=0)
2026-03-31 10:20:52,870 [INFO] backtesting.backtester: Loaded OHLCV for NOW: shape=(798, 9)
2026-03-31 10:20:52,870 [INFO] backtesting.backtester: Requesting OHLCV for GLW: 2020-11-27 → 2024-01-31 (provider=yahoo, cache_dir=data/cache/ohlcv, ttl=0)
2026-03-31 10:20:52,872 [INFO] backtesting.backtester: Loaded OHLCV for GLW: shape=(798, 9)
2026-03-31 10:20:52,872 [INFO] backtesting.backtester: Requesting OHLCV for INTU: 2020-11-27 → 2024-01-31 (provider=yahoo, cache_dir=data/cache/ohlcv, ttl=0)
2026-03-31 10:20:52,874 [INFO] backtesting.backtester: Loaded OHLCV for INTU: shape=(798, 9)
2026-03-31 10:20:52,874 [INFO] backtesting.backtester: Requesting OHLCV for CSCO: 2020-11-27 → 2024-01-31 (provider=yahoo, cache_dir=data/cache/ohlcv, ttl=0)
2026-03-31 10:20:52,876 [INFO] backtesting.backtester: Loaded OHLCV for CSCO: shape=(798, 9)
2026-03-31 10:20:52,876 [INFO] backtesting.backtester: Requesting OHLCV for COST: 2020-11-27 → 2024-01-31 (provider=yahoo, cache_dir=data/cache/ohlcv, ttl=0)
2026-03-31 10:20:52,878 [INFO] backtesting.backtester: Loaded OHLCV for COST: shape=(798, 9)
2026-03-31 10:20:52,878 [INFO] backtesting.backtester: Requesting OHLCV for BKNG: 2020-11-27 → 2024-01-31 (provider=yahoo, cache_dir=data/cache/ohlcv, ttl=0)
2026-03-31 10:20:52,880 [INFO] backtesting.backtester: Loaded OHLCV for BKNG: shape=(798, 9)
2026-03-31 10:20:52,880 [INFO] backtesting.backtester: Requesting OHLCV for CRWD: 2020-11-27 → 2024-01-31 (provider=yahoo, cache_dir=data/cache/ohlcv, ttl=0)
2026-03-31 10:20:52,882 [INFO] backtesting.backtester: Loaded OHLCV for CRWD: shape=(798, 9)
2026-03-31 10:20:52,882 [INFO] backtesting.backtester: Requesting OHLCV for C: 2020-11-27 → 2024-01-31 (provider=yahoo, cache_dir=data/cache/ohlcv, ttl=0)
2026-03-31 10:20:52,884 [INFO] backtesting.backtester: Loaded OHLCV for C: shape=(798, 9)
2026-03-31 10:20:52,884 [INFO] backtesting.backtester: Requesting OHLCV for PG: 2020-11-27 → 2024-01-31 (provider=yahoo, cache_dir=data/cache/ohlcv, ttl=0)
2026-03-31 10:20:52,885 [INFO] backtesting.backtester: Loaded OHLCV for PG: shape=(798, 9)
2026-03-31 10:20:52,885 [INFO] backtesting.backtester: Requesting OHLCV for MA: 2020-11-27 → 2024-01-31 (provider=yahoo, cache_dir=data/cache/ohlcv, ttl=0)
2026-03-31 10:20:52,887 [INFO] backtesting.backtester: Loaded OHLCV for MA: shape=(798, 9)
2026-03-31 10:20:52,887 [INFO] backtesting.backtester: Requesting OHLCV for ADBE: 2020-11-27 → 2024-01-31 (provider=yahoo, cache_dir=data/cache/ohlcv, ttl=0)
2026-03-31 10:20:52,889 [INFO] backtesting.backtester: Loaded OHLCV for ADBE: shape=(798, 9)
2026-03-31 10:20:52,889 [INFO] backtesting.backtester: Requesting OHLCV for ACN: 2020-11-27 → 2024-01-31 (provider=yahoo, cache_dir=data/cache/ohlcv, ttl=0)
2026-03-31 10:20:52,890 [INFO] backtesting.backtester: Loaded OHLCV for ACN: shape=(798, 9)
2026-03-31 10:20:52,890 [INFO] backtesting.backtester: Requesting OHLCV for QCOM: 2020-11-27 → 2024-01-31 (provider=yahoo, cache_dir=data/cache/ohlcv, ttl=0)
2026-03-31 10:20:52,892 [INFO] backtesting.backtester: Loaded OHLCV for QCOM: shape=(798, 9)
2026-03-31 10:20:52,892 [INFO] backtesting.backtester: Requesting OHLCV for GE: 2020-11-27 → 2024-01-31 (provider=yahoo, cache_dir=data/cache/ohlcv, ttl=0)
2026-03-31 10:20:52,894 [INFO] backtesting.backtester: Loaded OHLCV for GE: shape=(798, 9)
2026-03-31 10:20:52,894 [INFO] backtesting.backtester: Requesting OHLCV for DELL: 2020-11-27 → 2024-01-31 (provider=yahoo, cache_dir=data/cache/ohlcv, ttl=0)
2026-03-31 10:20:52,896 [INFO] backtesting.backtester: Loaded OHLCV for DELL: shape=(798, 9)
2026-03-31 10:20:52,896 [INFO] backtesting.backtester: Requesting OHLCV for ABBV: 2020-11-27 → 2024-01-31 (provider=yahoo, cache_dir=data/cache/ohlcv, ttl=0)
2026-03-31 10:20:52,897 [INFO] backtesting.backtester: Loaded OHLCV for ABBV: shape=(798, 9)
2026-03-31 10:20:52,897 [INFO] backtesting.backtester: Requesting OHLCV for WFC: 2020-11-27 → 2024-01-31 (provider=yahoo, cache_dir=data/cache/ohlcv, ttl=0)
2026-03-31 10:20:52,899 [INFO] backtesting.backtester: Loaded OHLCV for WFC: shape=(798, 9)
2026-03-31 10:20:52,899 [INFO] backtesting.backtester: Requesting OHLCV for BA: 2020-11-27 → 2024-01-31 (provider=yahoo, cache_dir=data/cache/ohlcv, ttl=0)
2026-03-31 10:20:52,901 [INFO] backtesting.backtester: Loaded OHLCV for BA: shape=(798, 9)
2026-03-31 10:20:52,901 [INFO] backtesting.backtester: Requesting OHLCV for KLAC: 2020-11-27 → 2024-01-31 (provider=yahoo, cache_dir=data/cache/ohlcv, ttl=0)
2026-03-31 10:20:52,902 [INFO] backtesting.backtester: Loaded OHLCV for KLAC: shape=(798, 9)
2026-03-31 10:20:52,902 [INFO] backtesting.backtester: Requesting OHLCV for IBM: 2020-11-27 → 2024-01-31 (provider=yahoo, cache_dir=data/cache/ohlcv, ttl=0)
2026-03-31 10:20:52,904 [INFO] backtesting.backtester: Loaded OHLCV for IBM: shape=(798, 9)
2026-03-31 10:20:52,904 [INFO] backtesting.backtester: Requesting OHLCV for HD: 2020-11-27 → 2024-01-31 (provider=yahoo, cache_dir=data/cache/ohlcv, ttl=0)
2026-03-31 10:20:52,906 [INFO] backtesting.backtester: Loaded OHLCV for HD: shape=(798, 9)
2026-03-31 10:20:52,906 [INFO] backtesting.backtester: Requesting OHLCV for COP: 2020-11-27 → 2024-01-31 (provider=yahoo, cache_dir=data/cache/ohlcv, ttl=0)
2026-03-31 10:20:52,907 [INFO] backtesting.backtester: Loaded OHLCV for COP: shape=(798, 9)
2026-03-31 10:20:52,907 [INFO] backtesting.backtester: Requesting OHLCV for STX: 2020-11-27 → 2024-01-31 (provider=yahoo, cache_dir=data/cache/ohlcv, ttl=0)
2026-03-31 10:20:52,909 [INFO] backtesting.backtester: Loaded OHLCV for STX: shape=(798, 9)
 798 bars, 747 signals
  [signals 104/295] CVNA… 798 bars, 623 signals
  [signals 105/295] UAL… 798 bars, 727 signals
  [signals 106/295] NKE… 798 bars, 760 signals
  [signals 107/295] ANET… 798 bars, 730 signals
  [signals 108/295] DVN… 798 bars, 666 signals
  [signals 109/295] BMY… 798 bars, 769 signals
  [signals 110/295] CF… 798 bars, 725 signals
  [signals 111/295] SCHW… 798 bars, 731 signals
  [signals 112/295] SATS… 798 bars, 748 signals
  [signals 113/295] WBD… 798 bars, 724 signals
  [signals 114/295] PH… 798 bars, 737 signals
  [signals 115/295] EOG… 798 bars, 676 signals
  [signals 116/295] KKR… 798 bars, 716 signals
  [signals 117/295] TGT… 798 bars, 752 signals
  [signals 118/295] RCL… 798 bars, 668 signals
  [signals 119/295] SBUX… 798 bars, 769 signals
  [signals 120/295] DE… 798 bars, 704 signals
  [signals 121/295] FDX… 798 bars, 776 signals
  [signals 122/295] F… 798 bars, 698 signals
  [signals 123/295] CCL… 798 bars, 698 signals
  [signals 124/295] ISRG… 798 bars, 727 signals
  [signals 125/295] VST… 798 bars, 773 signals
  [signals 126/295] DHR… 798 bars, 769 signals
  [signals 127/295] UPS… 798 bars, 770 signals
  [signals 128/295] SYK… 798 bars, 764 signals
  [signals 129/295] WDAY… 798 bars, 728 signals
  [signals 130/295] APO… 798 bars, 740 signals
  [signals 131/295] TJX… 798 bars, 790 signals
  [signals 132/295] UNP… 798 bars, 770 signals
  [signals 133/295] ELV… 798 bars, 760 signals
  [signals 134/295] MPC… 798 bars, 678 signals
  [signals 135/295] MDT… 798 bars, 782 signals
  [signals 136/295] CME… 798 bars, 767 signals
  [signals 137/295] CDNS… 798 bars, 751 signals
  [signals 138/295] FANG… 798 bars, 672 signals
  [signals 139/295] MCK… 798 bars, 740 signals
  [signals 140/295] LYB… 798 bars, 761 signals
  [signals 141/295] WELL… 798 bars, 731 signals
  [signals 142/295] BKR… 798 bars, 759 signals
  [signals 143/295] MMM… 798 bars, 779 signals
  [signals 144/295] VRTX… 798 bars, 737 signals
  [signals 145/295] MO… 798 bars, 754 signals
  [signals 146/295] MCO… 798 bars, 768 signals
  [signals 147/295] LOW… 798 bars, 758 signals
  [signals 148/295] PGR… 798 bars, 758 signals
  [signals 149/295] CRH… 798 bars, 753 signals
  [signals 150/295] PWR… 798 bars, 707 signals
  [signals 151/295] XYZ… 798 bars, 709 signals
  [signals 152/295] PSX… 798 bars, 714 signals
  [signals 153/295] ROST… 798 bars, 777 signals
  [signals 154/295] DASH… 789 bars, 704 signals
  [signals 155/295] EQIX… 798 bars, 744 signals
  [signals 156/295] TTD… 798 bars, 711 signals
  [signals 157/295] HAL… 798 bars, 703 signals
  [signals 158/295] DUK… 798 bars, 777 signals
  [signals 159/295] NOC… 798 bars, 782 signals
  [signals 160/295] GM… 798 bars, 739 signals
  [signals 161/295] CVS… 798 bars, 765 signals
  [signals 162/295] FIX… 798 bars, 705 signals
  [signals 163/295] MDLZ… 798 bars, 746 signals
  [signals 164/295] CB… 798 bars, 777 signals
  [signals 165/295] EXPE… 798 bars, 715 signals
  [signals 166/295] AMT… 798 bars, 764 signals
  [signals 167/295] HCA… 798 bars, 763 signals
  [signals 168/295] CL… 798 bars, 787 signals
  [signals 169/295] HWM… 798 bars, 736 signals
  [signals 170/295] PNC… 798 bars, 771 signals
  [signals 171/295] MPWR… 798 bars, 711 signals
  [signals 172/295] HLT… 798 bars, 750 signals
  [signals 173/295] MCHP… 798 bars, 750 signals
  [signals 174/295] EQT… 798 bars, 732 signals
  [signals 175/295] USB… 798 bars, 761 signals
  [signals 176/295] ADSK… 798 bars, 758 signals
  [signals 177/295] CMG… 798 bars, 735 signals
  [signals 178/295] JCI… 798 bars, 731 signals
  [signals 179/295] TT… 798 bars, 759 signals
  [signals 180/295] ORLY… 798 bars, 735 signals
  [signals 181/295] ICE… 798 bars, 784 signals
  [signals 182/295] SHW… 798 bars, 783 signals
  [signals 183/295] LHX… 798 bars, 770 signals
  [signals 184/295] DDOG… 798 bars, 743 signals
  [signals 185/295] KR… 798 bars, 774 signals
  [signals 186/295] AZO… 798 bars, 743 signals
  [signals 187/295] DOW… 798 bars, 775 signals
  [signals 188/295] WM… 798 bars, 764 signals
  [signals 189/295] ABNB… 788 bars, 715 signals
  [signals 190/295] NRG… 798 bars, 743 signals
  [signals 191/295] SO… 798 bars, 774 signals
  [signals 192/295] NXPI… 798 bars, 759 signals
  [signals 193/295] MRSH… 798 bars, 768 signals
  [signals 194/295] ZTS… 798 bars, 785 signals
  [signals 195/295] ULTA… 798 bars, 744 signals
  [signals 196/295] AEP… 798 bars, 780 signals
  [signals 197/295] CSX… 798 bars, 766 signals
  [signals 198/295] MSI… 798 bars, 756 signals
  [signals 199/295] KEYS… 798 bars, 731 signals
  [signals 200/295] KMB… 798 bars, 769 signals
  [signals 201/295] MAR… 798 bars, 741 signals
  [signals 202/295] FITB… 798 bars, 756 signals
  [signals 203/295] LULU… 798 bars, 731 signals
  [signals 204/295] ROP… 798 bars, 778 signals
  [signals 205/295] MNST… 798 bars, 765 signals
  [signals 206/295] URI… 798 bars, 735 signals
  [signals 207/295] LYV… 798 bars, 753 signals
  [signals 208/295] DG… 798 bars, 768 signals
  [signals 209/295] CMI… 798 bars, 767 signals
  [signals 210/295] CI… 798 bars, 755 signals
  [signals 211/295] AJG… 798 bars, 751 signals
  [signals 212/295] FTNT… 798 bars, 694 signals
  [signals 213/295] NCLH… 798 bars, 696 signals
  [signals 214/295] EA… 798 bars, 768 signals
  [signals 215/295] ARES… 798 bars, 729 signals
  [signals 216/295] AKAM… 798 bars, 771 signals
  [signals 217/295] WMB… 798 bars, 758 signals
  [signals 218/295] TDG… 798 bars, 731 signals
  [signals 219/295] COR… 798 bars, 739 signals
  [signals 220/295] PLD… 798 bars, 729 signals
  [signals 221/295] TEL… 798 bars, 764 signals
  [signals 222/295] CTAS… 798 bars, 753 signals
  [signals 223/295] AXON… 798 bars, 681 signals
  [signals 224/295] KMI… 798 bars, 770 signals
  [signals 225/295] MRNA… 798 bars, 696 signals
  [signals 226/295] ECL… 798 bars, 784 signals
  [signals 227/295] EL… 798 bars, 768 signals
  [signals 228/295] EXC… 798 bars, 772 signals
  [signals 229/295] FICO… 798 bars, 732 signals
  [signals 230/295] REGN… 798 bars, 753 signals
  [signals 231/295] OKE… 798 bars, 738 signals
  [signals 232/295] HBAN… 798 bars, 745 signals
  [signals 233/295] AON… 798 bars, 769 signals
  [signals 234/295] HPE… 798 bars, 730 signals
  [signals 235/295] GD… 798 bars, 761 signals
  [signals 236/295] TRV… 798 bars, 765 signals
  [signals 237/295] EBAY… 798 bars, 774 signals
  [signals 238/295] ODFL… 798 bars, 748 signals
  [signals 239/295] EXE… 747 bars, 708 signals
  [signals 240/295] TFC… 798 bars, 758 signals
  [signals 241/295] ON… 798 bars, 704 signals
  [signals 242/295] PCG… 798 bars, 780 signals
  [signals 243/295] LUV… 798 bars, 719 signals
  [signals 244/295] BDX… 798 bars, 776 signals
  [signals 245/295] O… 798 bars, 765 signals
  [signals 246/295] PAYX… 798 bars, 773 signals
  [signals 247/295] CTSH… 798 bars, 781 signals
  [signals 248/295] CAH… 798 bars, 725 signals
  [signals 249/295] RF… 798 bars, 738 signals
  [signals 250/295] APD… 798 bars, 754 signals
  [signals 251/295] TTWO… 798 bars, 763 signals
  [signals 252/295] VMC… 798 bars, 754 signals
  [signals 253/295] BK… 798 bars, 774 signals
  [signals 254/295] GIS… 798 bars, 764 signals
  [signals 255/295] EMR… 798 bars, 756 signals
  [signals 256/295] DPZ… 798 bars, 773 signals
  [signals 257/295] CTRA… 798 bars, 750 signals
  [signals 258/295] KHC… 798 bars, 748 signals
  [signals 259/295] VRSK… 798 bars, 769 signals
  [signals 260/295] PSA… 798 bars, 727 signals
  [signals 261/295] DHI… 798 bars, 715 signals
  [signals 262/295] OMC… 798 bars, 768 signals
  [signals 263/295] FSLR… 798 bars, 686 signals
  [signals 264/295] TRGP… 798 bars, 721 signals
  [signals 265/295] CARR… 798 bars, 759 signals
  [signals 266/295] NSC… 798 bars, 763 signals
  [signals 267/295] EW… 798 bars, 771 signals
  [signals 268/295] ROK… 798 bars, 758 signals
  [signals 269/295] FISV… 798 bars, 743 signals
  [signals 270/295] FAST…2026-03-31 10:20:52,909 [INFO] backtesting.backtester: Requesting OHLCV for UBER: 2020-11-27 → 2024-01-31 (provider=yahoo, cache_dir=data/cache/ohlcv, ttl=0)
2026-03-31 10:20:52,910 [INFO] backtesting.backtester: Loaded OHLCV for UBER: shape=(798, 9)
2026-03-31 10:20:52,910 [INFO] backtesting.backtester: Requesting OHLCV for LIN: 2020-11-27 → 2024-01-31 (provider=yahoo, cache_dir=data/cache/ohlcv, ttl=0)
2026-03-31 10:20:52,912 [INFO] backtesting.backtester: Loaded OHLCV for LIN: shape=(798, 9)
2026-03-31 10:20:52,912 [INFO] backtesting.backtester: Requesting OHLCV for VZ: 2020-11-27 → 2024-01-31 (provider=yahoo, cache_dir=data/cache/ohlcv, ttl=0)
2026-03-31 10:20:52,913 [INFO] backtesting.backtester: Loaded OHLCV for VZ: shape=(798, 9)
2026-03-31 10:20:52,913 [INFO] backtesting.backtester: Requesting OHLCV for APH: 2020-11-27 → 2024-01-31 (provider=yahoo, cache_dir=data/cache/ohlcv, ttl=0)
2026-03-31 10:20:52,915 [INFO] backtesting.backtester: Loaded OHLCV for APH: shape=(798, 9)
2026-03-31 10:20:52,915 [INFO] backtesting.backtester: Requesting OHLCV for ABT: 2020-11-27 → 2024-01-31 (provider=yahoo, cache_dir=data/cache/ohlcv, ttl=0)
2026-03-31 10:20:52,916 [INFO] backtesting.backtester: Loaded OHLCV for ABT: shape=(798, 9)
2026-03-31 10:20:52,916 [INFO] backtesting.backtester: Requesting OHLCV for NEM: 2020-11-27 → 2024-01-31 (provider=yahoo, cache_dir=data/cache/ohlcv, ttl=0)
2026-03-31 10:20:52,918 [INFO] backtesting.backtester: Loaded OHLCV for NEM: shape=(798, 9)
2026-03-31 10:20:52,918 [INFO] backtesting.backtester: Requesting OHLCV for AXP: 2020-11-27 → 2024-01-31 (provider=yahoo, cache_dir=data/cache/ohlcv, ttl=0)
2026-03-31 10:20:52,919 [INFO] backtesting.backtester: Loaded OHLCV for AXP: shape=(798, 9)
2026-03-31 10:20:52,919 [INFO] backtesting.backtester: Requesting OHLCV for KO: 2020-11-27 → 2024-01-31 (provider=yahoo, cache_dir=data/cache/ohlcv, ttl=0)
2026-03-31 10:20:52,921 [INFO] backtesting.backtester: Loaded OHLCV for KO: shape=(798, 9)
2026-03-31 10:20:52,921 [INFO] backtesting.backtester: Requesting OHLCV for ADI: 2020-11-27 → 2024-01-31 (provider=yahoo, cache_dir=data/cache/ohlcv, ttl=0)
2026-03-31 10:20:52,922 [INFO] backtesting.backtester: Loaded OHLCV for ADI: shape=(798, 9)
2026-03-31 10:20:52,922 [INFO] backtesting.backtester: Requesting OHLCV for PANW: 2020-11-27 → 2024-01-31 (provider=yahoo, cache_dir=data/cache/ohlcv, ttl=0)
2026-03-31 10:20:52,924 [INFO] backtesting.backtester: Loaded OHLCV for PANW: shape=(798, 9)
2026-03-31 10:20:52,924 [INFO] backtesting.backtester: Requesting OHLCV for TXN: 2020-11-27 → 2024-01-31 (provider=yahoo, cache_dir=data/cache/ohlcv, ttl=0)
2026-03-31 10:20:52,925 [INFO] backtesting.backtester: Loaded OHLCV for TXN: shape=(798, 9)
2026-03-31 10:20:52,925 [INFO] backtesting.backtester: Requesting OHLCV for RTX: 2020-11-27 → 2024-01-31 (provider=yahoo, cache_dir=data/cache/ohlcv, ttl=0)
2026-03-31 10:20:52,927 [INFO] backtesting.backtester: Loaded OHLCV for RTX: shape=(798, 9)
2026-03-31 10:20:52,927 [INFO] backtesting.backtester: Requesting OHLCV for BX: 2020-11-27 → 2024-01-31 (provider=yahoo, cache_dir=data/cache/ohlcv, ttl=0)
2026-03-31 10:20:52,928 [INFO] backtesting.backtester: Loaded OHLCV for BX: shape=(798, 9)
2026-03-31 10:20:52,928 [INFO] backtesting.backtester: Requesting OHLCV for T: 2020-11-27 → 2024-01-31 (provider=yahoo, cache_dir=data/cache/ohlcv, ttl=0)
2026-03-31 10:20:52,930 [INFO] backtesting.backtester: Loaded OHLCV for T: shape=(798, 9)
2026-03-31 10:20:52,930 [INFO] backtesting.backtester: Requesting OHLCV for MRK: 2020-11-27 → 2024-01-31 (provider=yahoo, cache_dir=data/cache/ohlcv, ttl=0)
2026-03-31 10:20:52,931 [INFO] backtesting.backtester: Loaded OHLCV for MRK: shape=(798, 9)
2026-03-31 10:20:52,931 [INFO] backtesting.backtester: Requesting OHLCV for MS: 2020-11-27 → 2024-01-31 (provider=yahoo, cache_dir=data/cache/ohlcv, ttl=0)
2026-03-31 10:20:52,933 [INFO] backtesting.backtester: Loaded OHLCV for MS: shape=(798, 9)
2026-03-31 10:20:52,933 [INFO] backtesting.backtester: Requesting OHLCV for CIEN: 2020-11-27 → 2024-01-31 (provider=yahoo, cache_dir=data/cache/ohlcv, ttl=0)
2026-03-31 10:20:52,934 [INFO] backtesting.backtester: Loaded OHLCV for CIEN: shape=(798, 9)
2026-03-31 10:20:52,934 [INFO] backtesting.backtester: Requesting OHLCV for LMT: 2020-11-27 → 2024-01-31 (provider=yahoo, cache_dir=data/cache/ohlcv, ttl=0)
2026-03-31 10:20:52,936 [INFO] backtesting.backtester: Loaded OHLCV for LMT: shape=(798, 9)
2026-03-31 10:20:52,936 [INFO] backtesting.backtester: Requesting OHLCV for OXY: 2020-11-27 → 2024-01-31 (provider=yahoo, cache_dir=data/cache/ohlcv, ttl=0)
2026-03-31 10:20:52,937 [INFO] backtesting.backtester: Loaded OHLCV for OXY: shape=(798, 9)
2026-03-31 10:20:52,937 [INFO] backtesting.backtester: Requesting OHLCV for DIS: 2020-11-27 → 2024-01-31 (provider=yahoo, cache_dir=data/cache/ohlcv, ttl=0)
2026-03-31 10:20:52,939 [INFO] backtesting.backtester: Loaded OHLCV for DIS: shape=(798, 9)
2026-03-31 10:20:52,939 [INFO] backtesting.backtester: Requesting OHLCV for FCX: 2020-11-27 → 2024-01-31 (provider=yahoo, cache_dir=data/cache/ohlcv, ttl=0)
2026-03-31 10:20:52,940 [INFO] backtesting.backtester: Loaded OHLCV for FCX: shape=(798, 9)
2026-03-31 10:20:52,940 [INFO] backtesting.backtester: Requesting OHLCV for TMUS: 2020-11-27 → 2024-01-31 (provider=yahoo, cache_dir=data/cache/ohlcv, ttl=0)
2026-03-31 10:20:52,942 [INFO] backtesting.backtester: Loaded OHLCV for TMUS: shape=(798, 9)
2026-03-31 10:20:52,942 [INFO] backtesting.backtester: Requesting OHLCV for SMCI: 2020-11-27 → 2024-01-31 (provider=yahoo, cache_dir=data/cache/ohlcv, ttl=0)
2026-03-31 10:20:52,943 [INFO] backtesting.backtester: Loaded OHLCV for SMCI: shape=(798, 9)
2026-03-31 10:20:52,943 [INFO] backtesting.backtester: Requesting OHLCV for PFE: 2020-11-27 → 2024-01-31 (provider=yahoo, cache_dir=data/cache/ohlcv, ttl=0)
2026-03-31 10:20:52,945 [INFO] backtesting.backtester: Loaded OHLCV for PFE: shape=(798, 9)
2026-03-31 10:20:52,945 [INFO] backtesting.backtester: Requesting OHLCV for CMCSA: 2020-11-27 → 2024-01-31 (provider=yahoo, cache_dir=data/cache/ohlcv, ttl=0)
2026-03-31 10:20:52,946 [INFO] backtesting.backtester: Loaded OHLCV for CMCSA: shape=(798, 9)
2026-03-31 10:20:52,946 [INFO] backtesting.backtester: Requesting OHLCV for VLO: 2020-11-27 → 2024-01-31 (provider=yahoo, cache_dir=data/cache/ohlcv, ttl=0)
2026-03-31 10:20:52,948 [INFO] backtesting.backtester: Loaded OHLCV for VLO: shape=(798, 9)
2026-03-31 10:20:52,948 [INFO] backtesting.backtester: Requesting OHLCV for TER: 2020-11-27 → 2024-01-31 (provider=yahoo, cache_dir=data/cache/ohlcv, ttl=0)
2026-03-31 10:20:52,949 [INFO] backtesting.backtester: Loaded OHLCV for TER: shape=(798, 9)
2026-03-31 10:20:52,949 [INFO] backtesting.backtester: Requesting OHLCV for COF: 2020-11-27 → 2024-01-31 (provider=yahoo, cache_dir=data/cache/ohlcv, ttl=0)
2026-03-31 10:20:52,951 [INFO] backtesting.backtester: Loaded OHLCV for COF: shape=(798, 9)
2026-03-31 10:20:52,951 [INFO] backtesting.backtester: Requesting OHLCV for TMO: 2020-11-27 → 2024-01-31 (provider=yahoo, cache_dir=data/cache/ohlcv, ttl=0)
2026-03-31 10:20:52,952 [INFO] backtesting.backtester: Loaded OHLCV for TMO: shape=(798, 9)
2026-03-31 10:20:52,953 [INFO] backtesting.backtester: Requesting OHLCV for MCD: 2020-11-27 → 2024-01-31 (provider=yahoo, cache_dir=data/cache/ohlcv, ttl=0)
2026-03-31 10:20:52,954 [INFO] backtesting.backtester: Loaded OHLCV for MCD: shape=(798, 9)
2026-03-31 10:20:52,954 [INFO] backtesting.backtester: Requesting OHLCV for PEP: 2020-11-27 → 2024-01-31 (provider=yahoo, cache_dir=data/cache/ohlcv, ttl=0)
2026-03-31 10:20:52,955 [INFO] backtesting.backtester: Loaded OHLCV for PEP: shape=(798, 9)
2026-03-31 10:20:52,955 [INFO] backtesting.backtester: Requesting OHLCV for SLB: 2020-11-27 → 2024-01-31 (provider=yahoo, cache_dir=data/cache/ohlcv, ttl=0)
2026-03-31 10:20:52,957 [INFO] backtesting.backtester: Loaded OHLCV for SLB: shape=(798, 9)
2026-03-31 10:20:52,957 [INFO] backtesting.backtester: Requesting OHLCV for BLK: 2020-11-27 → 2024-01-31 (provider=yahoo, cache_dir=data/cache/ohlcv, ttl=0)
2026-03-31 10:20:52,958 [INFO] backtesting.backtester: Loaded OHLCV for BLK: shape=(798, 9)
2026-03-31 10:20:52,958 [INFO] backtesting.backtester: Requesting OHLCV for SNPS: 2020-11-27 → 2024-01-31 (provider=yahoo, cache_dir=data/cache/ohlcv, ttl=0)
2026-03-31 10:20:52,960 [INFO] backtesting.backtester: Loaded OHLCV for SNPS: shape=(798, 9)
2026-03-31 10:20:52,960 [INFO] backtesting.backtester: Requesting OHLCV for NEE: 2020-11-27 → 2024-01-31 (provider=yahoo, cache_dir=data/cache/ohlcv, ttl=0)
2026-03-31 10:20:52,961 [INFO] backtesting.backtester: Loaded OHLCV for NEE: shape=(798, 9)
2026-03-31 10:20:52,961 [INFO] backtesting.backtester: Requesting OHLCV for SPGI: 2020-11-27 → 2024-01-31 (provider=yahoo, cache_dir=data/cache/ohlcv, ttl=0)
2026-03-31 10:20:52,963 [INFO] backtesting.backtester: Loaded OHLCV for SPGI: shape=(798, 9)
2026-03-31 10:20:52,963 [INFO] backtesting.backtester: Requesting OHLCV for AMGN: 2020-11-27 → 2024-01-31 (provider=yahoo, cache_dir=data/cache/ohlcv, ttl=0)
2026-03-31 10:20:52,964 [INFO] backtesting.backtester: Loaded OHLCV for AMGN: shape=(798, 9)
2026-03-31 10:20:52,964 [INFO] backtesting.backtester: Requesting OHLCV for ETN: 2020-11-27 → 2024-01-31 (provider=yahoo, cache_dir=data/cache/ohlcv, ttl=0)
2026-03-31 10:20:52,966 [INFO] backtesting.backtester: Loaded OHLCV for ETN: shape=(798, 9)
2026-03-31 10:20:52,966 [INFO] backtesting.backtester: Requesting OHLCV for DAL: 2020-11-27 → 2024-01-31 (provider=yahoo, cache_dir=data/cache/ohlcv, ttl=0)
2026-03-31 10:20:52,967 [INFO] backtesting.backtester: Loaded OHLCV for DAL: shape=(798, 9)
2026-03-31 10:20:52,967 [INFO] backtesting.backtester: Requesting OHLCV for GILD: 2020-11-27 → 2024-01-31 (provider=yahoo, cache_dir=data/cache/ohlcv, ttl=0)
2026-03-31 10:20:52,968 [INFO] backtesting.backtester: Loaded OHLCV for GILD: shape=(798, 9)
2026-03-31 10:20:52,968 [INFO] backtesting.backtester: Requesting OHLCV for HON: 2020-11-27 → 2024-01-31 (provider=yahoo, cache_dir=data/cache/ohlcv, ttl=0)
2026-03-31 10:20:52,970 [INFO] backtesting.backtester: Loaded OHLCV for HON: shape=(798, 9)
2026-03-31 10:20:52,970 [INFO] backtesting.backtester: Requesting OHLCV for CEG: 2020-11-27 → 2024-01-31 (provider=yahoo, cache_dir=data/cache/ohlcv, ttl=0)
2026-03-31 10:20:52,988 [INFO] backtesting.backtester: Loaded OHLCV for CEG: shape=(510, 9)
2026-03-31 10:20:52,988 [WARNING] backtesting.backtester: Excluding CEG due to insufficient pre-history: first_date=2022-01-19 00:00:00, required=252 days before 2022-01-01 00:00:00
2026-03-31 10:20:52,988 [INFO] backtesting.backtester: Requesting OHLCV for ADP: 2020-11-27 → 2024-01-31 (provider=yahoo, cache_dir=data/cache/ohlcv, ttl=0)
2026-03-31 10:20:52,990 [INFO] backtesting.backtester: Loaded OHLCV for ADP: shape=(798, 9)
2026-03-31 10:20:52,990 [INFO] backtesting.backtester: Requesting OHLCV for BSX: 2020-11-27 → 2024-01-31 (provider=yahoo, cache_dir=data/cache/ohlcv, ttl=0)
2026-03-31 10:20:52,992 [INFO] backtesting.backtester: Loaded OHLCV for BSX: shape=(798, 9)
2026-03-31 10:20:52,992 [INFO] backtesting.backtester: Requesting OHLCV for PYPL: 2020-11-27 → 2024-01-31 (provider=yahoo, cache_dir=data/cache/ohlcv, ttl=0)
2026-03-31 10:20:52,993 [INFO] backtesting.backtester: Loaded OHLCV for PYPL: shape=(798, 9)
2026-03-31 10:20:52,993 [INFO] backtesting.backtester: Requesting OHLCV for PM: 2020-11-27 → 2024-01-31 (provider=yahoo, cache_dir=data/cache/ohlcv, ttl=0)
2026-03-31 10:20:52,995 [INFO] backtesting.backtester: Loaded OHLCV for PM: shape=(798, 9)
2026-03-31 10:20:52,995 [INFO] backtesting.backtester: Requesting OHLCV for CVNA: 2020-11-27 → 2024-01-31 (provider=yahoo, cache_dir=data/cache/ohlcv, ttl=0)
2026-03-31 10:20:52,997 [INFO] backtesting.backtester: Loaded OHLCV for CVNA: shape=(798, 9)
2026-03-31 10:20:52,997 [INFO] backtesting.backtester: Requesting OHLCV for UAL: 2020-11-27 → 2024-01-31 (provider=yahoo, cache_dir=data/cache/ohlcv, ttl=0)
2026-03-31 10:20:52,998 [INFO] backtesting.backtester: Loaded OHLCV for UAL: shape=(798, 9)
2026-03-31 10:20:52,998 [INFO] backtesting.backtester: Requesting OHLCV for NKE: 2020-11-27 → 2024-01-31 (provider=yahoo, cache_dir=data/cache/ohlcv, ttl=0)
2026-03-31 10:20:53,000 [INFO] backtesting.backtester: Loaded OHLCV for NKE: shape=(798, 9)
2026-03-31 10:20:53,000 [INFO] backtesting.backtester: Requesting OHLCV for ANET: 2020-11-27 → 2024-01-31 (provider=yahoo, cache_dir=data/cache/ohlcv, ttl=0)
2026-03-31 10:20:53,002 [INFO] backtesting.backtester: Loaded OHLCV for ANET: shape=(798, 9)
2026-03-31 10:20:53,002 [INFO] backtesting.backtester: Requesting OHLCV for DVN: 2020-11-27 → 2024-01-31 (provider=yahoo, cache_dir=data/cache/ohlcv, ttl=0)
2026-03-31 10:20:53,003 [INFO] backtesting.backtester: Loaded OHLCV for DVN: shape=(798, 9)
2026-03-31 10:20:53,003 [INFO] backtesting.backtester: Requesting OHLCV for BMY: 2020-11-27 → 2024-01-31 (provider=yahoo, cache_dir=data/cache/ohlcv, ttl=0)
2026-03-31 10:20:53,005 [INFO] backtesting.backtester: Loaded OHLCV for BMY: shape=(798, 9)
2026-03-31 10:20:53,005 [INFO] backtesting.backtester: Requesting OHLCV for CF: 2020-11-27 → 2024-01-31 (provider=yahoo, cache_dir=data/cache/ohlcv, ttl=0)
2026-03-31 10:20:53,007 [INFO] backtesting.backtester: Loaded OHLCV for CF: shape=(798, 9)
2026-03-31 10:20:53,007 [INFO] backtesting.backtester: Requesting OHLCV for SCHW: 2020-11-27 → 2024-01-31 (provider=yahoo, cache_dir=data/cache/ohlcv, ttl=0)
2026-03-31 10:20:53,008 [INFO] backtesting.backtester: Loaded OHLCV for SCHW: shape=(798, 9)
2026-03-31 10:20:53,008 [INFO] backtesting.backtester: Requesting OHLCV for SATS: 2020-11-27 → 2024-01-31 (provider=yahoo, cache_dir=data/cache/ohlcv, ttl=0)
2026-03-31 10:20:53,010 [INFO] backtesting.backtester: Loaded OHLCV for SATS: shape=(798, 9)
2026-03-31 10:20:53,010 [INFO] backtesting.backtester: Requesting OHLCV for WBD: 2020-11-27 → 2024-01-31 (provider=yahoo, cache_dir=data/cache/ohlcv, ttl=0)
2026-03-31 10:20:53,011 [INFO] backtesting.backtester: Loaded OHLCV for WBD: shape=(798, 9)
2026-03-31 10:20:53,011 [INFO] backtesting.backtester: Requesting OHLCV for PH: 2020-11-27 → 2024-01-31 (provider=yahoo, cache_dir=data/cache/ohlcv, ttl=0)
2026-03-31 10:20:53,013 [INFO] backtesting.backtester: Loaded OHLCV for PH: shape=(798, 9)
2026-03-31 10:20:53,013 [INFO] backtesting.backtester: Requesting OHLCV for EOG: 2020-11-27 → 2024-01-31 (provider=yahoo, cache_dir=data/cache/ohlcv, ttl=0)
2026-03-31 10:20:53,014 [INFO] backtesting.backtester: Loaded OHLCV for EOG: shape=(798, 9)
2026-03-31 10:20:53,014 [INFO] backtesting.backtester: Requesting OHLCV for KKR: 2020-11-27 → 2024-01-31 (provider=yahoo, cache_dir=data/cache/ohlcv, ttl=0)
2026-03-31 10:20:53,016 [INFO] backtesting.backtester: Loaded OHLCV for KKR: shape=(798, 9)
2026-03-31 10:20:53,016 [INFO] backtesting.backtester: Requesting OHLCV for TGT: 2020-11-27 → 2024-01-31 (provider=yahoo, cache_dir=data/cache/ohlcv, ttl=0)
2026-03-31 10:20:53,018 [INFO] backtesting.backtester: Loaded OHLCV for TGT: shape=(798, 9)
2026-03-31 10:20:53,018 [INFO] backtesting.backtester: Requesting OHLCV for RCL: 2020-11-27 → 2024-01-31 (provider=yahoo, cache_dir=data/cache/ohlcv, ttl=0)
2026-03-31 10:20:53,019 [INFO] backtesting.backtester: Loaded OHLCV for RCL: shape=(798, 9)
2026-03-31 10:20:53,019 [INFO] backtesting.backtester: Requesting OHLCV for SBUX: 2020-11-27 → 2024-01-31 (provider=yahoo, cache_dir=data/cache/ohlcv, ttl=0)
2026-03-31 10:20:53,021 [INFO] backtesting.backtester: Loaded OHLCV for SBUX: shape=(798, 9)
2026-03-31 10:20:53,021 [INFO] backtesting.backtester: Requesting OHLCV for DE: 2020-11-27 → 2024-01-31 (provider=yahoo, cache_dir=data/cache/ohlcv, ttl=0)
2026-03-31 10:20:53,022 [INFO] backtesting.backtester: Loaded OHLCV for DE: shape=(798, 9)
2026-03-31 10:20:53,022 [INFO] backtesting.backtester: Requesting OHLCV for FDX: 2020-11-27 → 2024-01-31 (provider=yahoo, cache_dir=data/cache/ohlcv, ttl=0)
2026-03-31 10:20:53,024 [INFO] backtesting.backtester: Loaded OHLCV for FDX: shape=(798, 9)
2026-03-31 10:20:53,024 [INFO] backtesting.backtester: Requesting OHLCV for F: 2020-11-27 → 2024-01-31 (provider=yahoo, cache_dir=data/cache/ohlcv, ttl=0)
2026-03-31 10:20:53,025 [INFO] backtesting.backtester: Loaded OHLCV for F: shape=(798, 9)
2026-03-31 10:20:53,025 [INFO] backtesting.backtester: Requesting OHLCV for CCL: 2020-11-27 → 2024-01-31 (provider=yahoo, cache_dir=data/cache/ohlcv, ttl=0)
2026-03-31 10:20:53,027 [INFO] backtesting.backtester: Loaded OHLCV for CCL: shape=(798, 9)
2026-03-31 10:20:53,027 [INFO] backtesting.backtester: Requesting OHLCV for ISRG: 2020-11-27 → 2024-01-31 (provider=yahoo, cache_dir=data/cache/ohlcv, ttl=0)
2026-03-31 10:20:53,028 [INFO] backtesting.backtester: Loaded OHLCV for ISRG: shape=(798, 9)
2026-03-31 10:20:53,028 [INFO] backtesting.backtester: Requesting OHLCV for VST: 2020-11-27 → 2024-01-31 (provider=yahoo, cache_dir=data/cache/ohlcv, ttl=0)
2026-03-31 10:20:53,030 [INFO] backtesting.backtester: Loaded OHLCV for VST: shape=(798, 9)
2026-03-31 10:20:53,030 [INFO] backtesting.backtester: Requesting OHLCV for DHR: 2020-11-27 → 2024-01-31 (provider=yahoo, cache_dir=data/cache/ohlcv, ttl=0)
2026-03-31 10:20:53,031 [INFO] backtesting.backtester: Loaded OHLCV for DHR: shape=(798, 9)
2026-03-31 10:20:53,031 [INFO] backtesting.backtester: Requesting OHLCV for UPS: 2020-11-27 → 2024-01-31 (provider=yahoo, cache_dir=data/cache/ohlcv, ttl=0)
2026-03-31 10:20:53,033 [INFO] backtesting.backtester: Loaded OHLCV for UPS: shape=(798, 9)
2026-03-31 10:20:53,033 [INFO] backtesting.backtester: Requesting OHLCV for SYK: 2020-11-27 → 2024-01-31 (provider=yahoo, cache_dir=data/cache/ohlcv, ttl=0)
2026-03-31 10:20:53,034 [INFO] backtesting.backtester: Loaded OHLCV for SYK: shape=(798, 9)
2026-03-31 10:20:53,034 [INFO] backtesting.backtester: Requesting OHLCV for WDAY: 2020-11-27 → 2024-01-31 (provider=yahoo, cache_dir=data/cache/ohlcv, ttl=0)
2026-03-31 10:20:53,036 [INFO] backtesting.backtester: Loaded OHLCV for WDAY: shape=(798, 9)
2026-03-31 10:20:53,036 [INFO] backtesting.backtester: Requesting OHLCV for APO: 2020-11-27 → 2024-01-31 (provider=yahoo, cache_dir=data/cache/ohlcv, ttl=0)
2026-03-31 10:20:53,037 [INFO] backtesting.backtester: Loaded OHLCV for APO: shape=(798, 9)
2026-03-31 10:20:53,037 [INFO] backtesting.backtester: Requesting OHLCV for TJX: 2020-11-27 → 2024-01-31 (provider=yahoo, cache_dir=data/cache/ohlcv, ttl=0)
2026-03-31 10:20:53,039 [INFO] backtesting.backtester: Loaded OHLCV for TJX: shape=(798, 9)
2026-03-31 10:20:53,039 [INFO] backtesting.backtester: Requesting OHLCV for UNP: 2020-11-27 → 2024-01-31 (provider=yahoo, cache_dir=data/cache/ohlcv, ttl=0)
2026-03-31 10:20:53,040 [INFO] backtesting.backtester: Loaded OHLCV for UNP: shape=(798, 9)
2026-03-31 10:20:53,040 [INFO] backtesting.backtester: Requesting OHLCV for ELV: 2020-11-27 → 2024-01-31 (provider=yahoo, cache_dir=data/cache/ohlcv, ttl=0)
2026-03-31 10:20:53,042 [INFO] backtesting.backtester: Loaded OHLCV for ELV: shape=(798, 9)
2026-03-31 10:20:53,042 [INFO] backtesting.backtester: Requesting OHLCV for MPC: 2020-11-27 → 2024-01-31 (provider=yahoo, cache_dir=data/cache/ohlcv, ttl=0)
2026-03-31 10:20:53,043 [INFO] backtesting.backtester: Loaded OHLCV for MPC: shape=(798, 9)
2026-03-31 10:20:53,043 [INFO] backtesting.backtester: Requesting OHLCV for MDT: 2020-11-27 → 2024-01-31 (provider=yahoo, cache_dir=data/cache/ohlcv, ttl=0)
2026-03-31 10:20:53,045 [INFO] backtesting.backtester: Loaded OHLCV for MDT: shape=(798, 9)
2026-03-31 10:20:53,045 [INFO] backtesting.backtester: Requesting OHLCV for CME: 2020-11-27 → 2024-01-31 (provider=yahoo, cache_dir=data/cache/ohlcv, ttl=0)
2026-03-31 10:20:53,046 [INFO] backtesting.backtester: Loaded OHLCV for CME: shape=(798, 9)
2026-03-31 10:20:53,046 [INFO] backtesting.backtester: Requesting OHLCV for CDNS: 2020-11-27 → 2024-01-31 (provider=yahoo, cache_dir=data/cache/ohlcv, ttl=0)
2026-03-31 10:20:53,047 [INFO] backtesting.backtester: Loaded OHLCV for CDNS: shape=(798, 9)
2026-03-31 10:20:53,048 [INFO] backtesting.backtester: Requesting OHLCV for FANG: 2020-11-27 → 2024-01-31 (provider=yahoo, cache_dir=data/cache/ohlcv, ttl=0)
2026-03-31 10:20:53,049 [INFO] backtesting.backtester: Loaded OHLCV for FANG: shape=(798, 9)
2026-03-31 10:20:53,049 [INFO] backtesting.backtester: Requesting OHLCV for MCK: 2020-11-27 → 2024-01-31 (provider=yahoo, cache_dir=data/cache/ohlcv, ttl=0)
2026-03-31 10:20:53,050 [INFO] backtesting.backtester: Loaded OHLCV for MCK: shape=(798, 9)
2026-03-31 10:20:53,050 [INFO] backtesting.backtester: Requesting OHLCV for LYB: 2020-11-27 → 2024-01-31 (provider=yahoo, cache_dir=data/cache/ohlcv, ttl=0)
2026-03-31 10:20:53,052 [INFO] backtesting.backtester: Loaded OHLCV for LYB: shape=(798, 9)
2026-03-31 10:20:53,052 [INFO] backtesting.backtester: Requesting OHLCV for WELL: 2020-11-27 → 2024-01-31 (provider=yahoo, cache_dir=data/cache/ohlcv, ttl=0)
2026-03-31 10:20:53,053 [INFO] backtesting.backtester: Loaded OHLCV for WELL: shape=(798, 9)
 798 bars, 757 signals
  [signals 271/295] MLM… 798 bars, 748 signals
  [signals 272/295] HSY… 798 bars, 781 signals
  [signals 273/295] ITW… 798 bars, 754 signals
  [signals 274/295] XEL… 798 bars, 786 signals
  [signals 275/295] APA… 798 bars, 681 signals
  [signals 276/295] WAT… 798 bars, 768 signals
  [signals 277/295] JBL… 798 bars, 718 signals
  [signals 278/295] PCAR… 798 bars, 737 signals
  [signals 279/295] ALB… 798 bars, 693 signals
  [signals 280/295] AIG… 798 bars, 751 signals
  [signals 281/295] BBY… 798 bars, 745 signals
  [signals 282/295] HPQ… 798 bars, 744 signals
  [signals 283/295] DLTR… 798 bars, 718 signals
  [signals 284/295] DLR… 798 bars, 786 signals
  [signals 285/295] AME… 798 bars, 745 signals
  [signals 286/295] IBKR… 798 bars, 729 signals
  [signals 287/295] DRI… 798 bars, 767 signals
  [signals 288/295] SPG… 798 bars, 712 signals
  [signals 289/295] OTIS… 798 bars, 772 signals
  [signals 290/295] SRE… 798 bars, 765 signals
  [signals 291/295] MOS… 798 bars, 711 signals
  [signals 292/295] CTVA… 798 bars, 754 signals
  [signals 293/295] KEY… 798 bars, 745 signals
  [signals 294/295] CPRT… 798 bars, 773 signals
  [signals 295/295] IQV… 798 bars, 763 signals

[WARN] Excluding tickers with insufficient history (<252 days before start_date): CEG, HOOD

Phase 2: Detecting market regimes (SPY + VIX)…
  Regimes: {'Bull': 272, 'Sideways': 45, 'Crisis': 48, 'Bear': 156}

Phase 3: Running day-by-day portfolio simulation…
Phase 4: Computing metrics…


Trade-level diagnostics:
  Avg P&L per long trade    : -21.04
  Avg P&L per short trade   :  nan
  Avg transaction cost / |P&L|:  9.88%
  Fraction of trades that are shorts:  0.00%
  P&L contribution:
    Longs  : -15253.81
    Shorts :  0.00
    Costs  : -4910.91  (negative = drag)

Sharpe by regime (daily equity):
  Bull    : -0.24
  Bear    : -2.21
  Sideways: -2.41
  Crisis  : -4.09
  Overall: -0.52
  CAPM (vs SPY):
    Portfolio Beta     : 0.215
    Portfolio Alpha    : -6.31% (ann.)
    Treynor Ratio      : -0.455
    Information Ratio : -0.344

  Position Sizing Comparison:
    Equal-weight Sharpe  : -0.315
    Kelly (half) Sharpe  : -0.362
    Kelly win_rate used  : 50.0%
    Kelly fraction       : 0.5
    Kelly avg position   : 12.0% of equity

  Execution cost scenario 2/4: total=10.0 bps per leg
Phase 1: Downloading data & generating signals [ensemble]…
  [1/300] NVDA… [1/300] NVDA OHLCV window: first_date=2020-11-27, last_date=2024-01-31, n=798
  [2/300] TSLA… [2/300] TSLA OHLCV window: first_date=2020-11-27, last_date=2024-01-31, n=798
  [3/300] MU… [3/300] MU OHLCV window: first_date=2020-11-27, last_date=2024-01-31, n=798
  [4/300] MSFT… [4/300] MSFT OHLCV window: first_date=2020-11-27, last_date=2024-01-31, n=798
  [5/300] SNDK… insufficient data
  [6/300] AAPL… [6/300] AAPL OHLCV window: first_date=2020-11-27, last_date=2024-01-31, n=798
  [7/300] AVGO… [7/300] AVGO OHLCV window: first_date=2020-11-27, last_date=2024-01-31, n=798
  [8/300] AMZN… [8/300] AMZN OHLCV window: first_date=2020-11-27, last_date=2024-01-31, n=798
  [9/300] GOOGL… [9/300] GOOGL OHLCV window: first_date=2020-11-27, last_date=2024-01-31, n=798
  [10/300] META… [10/300] META OHLCV window: first_date=2020-11-27, last_date=2024-01-31, n=798
  [11/300] PLTR… [11/300] PLTR OHLCV window: first_date=2020-11-27, last_date=2024-01-31, n=798
  [12/300] AMD… [12/300] AMD OHLCV window: first_date=2020-11-27, last_date=2024-01-31, n=798
  [13/300] GOOG… [13/300] GOOG OHLCV window: first_date=2020-11-27, last_date=2024-01-31, n=798
  [14/300] LITE… [14/300] LITE OHLCV window: first_date=2020-11-27, last_date=2024-01-31, n=798
  [15/300] NFLX… [15/300] NFLX OHLCV window: first_date=2020-11-27, last_date=2024-01-31, n=798
  [16/300] ORCL… [16/300] ORCL OHLCV window: first_date=2020-11-27, last_date=2024-01-31, n=798
  [17/300] INTC… [17/300] INTC OHLCV window: first_date=2020-11-27, last_date=2024-01-31, n=798
  [18/300] XOM… [18/300] XOM OHLCV window: first_date=2020-11-27, last_date=2024-01-31, n=798
  [19/300] JPM… [19/300] JPM OHLCV window: first_date=2020-11-27, last_date=2024-01-31, n=798
  [20/300] VRT… [20/300] VRT OHLCV window: first_date=2020-11-27, last_date=2024-01-31, n=798
  [21/300] CVX… [21/300] CVX OHLCV window: first_date=2020-11-27, last_date=2024-01-31, n=798
  [22/300] CRM… [22/300] CRM OHLCV window: first_date=2020-11-27, last_date=2024-01-31, n=798
  [23/300] LLY… [23/300] LLY OHLCV window: first_date=2020-11-27, last_date=2024-01-31, n=798
  [24/300] COHR… [24/300] COHR OHLCV window: first_date=2020-11-27, last_date=2024-01-31, n=798
  [25/300] WMT… [25/300] WMT OHLCV window: first_date=2020-11-27, last_date=2024-01-31, n=798
  [26/300] WDC… [26/300] WDC OHLCV window: first_date=2020-11-27, last_date=2024-01-31, n=798
  [27/300] COIN… [27/300] COIN OHLCV window: first_date=2021-04-14, last_date=2024-01-30, n=704
  [28/300] UNH… [28/300] UNH OHLCV window: first_date=2020-11-27, last_date=2024-01-31, n=798
  [29/300] LRCX… [29/300] LRCX OHLCV window: first_date=2020-11-27, last_date=2024-01-31, n=798
  [30/300] AMAT… [30/300] AMAT OHLCV window: first_date=2020-11-27, last_date=2024-01-31, n=798
  [31/300] APP… [31/300] APP OHLCV window: first_date=2021-04-15, last_date=2024-01-30, n=703
  [32/300] BAC… [32/300] BAC OHLCV window: first_date=2020-11-27, last_date=2024-01-31, n=798
  [33/300] V… [33/300] V OHLCV window: first_date=2020-11-27, last_date=2024-01-31, n=798
  [34/300] GEV… insufficient data
  [35/300] GS… [35/300] GS OHLCV window: first_date=2020-11-27, last_date=2024-01-31, n=798
  [36/300] HOOD… [36/300] HOOD OHLCV window: first_date=2021-07-29, last_date=2024-01-30, n=630
insufficient pre-history (<252d before start)
  [37/300] JNJ… [37/300] JNJ OHLCV window: first_date=2020-11-27, last_date=2024-01-31, n=798
  [38/300] CAT… [38/300] CAT OHLCV window: first_date=2020-11-27, last_date=2024-01-31, n=798
  [39/300] NOW… [39/300] NOW OHLCV window: first_date=2020-11-27, last_date=2024-01-31, n=798
  [40/300] GLW… [40/300] GLW OHLCV window: first_date=2020-11-27, last_date=2024-01-31, n=798
  [41/300] INTU… [41/300] INTU OHLCV window: first_date=2020-11-27, last_date=2024-01-31, n=798
  [42/300] CSCO… [42/300] CSCO OHLCV window: first_date=2020-11-27, last_date=2024-01-31, n=798
  [43/300] COST… [43/300] COST OHLCV window: first_date=2020-11-27, last_date=2024-01-31, n=798
  [44/300] BKNG… [44/300] BKNG OHLCV window: first_date=2020-11-27, last_date=2024-01-31, n=798
  [45/300] CRWD… [45/300] CRWD OHLCV window: first_date=2020-11-27, last_date=2024-01-31, n=798
  [46/300] C… [46/300] C OHLCV window: first_date=2020-11-27, last_date=2024-01-31, n=798
  [47/300] PG… [47/300] PG OHLCV window: first_date=2020-11-27, last_date=2024-01-31, n=798
  [48/300] MA… [48/300] MA OHLCV window: first_date=2020-11-27, last_date=2024-01-31, n=798
  [49/300] ADBE… [49/300] ADBE OHLCV window: first_date=2020-11-27, last_date=2024-01-31, n=798
  [50/300] ACN… [50/300] ACN OHLCV window: first_date=2020-11-27, last_date=2024-01-31, n=798
  [51/300] QCOM… [51/300] QCOM OHLCV window: first_date=2020-11-27, last_date=2024-01-31, n=798
  [52/300] GE… [52/300] GE OHLCV window: first_date=2020-11-27, last_date=2024-01-31, n=798
  [53/300] DELL… [53/300] DELL OHLCV window: first_date=2020-11-27, last_date=2024-01-31, n=798
  [54/300] ABBV… [54/300] ABBV OHLCV window: first_date=2020-11-27, last_date=2024-01-31, n=798
  [55/300] WFC… [55/300] WFC OHLCV window: first_date=2020-11-27, last_date=2024-01-31, n=798
  [56/300] BA… [56/300] BA OHLCV window: first_date=2020-11-27, last_date=2024-01-31, n=798
  [57/300] KLAC… [57/300] KLAC OHLCV window: first_date=2020-11-27, last_date=2024-01-31, n=798
  [58/300] IBM… [58/300] IBM OHLCV window: first_date=2020-11-27, last_date=2024-01-31, n=798
  [59/300] HD… [59/300] HD OHLCV window: first_date=2020-11-27, last_date=2024-01-31, n=798
  [60/300] COP… [60/300] COP OHLCV window: first_date=2020-11-27, last_date=2024-01-31, n=798
  [61/300] STX… [61/300] STX OHLCV window: first_date=2020-11-27, last_date=2024-01-31, n=7982026-03-31 10:20:53,053 [INFO] backtesting.backtester: Requesting OHLCV for BKR: 2020-11-27 → 2024-01-31 (provider=yahoo, cache_dir=data/cache/ohlcv, ttl=0)
2026-03-31 10:20:53,055 [INFO] backtesting.backtester: Loaded OHLCV for BKR: shape=(798, 9)
2026-03-31 10:20:53,055 [INFO] backtesting.backtester: Requesting OHLCV for MMM: 2020-11-27 → 2024-01-31 (provider=yahoo, cache_dir=data/cache/ohlcv, ttl=0)
2026-03-31 10:20:53,056 [INFO] backtesting.backtester: Loaded OHLCV for MMM: shape=(798, 9)
2026-03-31 10:20:53,056 [INFO] backtesting.backtester: Requesting OHLCV for VRTX: 2020-11-27 → 2024-01-31 (provider=yahoo, cache_dir=data/cache/ohlcv, ttl=0)
2026-03-31 10:20:53,058 [INFO] backtesting.backtester: Loaded OHLCV for VRTX: shape=(798, 9)
2026-03-31 10:20:53,058 [INFO] backtesting.backtester: Requesting OHLCV for MO: 2020-11-27 → 2024-01-31 (provider=yahoo, cache_dir=data/cache/ohlcv, ttl=0)
2026-03-31 10:20:53,059 [INFO] backtesting.backtester: Loaded OHLCV for MO: shape=(798, 9)
2026-03-31 10:20:53,059 [INFO] backtesting.backtester: Requesting OHLCV for MCO: 2020-11-27 → 2024-01-31 (provider=yahoo, cache_dir=data/cache/ohlcv, ttl=0)
2026-03-31 10:20:53,061 [INFO] backtesting.backtester: Loaded OHLCV for MCO: shape=(798, 9)
2026-03-31 10:20:53,061 [INFO] backtesting.backtester: Requesting OHLCV for LOW: 2020-11-27 → 2024-01-31 (provider=yahoo, cache_dir=data/cache/ohlcv, ttl=0)
2026-03-31 10:20:53,062 [INFO] backtesting.backtester: Loaded OHLCV for LOW: shape=(798, 9)
2026-03-31 10:20:53,062 [INFO] backtesting.backtester: Requesting OHLCV for PGR: 2020-11-27 → 2024-01-31 (provider=yahoo, cache_dir=data/cache/ohlcv, ttl=0)
2026-03-31 10:20:53,064 [INFO] backtesting.backtester: Loaded OHLCV for PGR: shape=(798, 9)
2026-03-31 10:20:53,064 [INFO] backtesting.backtester: Requesting OHLCV for CRH: 2020-11-27 → 2024-01-31 (provider=yahoo, cache_dir=data/cache/ohlcv, ttl=0)
2026-03-31 10:20:53,065 [INFO] backtesting.backtester: Loaded OHLCV for CRH: shape=(798, 9)
2026-03-31 10:20:53,065 [INFO] backtesting.backtester: Requesting OHLCV for PWR: 2020-11-27 → 2024-01-31 (provider=yahoo, cache_dir=data/cache/ohlcv, ttl=0)
2026-03-31 10:20:53,067 [INFO] backtesting.backtester: Loaded OHLCV for PWR: shape=(798, 9)
2026-03-31 10:20:53,067 [INFO] backtesting.backtester: Requesting OHLCV for XYZ: 2020-11-27 → 2024-01-31 (provider=yahoo, cache_dir=data/cache/ohlcv, ttl=0)
2026-03-31 10:20:53,068 [INFO] backtesting.backtester: Loaded OHLCV for XYZ: shape=(798, 9)
2026-03-31 10:20:53,068 [INFO] backtesting.backtester: Requesting OHLCV for PSX: 2020-11-27 → 2024-01-31 (provider=yahoo, cache_dir=data/cache/ohlcv, ttl=0)
2026-03-31 10:20:53,069 [INFO] backtesting.backtester: Loaded OHLCV for PSX: shape=(798, 9)
2026-03-31 10:20:53,069 [INFO] backtesting.backtester: Requesting OHLCV for ROST: 2020-11-27 → 2024-01-31 (provider=yahoo, cache_dir=data/cache/ohlcv, ttl=0)
2026-03-31 10:20:53,071 [INFO] backtesting.backtester: Loaded OHLCV for ROST: shape=(798, 9)
2026-03-31 10:20:53,071 [INFO] backtesting.backtester: Requesting OHLCV for DASH: 2020-11-27 → 2024-01-31 (provider=yahoo, cache_dir=data/cache/ohlcv, ttl=0)
2026-03-31 10:20:53,089 [INFO] backtesting.backtester: Loaded OHLCV for DASH: shape=(789, 9)
2026-03-31 10:20:53,089 [INFO] backtesting.backtester: Requesting OHLCV for EQIX: 2020-11-27 → 2024-01-31 (provider=yahoo, cache_dir=data/cache/ohlcv, ttl=0)
2026-03-31 10:20:53,091 [INFO] backtesting.backtester: Loaded OHLCV for EQIX: shape=(798, 9)
2026-03-31 10:20:53,091 [INFO] backtesting.backtester: Requesting OHLCV for TTD: 2020-11-27 → 2024-01-31 (provider=yahoo, cache_dir=data/cache/ohlcv, ttl=0)
2026-03-31 10:20:53,092 [INFO] backtesting.backtester: Loaded OHLCV for TTD: shape=(798, 9)
2026-03-31 10:20:53,092 [INFO] backtesting.backtester: Requesting OHLCV for HAL: 2020-11-27 → 2024-01-31 (provider=yahoo, cache_dir=data/cache/ohlcv, ttl=0)
2026-03-31 10:20:53,094 [INFO] backtesting.backtester: Loaded OHLCV for HAL: shape=(798, 9)
2026-03-31 10:20:53,094 [INFO] backtesting.backtester: Requesting OHLCV for DUK: 2020-11-27 → 2024-01-31 (provider=yahoo, cache_dir=data/cache/ohlcv, ttl=0)
2026-03-31 10:20:53,095 [INFO] backtesting.backtester: Loaded OHLCV for DUK: shape=(798, 9)
2026-03-31 10:20:53,095 [INFO] backtesting.backtester: Requesting OHLCV for NOC: 2020-11-27 → 2024-01-31 (provider=yahoo, cache_dir=data/cache/ohlcv, ttl=0)
2026-03-31 10:20:53,096 [INFO] backtesting.backtester: Loaded OHLCV for NOC: shape=(798, 9)
2026-03-31 10:20:53,097 [INFO] backtesting.backtester: Requesting OHLCV for GM: 2020-11-27 → 2024-01-31 (provider=yahoo, cache_dir=data/cache/ohlcv, ttl=0)
2026-03-31 10:20:53,098 [INFO] backtesting.backtester: Loaded OHLCV for GM: shape=(798, 9)
2026-03-31 10:20:53,098 [INFO] backtesting.backtester: Requesting OHLCV for CVS: 2020-11-27 → 2024-01-31 (provider=yahoo, cache_dir=data/cache/ohlcv, ttl=0)
2026-03-31 10:20:53,100 [INFO] backtesting.backtester: Loaded OHLCV for CVS: shape=(798, 9)
2026-03-31 10:20:53,100 [INFO] backtesting.backtester: Requesting OHLCV for FIX: 2020-11-27 → 2024-01-31 (provider=yahoo, cache_dir=data/cache/ohlcv, ttl=0)
2026-03-31 10:20:53,101 [INFO] backtesting.backtester: Loaded OHLCV for FIX: shape=(798, 9)
2026-03-31 10:20:53,101 [INFO] backtesting.backtester: Requesting OHLCV for MDLZ: 2020-11-27 → 2024-01-31 (provider=yahoo, cache_dir=data/cache/ohlcv, ttl=0)
2026-03-31 10:20:53,103 [INFO] backtesting.backtester: Loaded OHLCV for MDLZ: shape=(798, 9)
2026-03-31 10:20:53,103 [INFO] backtesting.backtester: Requesting OHLCV for CB: 2020-11-27 → 2024-01-31 (provider=yahoo, cache_dir=data/cache/ohlcv, ttl=0)
2026-03-31 10:20:53,104 [INFO] backtesting.backtester: Loaded OHLCV for CB: shape=(798, 9)
2026-03-31 10:20:53,104 [INFO] backtesting.backtester: Requesting OHLCV for EXPE: 2020-11-27 → 2024-01-31 (provider=yahoo, cache_dir=data/cache/ohlcv, ttl=0)
2026-03-31 10:20:53,106 [INFO] backtesting.backtester: Loaded OHLCV for EXPE: shape=(798, 9)
2026-03-31 10:20:53,106 [INFO] backtesting.backtester: Requesting OHLCV for AMT: 2020-11-27 → 2024-01-31 (provider=yahoo, cache_dir=data/cache/ohlcv, ttl=0)
2026-03-31 10:20:53,107 [INFO] backtesting.backtester: Loaded OHLCV for AMT: shape=(798, 9)
2026-03-31 10:20:53,107 [INFO] backtesting.backtester: Requesting OHLCV for HCA: 2020-11-27 → 2024-01-31 (provider=yahoo, cache_dir=data/cache/ohlcv, ttl=0)
2026-03-31 10:20:53,109 [INFO] backtesting.backtester: Loaded OHLCV for HCA: shape=(798, 9)
2026-03-31 10:20:53,109 [INFO] backtesting.backtester: Requesting OHLCV for CL: 2020-11-27 → 2024-01-31 (provider=yahoo, cache_dir=data/cache/ohlcv, ttl=0)
2026-03-31 10:20:53,110 [INFO] backtesting.backtester: Loaded OHLCV for CL: shape=(798, 9)
2026-03-31 10:20:53,110 [INFO] backtesting.backtester: Requesting OHLCV for HWM: 2020-11-27 → 2024-01-31 (provider=yahoo, cache_dir=data/cache/ohlcv, ttl=0)
2026-03-31 10:20:53,112 [INFO] backtesting.backtester: Loaded OHLCV for HWM: shape=(798, 9)
2026-03-31 10:20:53,112 [INFO] backtesting.backtester: Requesting OHLCV for PNC: 2020-11-27 → 2024-01-31 (provider=yahoo, cache_dir=data/cache/ohlcv, ttl=0)
2026-03-31 10:20:53,113 [INFO] backtesting.backtester: Loaded OHLCV for PNC: shape=(798, 9)
2026-03-31 10:20:53,113 [INFO] backtesting.backtester: Requesting OHLCV for MPWR: 2020-11-27 → 2024-01-31 (provider=yahoo, cache_dir=data/cache/ohlcv, ttl=0)
2026-03-31 10:20:53,115 [INFO] backtesting.backtester: Loaded OHLCV for MPWR: shape=(798, 9)
2026-03-31 10:20:53,115 [INFO] backtesting.backtester: Requesting OHLCV for HLT: 2020-11-27 → 2024-01-31 (provider=yahoo, cache_dir=data/cache/ohlcv, ttl=0)
2026-03-31 10:20:53,116 [INFO] backtesting.backtester: Loaded OHLCV for HLT: shape=(798, 9)
2026-03-31 10:20:53,116 [INFO] backtesting.backtester: Requesting OHLCV for MCHP: 2020-11-27 → 2024-01-31 (provider=yahoo, cache_dir=data/cache/ohlcv, ttl=0)
2026-03-31 10:20:53,118 [INFO] backtesting.backtester: Loaded OHLCV for MCHP: shape=(798, 9)
2026-03-31 10:20:53,118 [INFO] backtesting.backtester: Requesting OHLCV for EQT: 2020-11-27 → 2024-01-31 (provider=yahoo, cache_dir=data/cache/ohlcv, ttl=0)
2026-03-31 10:20:53,119 [INFO] backtesting.backtester: Loaded OHLCV for EQT: shape=(798, 9)
2026-03-31 10:20:53,119 [INFO] backtesting.backtester: Requesting OHLCV for USB: 2020-11-27 → 2024-01-31 (provider=yahoo, cache_dir=data/cache/ohlcv, ttl=0)
2026-03-31 10:20:53,121 [INFO] backtesting.backtester: Loaded OHLCV for USB: shape=(798, 9)
2026-03-31 10:20:53,121 [INFO] backtesting.backtester: Requesting OHLCV for ADSK: 2020-11-27 → 2024-01-31 (provider=yahoo, cache_dir=data/cache/ohlcv, ttl=0)
2026-03-31 10:20:53,122 [INFO] backtesting.backtester: Loaded OHLCV for ADSK: shape=(798, 9)
2026-03-31 10:20:53,122 [INFO] backtesting.backtester: Requesting OHLCV for CMG: 2020-11-27 → 2024-01-31 (provider=yahoo, cache_dir=data/cache/ohlcv, ttl=0)
2026-03-31 10:20:53,124 [INFO] backtesting.backtester: Loaded OHLCV for CMG: shape=(798, 9)
2026-03-31 10:20:53,124 [INFO] backtesting.backtester: Requesting OHLCV for JCI: 2020-11-27 → 2024-01-31 (provider=yahoo, cache_dir=data/cache/ohlcv, ttl=0)
2026-03-31 10:20:53,125 [INFO] backtesting.backtester: Loaded OHLCV for JCI: shape=(798, 9)
2026-03-31 10:20:53,125 [INFO] backtesting.backtester: Requesting OHLCV for TT: 2020-11-27 → 2024-01-31 (provider=yahoo, cache_dir=data/cache/ohlcv, ttl=0)
2026-03-31 10:20:53,127 [INFO] backtesting.backtester: Loaded OHLCV for TT: shape=(798, 9)
2026-03-31 10:20:53,127 [INFO] backtesting.backtester: Requesting OHLCV for ORLY: 2020-11-27 → 2024-01-31 (provider=yahoo, cache_dir=data/cache/ohlcv, ttl=0)
2026-03-31 10:20:53,128 [INFO] backtesting.backtester: Loaded OHLCV for ORLY: shape=(798, 9)
2026-03-31 10:20:53,128 [INFO] backtesting.backtester: Requesting OHLCV for ICE: 2020-11-27 → 2024-01-31 (provider=yahoo, cache_dir=data/cache/ohlcv, ttl=0)
2026-03-31 10:20:53,130 [INFO] backtesting.backtester: Loaded OHLCV for ICE: shape=(798, 9)
2026-03-31 10:20:53,130 [INFO] backtesting.backtester: Requesting OHLCV for SHW: 2020-11-27 → 2024-01-31 (provider=yahoo, cache_dir=data/cache/ohlcv, ttl=0)
2026-03-31 10:20:53,131 [INFO] backtesting.backtester: Loaded OHLCV for SHW: shape=(798, 9)
2026-03-31 10:20:53,131 [INFO] backtesting.backtester: Requesting OHLCV for LHX: 2020-11-27 → 2024-01-31 (provider=yahoo, cache_dir=data/cache/ohlcv, ttl=0)
2026-03-31 10:20:53,133 [INFO] backtesting.backtester: Loaded OHLCV for LHX: shape=(798, 9)
2026-03-31 10:20:53,133 [INFO] backtesting.backtester: Requesting OHLCV for DDOG: 2020-11-27 → 2024-01-31 (provider=yahoo, cache_dir=data/cache/ohlcv, ttl=0)
2026-03-31 10:20:53,134 [INFO] backtesting.backtester: Loaded OHLCV for DDOG: shape=(798, 9)
2026-03-31 10:20:53,134 [INFO] backtesting.backtester: Requesting OHLCV for KR: 2020-11-27 → 2024-01-31 (provider=yahoo, cache_dir=data/cache/ohlcv, ttl=0)
2026-03-31 10:20:53,136 [INFO] backtesting.backtester: Loaded OHLCV for KR: shape=(798, 9)
2026-03-31 10:20:53,136 [INFO] backtesting.backtester: Requesting OHLCV for AZO: 2020-11-27 → 2024-01-31 (provider=yahoo, cache_dir=data/cache/ohlcv, ttl=0)
2026-03-31 10:20:53,137 [INFO] backtesting.backtester: Loaded OHLCV for AZO: shape=(798, 9)
2026-03-31 10:20:53,137 [INFO] backtesting.backtester: Requesting OHLCV for DOW: 2020-11-27 → 2024-01-31 (provider=yahoo, cache_dir=data/cache/ohlcv, ttl=0)
2026-03-31 10:20:53,139 [INFO] backtesting.backtester: Loaded OHLCV for DOW: shape=(798, 9)
2026-03-31 10:20:53,139 [INFO] backtesting.backtester: Requesting OHLCV for WM: 2020-11-27 → 2024-01-31 (provider=yahoo, cache_dir=data/cache/ohlcv, ttl=0)
2026-03-31 10:20:53,140 [INFO] backtesting.backtester: Loaded OHLCV for WM: shape=(798, 9)
2026-03-31 10:20:53,140 [INFO] backtesting.backtester: Requesting OHLCV for ABNB: 2020-11-27 → 2024-01-31 (provider=yahoo, cache_dir=data/cache/ohlcv, ttl=0)
2026-03-31 10:20:53,158 [INFO] backtesting.backtester: Loaded OHLCV for ABNB: shape=(788, 9)
2026-03-31 10:20:53,158 [INFO] backtesting.backtester: Requesting OHLCV for NRG: 2020-11-27 → 2024-01-31 (provider=yahoo, cache_dir=data/cache/ohlcv, ttl=0)
2026-03-31 10:20:53,160 [INFO] backtesting.backtester: Loaded OHLCV for NRG: shape=(798, 9)
2026-03-31 10:20:53,160 [INFO] backtesting.backtester: Requesting OHLCV for SO: 2020-11-27 → 2024-01-31 (provider=yahoo, cache_dir=data/cache/ohlcv, ttl=0)
2026-03-31 10:20:53,161 [INFO] backtesting.backtester: Loaded OHLCV for SO: shape=(798, 9)
2026-03-31 10:20:53,161 [INFO] backtesting.backtester: Requesting OHLCV for NXPI: 2020-11-27 → 2024-01-31 (provider=yahoo, cache_dir=data/cache/ohlcv, ttl=0)
2026-03-31 10:20:53,163 [INFO] backtesting.backtester: Loaded OHLCV for NXPI: shape=(798, 9)
2026-03-31 10:20:53,163 [INFO] backtesting.backtester: Requesting OHLCV for MRSH: 2020-11-27 → 2024-01-31 (provider=yahoo, cache_dir=data/cache/ohlcv, ttl=0)
2026-03-31 10:20:53,164 [INFO] backtesting.backtester: Loaded OHLCV for MRSH: shape=(798, 9)
2026-03-31 10:20:53,164 [INFO] backtesting.backtester: Requesting OHLCV for ZTS: 2020-11-27 → 2024-01-31 (provider=yahoo, cache_dir=data/cache/ohlcv, ttl=0)
2026-03-31 10:20:53,166 [INFO] backtesting.backtester: Loaded OHLCV for ZTS: shape=(798, 9)
2026-03-31 10:20:53,166 [INFO] backtesting.backtester: Requesting OHLCV for ULTA: 2020-11-27 → 2024-01-31 (provider=yahoo, cache_dir=data/cache/ohlcv, ttl=0)
2026-03-31 10:20:53,167 [INFO] backtesting.backtester: Loaded OHLCV for ULTA: shape=(798, 9)
2026-03-31 10:20:53,167 [INFO] backtesting.backtester: Requesting OHLCV for AEP: 2020-11-27 → 2024-01-31 (provider=yahoo, cache_dir=data/cache/ohlcv, ttl=0)
2026-03-31 10:20:53,169 [INFO] backtesting.backtester: Loaded OHLCV for AEP: shape=(798, 9)
2026-03-31 10:20:53,169 [INFO] backtesting.backtester: Requesting OHLCV for CSX: 2020-11-27 → 2024-01-31 (provider=yahoo, cache_dir=data/cache/ohlcv, ttl=0)
2026-03-31 10:20:53,170 [INFO] backtesting.backtester: Loaded OHLCV for CSX: shape=(798, 9)
2026-03-31 10:20:53,170 [INFO] backtesting.backtester: Requesting OHLCV for MSI: 2020-11-27 → 2024-01-31 (provider=yahoo, cache_dir=data/cache/ohlcv, ttl=0)
2026-03-31 10:20:53,172 [INFO] backtesting.backtester: Loaded OHLCV for MSI: shape=(798, 9)
2026-03-31 10:20:53,172 [INFO] backtesting.backtester: Requesting OHLCV for KEYS: 2020-11-27 → 2024-01-31 (provider=yahoo, cache_dir=data/cache/ohlcv, ttl=0)
2026-03-31 10:20:53,173 [INFO] backtesting.backtester: Loaded OHLCV for KEYS: shape=(798, 9)
2026-03-31 10:20:53,174 [INFO] backtesting.backtester: Requesting OHLCV for KMB: 2020-11-27 → 2024-01-31 (provider=yahoo, cache_dir=data/cache/ohlcv, ttl=0)
2026-03-31 10:20:53,175 [INFO] backtesting.backtester: Loaded OHLCV for KMB: shape=(798, 9)
2026-03-31 10:20:53,175 [INFO] backtesting.backtester: Requesting OHLCV for MAR: 2020-11-27 → 2024-01-31 (provider=yahoo, cache_dir=data/cache/ohlcv, ttl=0)
2026-03-31 10:20:53,176 [INFO] backtesting.backtester: Loaded OHLCV for MAR: shape=(798, 9)
2026-03-31 10:20:53,176 [INFO] backtesting.backtester: Requesting OHLCV for FITB: 2020-11-27 → 2024-01-31 (provider=yahoo, cache_dir=data/cache/ohlcv, ttl=0)
2026-03-31 10:20:53,178 [INFO] backtesting.backtester: Loaded OHLCV for FITB: shape=(798, 9)
2026-03-31 10:20:53,178 [INFO] backtesting.backtester: Requesting OHLCV for LULU: 2020-11-27 → 2024-01-31 (provider=yahoo, cache_dir=data/cache/ohlcv, ttl=0)
2026-03-31 10:20:53,179 [INFO] backtesting.backtester: Loaded OHLCV for LULU: shape=(798, 9)
2026-03-31 10:20:53,179 [INFO] backtesting.backtester: Requesting OHLCV for ROP: 2020-11-27 → 2024-01-31 (provider=yahoo, cache_dir=data/cache/ohlcv, ttl=0)
2026-03-31 10:20:53,181 [INFO] backtesting.backtester: Loaded OHLCV for ROP: shape=(798, 9)
2026-03-31 10:20:53,181 [INFO] backtesting.backtester: Requesting OHLCV for MNST: 2020-11-27 → 2024-01-31 (provider=yahoo, cache_dir=data/cache/ohlcv, ttl=0)
2026-03-31 10:20:53,182 [INFO] backtesting.backtester: Loaded OHLCV for MNST: shape=(798, 9)
2026-03-31 10:20:53,182 [INFO] backtesting.backtester: Requesting OHLCV for URI: 2020-11-27 → 2024-01-31 (provider=yahoo, cache_dir=data/cache/ohlcv, ttl=0)
2026-03-31 10:20:53,184 [INFO] backtesting.backtester: Loaded OHLCV for URI: shape=(798, 9)
2026-03-31 10:20:53,184 [INFO] backtesting.backtester: Requesting OHLCV for LYV: 2020-11-27 → 2024-01-31 (provider=yahoo, cache_dir=data/cache/ohlcv, ttl=0)
2026-03-31 10:20:53,185 [INFO] backtesting.backtester: Loaded OHLCV for LYV: shape=(798, 9)
2026-03-31 10:20:53,185 [INFO] backtesting.backtester: Requesting OHLCV for DG: 2020-11-27 → 2024-01-31 (provider=yahoo, cache_dir=data/cache/ohlcv, ttl=0)
2026-03-31 10:20:53,187 [INFO] backtesting.backtester: Loaded OHLCV for DG: shape=(798, 9)
2026-03-31 10:20:53,187 [INFO] backtesting.backtester: Requesting OHLCV for CMI: 2020-11-27 → 2024-01-31 (provider=yahoo, cache_dir=data/cache/ohlcv, ttl=0)
2026-03-31 10:20:53,189 [INFO] backtesting.backtester: Loaded OHLCV for CMI: shape=(798, 9)
2026-03-31 10:20:53,189 [INFO] backtesting.backtester: Requesting OHLCV for CI: 2020-11-27 → 2024-01-31 (provider=yahoo, cache_dir=data/cache/ohlcv, ttl=0)
2026-03-31 10:20:53,190 [INFO] backtesting.backtester: Loaded OHLCV for CI: shape=(798, 9)
2026-03-31 10:20:53,190 [INFO] backtesting.backtester: Requesting OHLCV for AJG: 2020-11-27 → 2024-01-31 (provider=yahoo, cache_dir=data/cache/ohlcv, ttl=0)
2026-03-31 10:20:53,192 [INFO] backtesting.backtester: Loaded OHLCV for AJG: shape=(798, 9)
2026-03-31 10:20:53,192 [INFO] backtesting.backtester: Requesting OHLCV for FTNT: 2020-11-27 → 2024-01-31 (provider=yahoo, cache_dir=data/cache/ohlcv, ttl=0)
2026-03-31 10:20:53,194 [INFO] backtesting.backtester: Loaded OHLCV for FTNT: shape=(798, 9)
2026-03-31 10:20:53,194 [INFO] backtesting.backtester: Requesting OHLCV for NCLH: 2020-11-27 → 2024-01-31 (provider=yahoo, cache_dir=data/cache/ohlcv, ttl=0)
2026-03-31 10:20:53,195 [INFO] backtesting.backtester: Loaded OHLCV for NCLH: shape=(798, 9)
2026-03-31 10:20:53,195 [INFO] backtesting.backtester: Requesting OHLCV for EA: 2020-11-27 → 2024-01-31 (provider=yahoo, cache_dir=data/cache/ohlcv, ttl=0)
2026-03-31 10:20:53,198 [INFO] backtesting.backtester: Loaded OHLCV for EA: shape=(798, 9)
2026-03-31 10:20:53,199 [INFO] backtesting.backtester: Requesting OHLCV for ARES: 2020-11-27 → 2024-01-31 (provider=yahoo, cache_dir=data/cache/ohlcv, ttl=0)
2026-03-31 10:20:53,201 [INFO] backtesting.backtester: Loaded OHLCV for ARES: shape=(798, 9)
2026-03-31 10:20:53,201 [INFO] backtesting.backtester: Requesting OHLCV for AKAM: 2020-11-27 → 2024-01-31 (provider=yahoo, cache_dir=data/cache/ohlcv, ttl=0)
2026-03-31 10:20:53,204 [INFO] backtesting.backtester: Loaded OHLCV for AKAM: shape=(798, 9)
2026-03-31 10:20:53,204 [INFO] backtesting.backtester: Requesting OHLCV for WMB: 2020-11-27 → 2024-01-31 (provider=yahoo, cache_dir=data/cache/ohlcv, ttl=0)
2026-03-31 10:20:53,206 [INFO] backtesting.backtester: Loaded OHLCV for WMB: shape=(798, 9)
2026-03-31 10:20:53,206 [INFO] backtesting.backtester: Requesting OHLCV for TDG: 2020-11-27 → 2024-01-31 (provider=yahoo, cache_dir=data/cache/ohlcv, ttl=0)
2026-03-31 10:20:53,208 [INFO] backtesting.backtester: Loaded OHLCV for TDG: shape=(798, 9)
2026-03-31 10:20:53,208 [INFO] backtesting.backtester: Requesting OHLCV for COR: 2020-11-27 → 2024-01-31 (provider=yahoo, cache_dir=data/cache/ohlcv, ttl=0)
2026-03-31 10:20:53,211 [INFO] backtesting.backtester: Loaded OHLCV for COR: shape=(798, 9)
2026-03-31 10:20:53,211 [INFO] backtesting.backtester: Requesting OHLCV for PLD: 2020-11-27 → 2024-01-31 (provider=yahoo, cache_dir=data/cache/ohlcv, ttl=0)
2026-03-31 10:20:53,212 [INFO] backtesting.backtester: Loaded OHLCV for PLD: shape=(798, 9)
2026-03-31 10:20:53,212 [INFO] backtesting.backtester: Requesting OHLCV for TEL: 2020-11-27 → 2024-01-31 (provider=yahoo, cache_dir=data/cache/ohlcv, ttl=0)
2026-03-31 10:20:53,214 [INFO] backtesting.backtester: Loaded OHLCV for TEL: shape=(798, 9)
2026-03-31 10:20:53,215 [INFO] backtesting.backtester: Requesting OHLCV for CTAS: 2020-11-27 → 2024-01-31 (provider=yahoo, cache_dir=data/cache/ohlcv, ttl=0)
2026-03-31 10:20:53,216 [INFO] backtesting.backtester: Loaded OHLCV for CTAS: shape=(798, 9)
2026-03-31 10:20:53,216 [INFO] backtesting.backtester: Requesting OHLCV for AXON: 2020-11-27 → 2024-01-31 (provider=yahoo, cache_dir=data/cache/ohlcv, ttl=0)
2026-03-31 10:20:53,218 [INFO] backtesting.backtester: Loaded OHLCV for AXON: shape=(798, 9)
2026-03-31 10:20:53,218 [INFO] backtesting.backtester: Requesting OHLCV for KMI: 2020-11-27 → 2024-01-31 (provider=yahoo, cache_dir=data/cache/ohlcv, ttl=0)
2026-03-31 10:20:53,220 [INFO] backtesting.backtester: Loaded OHLCV for KMI: shape=(798, 9)
2026-03-31 10:20:53,220 [INFO] backtesting.backtester: Requesting OHLCV for MRNA: 2020-11-27 → 2024-01-31 (provider=yahoo, cache_dir=data/cache/ohlcv, ttl=0)
2026-03-31 10:20:53,221 [INFO] backtesting.backtester: Loaded OHLCV for MRNA: shape=(798, 9)

  [62/300] UBER… [62/300] UBER OHLCV window: first_date=2020-11-27, last_date=2024-01-31, n=798
  [63/300] LIN… [63/300] LIN OHLCV window: first_date=2020-11-27, last_date=2024-01-31, n=798
  [64/300] VZ… [64/300] VZ OHLCV window: first_date=2020-11-27, last_date=2024-01-31, n=798
  [65/300] APH… [65/300] APH OHLCV window: first_date=2020-11-27, last_date=2024-01-31, n=798
  [66/300] ABT… [66/300] ABT OHLCV window: first_date=2020-11-27, last_date=2024-01-31, n=798
  [67/300] NEM… [67/300] NEM OHLCV window: first_date=2020-11-27, last_date=2024-01-31, n=798
  [68/300] AXP… [68/300] AXP OHLCV window: first_date=2020-11-27, last_date=2024-01-31, n=798
  [69/300] KO… [69/300] KO OHLCV window: first_date=2020-11-27, last_date=2024-01-31, n=798
  [70/300] ADI… [70/300] ADI OHLCV window: first_date=2020-11-27, last_date=2024-01-31, n=798
  [71/300] PANW… [71/300] PANW OHLCV window: first_date=2020-11-27, last_date=2024-01-31, n=798
  [72/300] TXN… [72/300] TXN OHLCV window: first_date=2020-11-27, last_date=2024-01-31, n=798
  [73/300] RTX… [73/300] RTX OHLCV window: first_date=2020-11-27, last_date=2024-01-31, n=798
  [74/300] BX… [74/300] BX OHLCV window: first_date=2020-11-27, last_date=2024-01-31, n=798
  [75/300] T… [75/300] T OHLCV window: first_date=2020-11-27, last_date=2024-01-31, n=798
  [76/300] MRK… [76/300] MRK OHLCV window: first_date=2020-11-27, last_date=2024-01-31, n=798
  [77/300] MS… [77/300] MS OHLCV window: first_date=2020-11-27, last_date=2024-01-31, n=798
  [78/300] CIEN… [78/300] CIEN OHLCV window: first_date=2020-11-27, last_date=2024-01-31, n=798
  [79/300] LMT… [79/300] LMT OHLCV window: first_date=2020-11-27, last_date=2024-01-31, n=798
  [80/300] OXY… [80/300] OXY OHLCV window: first_date=2020-11-27, last_date=2024-01-31, n=798
  [81/300] DIS… [81/300] DIS OHLCV window: first_date=2020-11-27, last_date=2024-01-31, n=798
  [82/300] FCX… [82/300] FCX OHLCV window: first_date=2020-11-27, last_date=2024-01-31, n=798
  [83/300] TMUS… [83/300] TMUS OHLCV window: first_date=2020-11-27, last_date=2024-01-31, n=798
  [84/300] SMCI… [84/300] SMCI OHLCV window: first_date=2020-11-27, last_date=2024-01-31, n=798
  [85/300] PFE… [85/300] PFE OHLCV window: first_date=2020-11-27, last_date=2024-01-31, n=798
  [86/300] CMCSA… [86/300] CMCSA OHLCV window: first_date=2020-11-27, last_date=2024-01-31, n=798
  [87/300] VLO… [87/300] VLO OHLCV window: first_date=2020-11-27, last_date=2024-01-31, n=798
  [88/300] TER… [88/300] TER OHLCV window: first_date=2020-11-27, last_date=2024-01-31, n=798
  [89/300] COF… [89/300] COF OHLCV window: first_date=2020-11-27, last_date=2024-01-31, n=798
  [90/300] TMO… [90/300] TMO OHLCV window: first_date=2020-11-27, last_date=2024-01-31, n=798
  [91/300] MCD… [91/300] MCD OHLCV window: first_date=2020-11-27, last_date=2024-01-31, n=798
  [92/300] PEP… [92/300] PEP OHLCV window: first_date=2020-11-27, last_date=2024-01-31, n=798
  [93/300] SLB… [93/300] SLB OHLCV window: first_date=2020-11-27, last_date=2024-01-31, n=798
  [94/300] BLK… [94/300] BLK OHLCV window: first_date=2020-11-27, last_date=2024-01-31, n=798
  [95/300] SNPS… [95/300] SNPS OHLCV window: first_date=2020-11-27, last_date=2024-01-31, n=798
  [96/300] NEE… [96/300] NEE OHLCV window: first_date=2020-11-27, last_date=2024-01-31, n=798
  [97/300] SPGI… [97/300] SPGI OHLCV window: first_date=2020-11-27, last_date=2024-01-31, n=798
  [98/300] AMGN… [98/300] AMGN OHLCV window: first_date=2020-11-27, last_date=2024-01-31, n=798
  [99/300] ETN… [99/300] ETN OHLCV window: first_date=2020-11-27, last_date=2024-01-31, n=798
  [100/300] DAL… [100/300] DAL OHLCV window: first_date=2020-11-27, last_date=2024-01-31, n=798
  [101/300] GILD… [101/300] GILD OHLCV window: first_date=2020-11-27, last_date=2024-01-31, n=798
  [102/300] HON… [102/300] HON OHLCV window: first_date=2020-11-27, last_date=2024-01-31, n=798
  [103/300] CEG… [103/300] CEG OHLCV window: first_date=2022-01-19, last_date=2024-01-30, n=510
insufficient pre-history (<252d before start)
  [104/300] ADP… [104/300] ADP OHLCV window: first_date=2020-11-27, last_date=2024-01-31, n=798
  [105/300] BSX… [105/300] BSX OHLCV window: first_date=2020-11-27, last_date=2024-01-31, n=798
  [106/300] PYPL… [106/300] PYPL OHLCV window: first_date=2020-11-27, last_date=2024-01-31, n=798
  [107/300] PM… [107/300] PM OHLCV window: first_date=2020-11-27, last_date=2024-01-31, n=798
  [108/300] CVNA… [108/300] CVNA OHLCV window: first_date=2020-11-27, last_date=2024-01-31, n=798
  [109/300] UAL… [109/300] UAL OHLCV window: first_date=2020-11-27, last_date=2024-01-31, n=798
  [110/300] NKE… [110/300] NKE OHLCV window: first_date=2020-11-27, last_date=2024-01-31, n=798
  [111/300] ANET… [111/300] ANET OHLCV window: first_date=2020-11-27, last_date=2024-01-31, n=798
  [112/300] DVN… [112/300] DVN OHLCV window: first_date=2020-11-27, last_date=2024-01-31, n=798
  [113/300] BMY… [113/300] BMY OHLCV window: first_date=2020-11-27, last_date=2024-01-31, n=798
  [114/300] CF… [114/300] CF OHLCV window: first_date=2020-11-27, last_date=2024-01-31, n=798
  [115/300] SCHW… [115/300] SCHW OHLCV window: first_date=2020-11-27, last_date=2024-01-31, n=798
  [116/300] SATS… [116/300] SATS OHLCV window: first_date=2020-11-27, last_date=2024-01-31, n=798
  [117/300] WBD… [117/300] WBD OHLCV window: first_date=2020-11-27, last_date=2024-01-31, n=798
  [118/300] PH… [118/300] PH OHLCV window: first_date=2020-11-27, last_date=2024-01-31, n=798
  [119/300] EOG… [119/300] EOG OHLCV window: first_date=2020-11-27, last_date=2024-01-31, n=798
  [120/300] KKR… [120/300] KKR OHLCV window: first_date=2020-11-27, last_date=2024-01-31, n=798
  [121/300] TGT… [121/300] TGT OHLCV window: first_date=2020-11-27, last_date=2024-01-31, n=798
  [122/300] RCL… [122/300] RCL OHLCV window: first_date=2020-11-27, last_date=2024-01-31, n=798
  [123/300] SBUX… [123/300] SBUX OHLCV window: first_date=2020-11-27, last_date=2024-01-31, n=798
  [124/300] DE… [124/300] DE OHLCV window: first_date=2020-11-27, last_date=2024-01-31, n=798
  [125/300] FDX… [125/300] FDX OHLCV window: first_date=2020-11-27, last_date=2024-01-31, n=798
  [126/300] F… [126/300] F OHLCV window: first_date=2020-11-27, last_date=2024-01-31, n=798
  [127/300] CCL… [127/300] CCL OHLCV window: first_date=2020-11-27, last_date=2024-01-31, n=798
  [128/300] ISRG… [128/300] ISRG OHLCV window: first_date=2020-11-27, last_date=2024-01-31, n=798
  [129/300] VST… [129/300] VST OHLCV window: first_date=2020-11-27, last_date=2024-01-31, n=798
  [130/300] DHR… [130/300] DHR OHLCV window: first_date=2020-11-27, last_date=2024-01-31, n=798
  [131/300] UPS… [131/300] UPS OHLCV window: first_date=2020-11-27, last_date=2024-01-31, n=798
  [132/300] SYK… [132/300] SYK OHLCV window: first_date=2020-11-27, last_date=2024-01-31, n=798
  [133/300] WDAY… [133/300] WDAY OHLCV window: first_date=2020-11-27, last_date=2024-01-31, n=798
  [134/300] APO… [134/300] APO OHLCV window: first_date=2020-11-27, last_date=2024-01-31, n=798
  [135/300] TJX… [135/300] TJX OHLCV window: first_date=2020-11-27, last_date=2024-01-31, n=798
  [136/300] UNP… [136/300] UNP OHLCV window: first_date=2020-11-27, last_date=2024-01-31, n=798
  [137/300] ELV… [137/300] ELV OHLCV window: first_date=2020-11-27, last_date=2024-01-31, n=798
  [138/300] MPC… [138/300] MPC OHLCV window: first_date=2020-11-27, last_date=2024-01-31, n=798
  [139/300] MDT… [139/300] MDT OHLCV window: first_date=2020-11-27, last_date=2024-01-31, n=798
  [140/300] CME… [140/300] CME OHLCV window: first_date=2020-11-27, last_date=2024-01-31, n=798
  [141/300] CDNS… [141/300] CDNS OHLCV window: first_date=2020-11-27, last_date=2024-01-31, n=798
  [142/300] FANG… [142/300] FANG OHLCV window: first_date=2020-11-27, last_date=2024-01-31, n=798
  [143/300] MCK… [143/300] MCK OHLCV window: first_date=2020-11-27, last_date=2024-01-31, n=798
  [144/300] LYB… [144/300] LYB OHLCV window: first_date=2020-11-27, last_date=2024-01-31, n=798
  [145/300] WELL… [145/300] WELL OHLCV window: first_date=2020-11-27, last_date=2024-01-31, n=7982026-03-31 10:20:53,221 [INFO] backtesting.backtester: Requesting OHLCV for ECL: 2020-11-27 → 2024-01-31 (provider=yahoo, cache_dir=data/cache/ohlcv, ttl=0)
2026-03-31 10:20:53,223 [INFO] backtesting.backtester: Loaded OHLCV for ECL: shape=(798, 9)
2026-03-31 10:20:53,223 [INFO] backtesting.backtester: Requesting OHLCV for EL: 2020-11-27 → 2024-01-31 (provider=yahoo, cache_dir=data/cache/ohlcv, ttl=0)
2026-03-31 10:20:53,224 [INFO] backtesting.backtester: Loaded OHLCV for EL: shape=(798, 9)
2026-03-31 10:20:53,224 [INFO] backtesting.backtester: Requesting OHLCV for EXC: 2020-11-27 → 2024-01-31 (provider=yahoo, cache_dir=data/cache/ohlcv, ttl=0)
2026-03-31 10:20:53,226 [INFO] backtesting.backtester: Loaded OHLCV for EXC: shape=(798, 9)
2026-03-31 10:20:53,226 [INFO] backtesting.backtester: Requesting OHLCV for FICO: 2020-11-27 → 2024-01-31 (provider=yahoo, cache_dir=data/cache/ohlcv, ttl=0)
2026-03-31 10:20:53,227 [INFO] backtesting.backtester: Loaded OHLCV for FICO: shape=(798, 9)
2026-03-31 10:20:53,227 [INFO] backtesting.backtester: Requesting OHLCV for REGN: 2020-11-27 → 2024-01-31 (provider=yahoo, cache_dir=data/cache/ohlcv, ttl=0)
2026-03-31 10:20:53,229 [INFO] backtesting.backtester: Loaded OHLCV for REGN: shape=(798, 9)
2026-03-31 10:20:53,229 [INFO] backtesting.backtester: Requesting OHLCV for OKE: 2020-11-27 → 2024-01-31 (provider=yahoo, cache_dir=data/cache/ohlcv, ttl=0)
2026-03-31 10:20:53,230 [INFO] backtesting.backtester: Loaded OHLCV for OKE: shape=(798, 9)
2026-03-31 10:20:53,230 [INFO] backtesting.backtester: Requesting OHLCV for HBAN: 2020-11-27 → 2024-01-31 (provider=yahoo, cache_dir=data/cache/ohlcv, ttl=0)
2026-03-31 10:20:53,232 [INFO] backtesting.backtester: Loaded OHLCV for HBAN: shape=(798, 9)
2026-03-31 10:20:53,232 [INFO] backtesting.backtester: Requesting OHLCV for AON: 2020-11-27 → 2024-01-31 (provider=yahoo, cache_dir=data/cache/ohlcv, ttl=0)
2026-03-31 10:20:53,233 [INFO] backtesting.backtester: Loaded OHLCV for AON: shape=(798, 9)
2026-03-31 10:20:53,233 [INFO] backtesting.backtester: Requesting OHLCV for HPE: 2020-11-27 → 2024-01-31 (provider=yahoo, cache_dir=data/cache/ohlcv, ttl=0)
2026-03-31 10:20:53,235 [INFO] backtesting.backtester: Loaded OHLCV for HPE: shape=(798, 9)
2026-03-31 10:20:53,235 [INFO] backtesting.backtester: Requesting OHLCV for GD: 2020-11-27 → 2024-01-31 (provider=yahoo, cache_dir=data/cache/ohlcv, ttl=0)
2026-03-31 10:20:53,236 [INFO] backtesting.backtester: Loaded OHLCV for GD: shape=(798, 9)
2026-03-31 10:20:53,236 [INFO] backtesting.backtester: Requesting OHLCV for TRV: 2020-11-27 → 2024-01-31 (provider=yahoo, cache_dir=data/cache/ohlcv, ttl=0)
2026-03-31 10:20:53,238 [INFO] backtesting.backtester: Loaded OHLCV for TRV: shape=(798, 9)
2026-03-31 10:20:53,238 [INFO] backtesting.backtester: Requesting OHLCV for EBAY: 2020-11-27 → 2024-01-31 (provider=yahoo, cache_dir=data/cache/ohlcv, ttl=0)
2026-03-31 10:20:53,239 [INFO] backtesting.backtester: Loaded OHLCV for EBAY: shape=(798, 9)
2026-03-31 10:20:53,239 [INFO] backtesting.backtester: Requesting OHLCV for ODFL: 2020-11-27 → 2024-01-31 (provider=yahoo, cache_dir=data/cache/ohlcv, ttl=0)
2026-03-31 10:20:53,240 [INFO] backtesting.backtester: Loaded OHLCV for ODFL: shape=(798, 9)
2026-03-31 10:20:53,241 [INFO] backtesting.backtester: Requesting OHLCV for KVUE: 2020-11-27 → 2024-01-31 (provider=yahoo, cache_dir=data/cache/ohlcv, ttl=0)
2026-03-31 10:20:53,258 [INFO] backtesting.backtester: Loaded OHLCV for KVUE: shape=(186, 9)
2026-03-31 10:20:53,258 [WARNING] backtesting.backtester: Skipping KVUE due to insufficient data (len=186 < 210 bars)
2026-03-31 10:20:53,258 [INFO] backtesting.backtester: Requesting OHLCV for EXE: 2020-11-27 → 2024-01-31 (provider=yahoo, cache_dir=data/cache/ohlcv, ttl=0)
2026-03-31 10:20:53,275 [INFO] backtesting.backtester: Loaded OHLCV for EXE: shape=(747, 9)
2026-03-31 10:20:53,275 [INFO] backtesting.backtester: Requesting OHLCV for TFC: 2020-11-27 → 2024-01-31 (provider=yahoo, cache_dir=data/cache/ohlcv, ttl=0)
2026-03-31 10:20:53,277 [INFO] backtesting.backtester: Loaded OHLCV for TFC: shape=(798, 9)
2026-03-31 10:20:53,277 [INFO] backtesting.backtester: Requesting OHLCV for ON: 2020-11-27 → 2024-01-31 (provider=yahoo, cache_dir=data/cache/ohlcv, ttl=0)
2026-03-31 10:20:53,278 [INFO] backtesting.backtester: Loaded OHLCV for ON: shape=(798, 9)
2026-03-31 10:20:53,278 [INFO] backtesting.backtester: Requesting OHLCV for PCG: 2020-11-27 → 2024-01-31 (provider=yahoo, cache_dir=data/cache/ohlcv, ttl=0)
2026-03-31 10:20:53,280 [INFO] backtesting.backtester: Loaded OHLCV for PCG: shape=(798, 9)
2026-03-31 10:20:53,280 [INFO] backtesting.backtester: Requesting OHLCV for LUV: 2020-11-27 → 2024-01-31 (provider=yahoo, cache_dir=data/cache/ohlcv, ttl=0)
2026-03-31 10:20:53,282 [INFO] backtesting.backtester: Loaded OHLCV for LUV: shape=(798, 9)
2026-03-31 10:20:53,282 [INFO] backtesting.backtester: Requesting OHLCV for BDX: 2020-11-27 → 2024-01-31 (provider=yahoo, cache_dir=data/cache/ohlcv, ttl=0)
2026-03-31 10:20:53,283 [INFO] backtesting.backtester: Loaded OHLCV for BDX: shape=(798, 9)
2026-03-31 10:20:53,283 [INFO] backtesting.backtester: Requesting OHLCV for O: 2020-11-27 → 2024-01-31 (provider=yahoo, cache_dir=data/cache/ohlcv, ttl=0)
2026-03-31 10:20:53,285 [INFO] backtesting.backtester: Loaded OHLCV for O: shape=(798, 9)
2026-03-31 10:20:53,285 [INFO] backtesting.backtester: Requesting OHLCV for PAYX: 2020-11-27 → 2024-01-31 (provider=yahoo, cache_dir=data/cache/ohlcv, ttl=0)
2026-03-31 10:20:53,286 [INFO] backtesting.backtester: Loaded OHLCV for PAYX: shape=(798, 9)
2026-03-31 10:20:53,286 [INFO] backtesting.backtester: Requesting OHLCV for CTSH: 2020-11-27 → 2024-01-31 (provider=yahoo, cache_dir=data/cache/ohlcv, ttl=0)
2026-03-31 10:20:53,287 [INFO] backtesting.backtester: Loaded OHLCV for CTSH: shape=(798, 9)
2026-03-31 10:20:53,288 [INFO] backtesting.backtester: Requesting OHLCV for CAH: 2020-11-27 → 2024-01-31 (provider=yahoo, cache_dir=data/cache/ohlcv, ttl=0)
2026-03-31 10:20:53,289 [INFO] backtesting.backtester: Loaded OHLCV for CAH: shape=(798, 9)
2026-03-31 10:20:53,289 [INFO] backtesting.backtester: Requesting OHLCV for RF: 2020-11-27 → 2024-01-31 (provider=yahoo, cache_dir=data/cache/ohlcv, ttl=0)
2026-03-31 10:20:53,290 [INFO] backtesting.backtester: Loaded OHLCV for RF: shape=(798, 9)
2026-03-31 10:20:53,290 [INFO] backtesting.backtester: Requesting OHLCV for APD: 2020-11-27 → 2024-01-31 (provider=yahoo, cache_dir=data/cache/ohlcv, ttl=0)
2026-03-31 10:20:53,292 [INFO] backtesting.backtester: Loaded OHLCV for APD: shape=(798, 9)
2026-03-31 10:20:53,292 [INFO] backtesting.backtester: Requesting OHLCV for TTWO: 2020-11-27 → 2024-01-31 (provider=yahoo, cache_dir=data/cache/ohlcv, ttl=0)
2026-03-31 10:20:53,293 [INFO] backtesting.backtester: Loaded OHLCV for TTWO: shape=(798, 9)
2026-03-31 10:20:53,293 [INFO] backtesting.backtester: Requesting OHLCV for VMC: 2020-11-27 → 2024-01-31 (provider=yahoo, cache_dir=data/cache/ohlcv, ttl=0)
2026-03-31 10:20:53,295 [INFO] backtesting.backtester: Loaded OHLCV for VMC: shape=(798, 9)
2026-03-31 10:20:53,295 [INFO] backtesting.backtester: Requesting OHLCV for BK: 2020-11-27 → 2024-01-31 (provider=yahoo, cache_dir=data/cache/ohlcv, ttl=0)
2026-03-31 10:20:53,297 [INFO] backtesting.backtester: Loaded OHLCV for BK: shape=(798, 9)
2026-03-31 10:20:53,297 [INFO] backtesting.backtester: Requesting OHLCV for GIS: 2020-11-27 → 2024-01-31 (provider=yahoo, cache_dir=data/cache/ohlcv, ttl=0)
2026-03-31 10:20:53,298 [INFO] backtesting.backtester: Loaded OHLCV for GIS: shape=(798, 9)
2026-03-31 10:20:53,298 [INFO] backtesting.backtester: Requesting OHLCV for EMR: 2020-11-27 → 2024-01-31 (provider=yahoo, cache_dir=data/cache/ohlcv, ttl=0)
2026-03-31 10:20:53,300 [INFO] backtesting.backtester: Loaded OHLCV for EMR: shape=(798, 9)
2026-03-31 10:20:53,300 [INFO] backtesting.backtester: Requesting OHLCV for DPZ: 2020-11-27 → 2024-01-31 (provider=yahoo, cache_dir=data/cache/ohlcv, ttl=0)
2026-03-31 10:20:53,301 [INFO] backtesting.backtester: Loaded OHLCV for DPZ: shape=(798, 9)
2026-03-31 10:20:53,302 [INFO] backtesting.backtester: Requesting OHLCV for CTRA: 2020-11-27 → 2024-01-31 (provider=yahoo, cache_dir=data/cache/ohlcv, ttl=0)
2026-03-31 10:20:53,303 [INFO] backtesting.backtester: Loaded OHLCV for CTRA: shape=(798, 9)
2026-03-31 10:20:53,303 [INFO] backtesting.backtester: Requesting OHLCV for KHC: 2020-11-27 → 2024-01-31 (provider=yahoo, cache_dir=data/cache/ohlcv, ttl=0)
2026-03-31 10:20:53,304 [INFO] backtesting.backtester: Loaded OHLCV for KHC: shape=(798, 9)
2026-03-31 10:20:53,304 [INFO] backtesting.backtester: Requesting OHLCV for VRSK: 2020-11-27 → 2024-01-31 (provider=yahoo, cache_dir=data/cache/ohlcv, ttl=0)
2026-03-31 10:20:53,306 [INFO] backtesting.backtester: Loaded OHLCV for VRSK: shape=(798, 9)
2026-03-31 10:20:53,306 [INFO] backtesting.backtester: Requesting OHLCV for PSA: 2020-11-27 → 2024-01-31 (provider=yahoo, cache_dir=data/cache/ohlcv, ttl=0)
2026-03-31 10:20:53,307 [INFO] backtesting.backtester: Loaded OHLCV for PSA: shape=(798, 9)
2026-03-31 10:20:53,307 [INFO] backtesting.backtester: Requesting OHLCV for DHI: 2020-11-27 → 2024-01-31 (provider=yahoo, cache_dir=data/cache/ohlcv, ttl=0)
2026-03-31 10:20:53,309 [INFO] backtesting.backtester: Loaded OHLCV for DHI: shape=(798, 9)
2026-03-31 10:20:53,309 [INFO] backtesting.backtester: Requesting OHLCV for OMC: 2020-11-27 → 2024-01-31 (provider=yahoo, cache_dir=data/cache/ohlcv, ttl=0)
2026-03-31 10:20:53,310 [INFO] backtesting.backtester: Loaded OHLCV for OMC: shape=(798, 9)
2026-03-31 10:20:53,310 [INFO] backtesting.backtester: Requesting OHLCV for FSLR: 2020-11-27 → 2024-01-31 (provider=yahoo, cache_dir=data/cache/ohlcv, ttl=0)
2026-03-31 10:20:53,312 [INFO] backtesting.backtester: Loaded OHLCV for FSLR: shape=(798, 9)
2026-03-31 10:20:53,312 [INFO] backtesting.backtester: Requesting OHLCV for TRGP: 2020-11-27 → 2024-01-31 (provider=yahoo, cache_dir=data/cache/ohlcv, ttl=0)
2026-03-31 10:20:53,313 [INFO] backtesting.backtester: Loaded OHLCV for TRGP: shape=(798, 9)
2026-03-31 10:20:53,313 [INFO] backtesting.backtester: Requesting OHLCV for CARR: 2020-11-27 → 2024-01-31 (provider=yahoo, cache_dir=data/cache/ohlcv, ttl=0)
2026-03-31 10:20:53,315 [INFO] backtesting.backtester: Loaded OHLCV for CARR: shape=(798, 9)
2026-03-31 10:20:53,315 [INFO] backtesting.backtester: Requesting OHLCV for NSC: 2020-11-27 → 2024-01-31 (provider=yahoo, cache_dir=data/cache/ohlcv, ttl=0)
2026-03-31 10:20:53,316 [INFO] backtesting.backtester: Loaded OHLCV for NSC: shape=(798, 9)
2026-03-31 10:20:53,316 [INFO] backtesting.backtester: Requesting OHLCV for EW: 2020-11-27 → 2024-01-31 (provider=yahoo, cache_dir=data/cache/ohlcv, ttl=0)
2026-03-31 10:20:53,318 [INFO] backtesting.backtester: Loaded OHLCV for EW: shape=(798, 9)
2026-03-31 10:20:53,318 [INFO] backtesting.backtester: Requesting OHLCV for ROK: 2020-11-27 → 2024-01-31 (provider=yahoo, cache_dir=data/cache/ohlcv, ttl=0)
2026-03-31 10:20:53,319 [INFO] backtesting.backtester: Loaded OHLCV for ROK: shape=(798, 9)
2026-03-31 10:20:53,319 [INFO] backtesting.backtester: Requesting OHLCV for FISV: 2020-11-27 → 2024-01-31 (provider=yahoo, cache_dir=data/cache/ohlcv, ttl=0)
2026-03-31 10:20:53,321 [INFO] backtesting.backtester: Loaded OHLCV for FISV: shape=(798, 9)
2026-03-31 10:20:53,321 [INFO] backtesting.backtester: Requesting OHLCV for FAST: 2020-11-27 → 2024-01-31 (provider=yahoo, cache_dir=data/cache/ohlcv, ttl=0)
2026-03-31 10:20:53,322 [INFO] backtesting.backtester: Loaded OHLCV for FAST: shape=(798, 9)
2026-03-31 10:20:53,322 [INFO] backtesting.backtester: Requesting OHLCV for MLM: 2020-11-27 → 2024-01-31 (provider=yahoo, cache_dir=data/cache/ohlcv, ttl=0)
2026-03-31 10:20:53,324 [INFO] backtesting.backtester: Loaded OHLCV for MLM: shape=(798, 9)
2026-03-31 10:20:53,324 [INFO] backtesting.backtester: Requesting OHLCV for HSY: 2020-11-27 → 2024-01-31 (provider=yahoo, cache_dir=data/cache/ohlcv, ttl=0)
2026-03-31 10:20:53,325 [INFO] backtesting.backtester: Loaded OHLCV for HSY: shape=(798, 9)
2026-03-31 10:20:53,325 [INFO] backtesting.backtester: Requesting OHLCV for ITW: 2020-11-27 → 2024-01-31 (provider=yahoo, cache_dir=data/cache/ohlcv, ttl=0)
2026-03-31 10:20:53,327 [INFO] backtesting.backtester: Loaded OHLCV for ITW: shape=(798, 9)
2026-03-31 10:20:53,327 [INFO] backtesting.backtester: Requesting OHLCV for XEL: 2020-11-27 → 2024-01-31 (provider=yahoo, cache_dir=data/cache/ohlcv, ttl=0)
2026-03-31 10:20:53,328 [INFO] backtesting.backtester: Loaded OHLCV for XEL: shape=(798, 9)
2026-03-31 10:20:53,328 [INFO] backtesting.backtester: Requesting OHLCV for APA: 2020-11-27 → 2024-01-31 (provider=yahoo, cache_dir=data/cache/ohlcv, ttl=0)
2026-03-31 10:20:53,330 [INFO] backtesting.backtester: Loaded OHLCV for APA: shape=(798, 9)
2026-03-31 10:20:53,330 [INFO] backtesting.backtester: Requesting OHLCV for WAT: 2020-11-27 → 2024-01-31 (provider=yahoo, cache_dir=data/cache/ohlcv, ttl=0)
2026-03-31 10:20:53,331 [INFO] backtesting.backtester: Loaded OHLCV for WAT: shape=(798, 9)
2026-03-31 10:20:53,331 [INFO] backtesting.backtester: Requesting OHLCV for JBL: 2020-11-27 → 2024-01-31 (provider=yahoo, cache_dir=data/cache/ohlcv, ttl=0)
2026-03-31 10:20:53,332 [INFO] backtesting.backtester: Loaded OHLCV for JBL: shape=(798, 9)
2026-03-31 10:20:53,333 [INFO] backtesting.backtester: Requesting OHLCV for PCAR: 2020-11-27 → 2024-01-31 (provider=yahoo, cache_dir=data/cache/ohlcv, ttl=0)
2026-03-31 10:20:53,334 [INFO] backtesting.backtester: Loaded OHLCV for PCAR: shape=(798, 9)
2026-03-31 10:20:53,334 [INFO] backtesting.backtester: Requesting OHLCV for ALB: 2020-11-27 → 2024-01-31 (provider=yahoo, cache_dir=data/cache/ohlcv, ttl=0)
2026-03-31 10:20:53,335 [INFO] backtesting.backtester: Loaded OHLCV for ALB: shape=(798, 9)
2026-03-31 10:20:53,335 [INFO] backtesting.backtester: Requesting OHLCV for AIG: 2020-11-27 → 2024-01-31 (provider=yahoo, cache_dir=data/cache/ohlcv, ttl=0)
2026-03-31 10:20:53,337 [INFO] backtesting.backtester: Loaded OHLCV for AIG: shape=(798, 9)
2026-03-31 10:20:53,337 [INFO] backtesting.backtester: Requesting OHLCV for BBY: 2020-11-27 → 2024-01-31 (provider=yahoo, cache_dir=data/cache/ohlcv, ttl=0)
2026-03-31 10:20:53,338 [INFO] backtesting.backtester: Loaded OHLCV for BBY: shape=(798, 9)
2026-03-31 10:20:53,338 [INFO] backtesting.backtester: Requesting OHLCV for HPQ: 2020-11-27 → 2024-01-31 (provider=yahoo, cache_dir=data/cache/ohlcv, ttl=0)
2026-03-31 10:20:53,340 [INFO] backtesting.backtester: Loaded OHLCV for HPQ: shape=(798, 9)
2026-03-31 10:20:53,340 [INFO] backtesting.backtester: Requesting OHLCV for DLTR: 2020-11-27 → 2024-01-31 (provider=yahoo, cache_dir=data/cache/ohlcv, ttl=0)
2026-03-31 10:20:53,341 [INFO] backtesting.backtester: Loaded OHLCV for DLTR: shape=(798, 9)
2026-03-31 10:20:53,341 [INFO] backtesting.backtester: Requesting OHLCV for DLR: 2020-11-27 → 2024-01-31 (provider=yahoo, cache_dir=data/cache/ohlcv, ttl=0)
2026-03-31 10:20:53,343 [INFO] backtesting.backtester: Loaded OHLCV for DLR: shape=(798, 9)
2026-03-31 10:20:53,343 [INFO] backtesting.backtester: Requesting OHLCV for AME: 2020-11-27 → 2024-01-31 (provider=yahoo, cache_dir=data/cache/ohlcv, ttl=0)
2026-03-31 10:20:53,344 [INFO] backtesting.backtester: Loaded OHLCV for AME: shape=(798, 9)
2026-03-31 10:20:53,344 [INFO] backtesting.backtester: Requesting OHLCV for IBKR: 2020-11-27 → 2024-01-31 (provider=yahoo, cache_dir=data/cache/ohlcv, ttl=0)
2026-03-31 10:20:53,346 [INFO] backtesting.backtester: Loaded OHLCV for IBKR: shape=(798, 9)
2026-03-31 10:20:53,346 [INFO] backtesting.backtester: Requesting OHLCV for DRI: 2020-11-27 → 2024-01-31 (provider=yahoo, cache_dir=data/cache/ohlcv, ttl=0)
2026-03-31 10:20:53,347 [INFO] backtesting.backtester: Loaded OHLCV for DRI: shape=(798, 9)
2026-03-31 10:20:53,347 [INFO] backtesting.backtester: Requesting OHLCV for SPG: 2020-11-27 → 2024-01-31 (provider=yahoo, cache_dir=data/cache/ohlcv, ttl=0)
2026-03-31 10:20:53,349 [INFO] backtesting.backtester: Loaded OHLCV for SPG: shape=(798, 9)
2026-03-31 10:20:53,349 [INFO] backtesting.backtester: Requesting OHLCV for OTIS: 2020-11-27 → 2024-01-31 (provider=yahoo, cache_dir=data/cache/ohlcv, ttl=0)
2026-03-31 10:20:53,350 [INFO] backtesting.backtester: Loaded OHLCV for OTIS: shape=(798, 9)
2026-03-31 10:20:53,350 [INFO] backtesting.backtester: Requesting OHLCV for SRE: 2020-11-27 → 2024-01-31 (provider=yahoo, cache_dir=data/cache/ohlcv, ttl=0)
2026-03-31 10:20:53,351 [INFO] backtesting.backtester: Loaded OHLCV for SRE: shape=(798, 9)
2026-03-31 10:20:53,351 [INFO] backtesting.backtester: Requesting OHLCV for MOS: 2020-11-27 → 2024-01-31 (provider=yahoo, cache_dir=data/cache/ohlcv, ttl=0)
2026-03-31 10:20:53,353 [INFO] backtesting.backtester: Loaded OHLCV for MOS: shape=(798, 9)
2026-03-31 10:20:53,353 [INFO] backtesting.backtester: Requesting OHLCV for CTVA: 2020-11-27 → 2024-01-31 (provider=yahoo, cache_dir=data/cache/ohlcv, ttl=0)
2026-03-31 10:20:53,354 [INFO] backtesting.backtester: Loaded OHLCV for CTVA: shape=(798, 9)
2026-03-31 10:20:53,354 [INFO] backtesting.backtester: Requesting OHLCV for KEY: 2020-11-27 → 2024-01-31 (provider=yahoo, cache_dir=data/cache/ohlcv, ttl=0)
2026-03-31 10:20:53,356 [INFO] backtesting.backtester: Loaded OHLCV for KEY: shape=(798, 9)
2026-03-31 10:20:53,356 [INFO] backtesting.backtester: Requesting OHLCV for CPRT: 2020-11-27 → 2024-01-31 (provider=yahoo, cache_dir=data/cache/ohlcv, ttl=0)
2026-03-31 10:20:53,357 [INFO] backtesting.backtester: Loaded OHLCV for CPRT: shape=(798, 9)
2026-03-31 10:20:53,357 [INFO] backtesting.backtester: Requesting OHLCV for IQV: 2020-11-27 → 2024-01-31 (provider=yahoo, cache_dir=data/cache/ohlcv, ttl=0)
2026-03-31 10:20:53,359 [INFO] backtesting.backtester: Loaded OHLCV for IQV: shape=(798, 9)
2026-03-31 10:20:59,303 [WARNING] backtesting.signals: SignalEngine: all-NaN feature columns detected: ['delisted_date']
2026-03-31 10:20:59,311 [WARNING] backtesting.signals: SignalEngine: ensemble normalize=true ignored in backtest to avoid lookahead bias.

  [146/300] BKR… [146/300] BKR OHLCV window: first_date=2020-11-27, last_date=2024-01-31, n=798
  [147/300] MMM… [147/300] MMM OHLCV window: first_date=2020-11-27, last_date=2024-01-31, n=798
  [148/300] VRTX… [148/300] VRTX OHLCV window: first_date=2020-11-27, last_date=2024-01-31, n=798
  [149/300] MO… [149/300] MO OHLCV window: first_date=2020-11-27, last_date=2024-01-31, n=798
  [150/300] MCO… [150/300] MCO OHLCV window: first_date=2020-11-27, last_date=2024-01-31, n=798
  [151/300] LOW… [151/300] LOW OHLCV window: first_date=2020-11-27, last_date=2024-01-31, n=798
  [152/300] PGR… [152/300] PGR OHLCV window: first_date=2020-11-27, last_date=2024-01-31, n=798
  [153/300] CRH… [153/300] CRH OHLCV window: first_date=2020-11-27, last_date=2024-01-31, n=798
  [154/300] PWR… [154/300] PWR OHLCV window: first_date=2020-11-27, last_date=2024-01-31, n=798
  [155/300] XYZ… [155/300] XYZ OHLCV window: first_date=2020-11-27, last_date=2024-01-31, n=798
  [156/300] PSX… [156/300] PSX OHLCV window: first_date=2020-11-27, last_date=2024-01-31, n=798
  [157/300] ROST… [157/300] ROST OHLCV window: first_date=2020-11-27, last_date=2024-01-31, n=798
  [158/300] DASH… [158/300] DASH OHLCV window: first_date=2020-12-09, last_date=2024-01-30, n=789
  [159/300] EQIX… [159/300] EQIX OHLCV window: first_date=2020-11-27, last_date=2024-01-31, n=798
  [160/300] TTD… [160/300] TTD OHLCV window: first_date=2020-11-27, last_date=2024-01-31, n=798
  [161/300] HAL… [161/300] HAL OHLCV window: first_date=2020-11-27, last_date=2024-01-31, n=798
  [162/300] DUK… [162/300] DUK OHLCV window: first_date=2020-11-27, last_date=2024-01-31, n=798
  [163/300] NOC… [163/300] NOC OHLCV window: first_date=2020-11-27, last_date=2024-01-31, n=798
  [164/300] GM… [164/300] GM OHLCV window: first_date=2020-11-27, last_date=2024-01-31, n=798
  [165/300] CVS… [165/300] CVS OHLCV window: first_date=2020-11-27, last_date=2024-01-31, n=798
  [166/300] FIX… [166/300] FIX OHLCV window: first_date=2020-11-27, last_date=2024-01-31, n=798
  [167/300] MDLZ… [167/300] MDLZ OHLCV window: first_date=2020-11-27, last_date=2024-01-31, n=798
  [168/300] CB… [168/300] CB OHLCV window: first_date=2020-11-27, last_date=2024-01-31, n=798
  [169/300] EXPE… [169/300] EXPE OHLCV window: first_date=2020-11-27, last_date=2024-01-31, n=798
  [170/300] AMT… [170/300] AMT OHLCV window: first_date=2020-11-27, last_date=2024-01-31, n=798
  [171/300] HCA… [171/300] HCA OHLCV window: first_date=2020-11-27, last_date=2024-01-31, n=798
  [172/300] CL… [172/300] CL OHLCV window: first_date=2020-11-27, last_date=2024-01-31, n=798
  [173/300] HWM… [173/300] HWM OHLCV window: first_date=2020-11-27, last_date=2024-01-31, n=798
  [174/300] PNC… [174/300] PNC OHLCV window: first_date=2020-11-27, last_date=2024-01-31, n=798
  [175/300] MPWR… [175/300] MPWR OHLCV window: first_date=2020-11-27, last_date=2024-01-31, n=798
  [176/300] HLT… [176/300] HLT OHLCV window: first_date=2020-11-27, last_date=2024-01-31, n=798
  [177/300] MCHP… [177/300] MCHP OHLCV window: first_date=2020-11-27, last_date=2024-01-31, n=798
  [178/300] EQT… [178/300] EQT OHLCV window: first_date=2020-11-27, last_date=2024-01-31, n=798
  [179/300] USB… [179/300] USB OHLCV window: first_date=2020-11-27, last_date=2024-01-31, n=798
  [180/300] ADSK… [180/300] ADSK OHLCV window: first_date=2020-11-27, last_date=2024-01-31, n=798
  [181/300] CMG… [181/300] CMG OHLCV window: first_date=2020-11-27, last_date=2024-01-31, n=798
  [182/300] JCI… [182/300] JCI OHLCV window: first_date=2020-11-27, last_date=2024-01-31, n=798
  [183/300] TT… [183/300] TT OHLCV window: first_date=2020-11-27, last_date=2024-01-31, n=798
  [184/300] ORLY… [184/300] ORLY OHLCV window: first_date=2020-11-27, last_date=2024-01-31, n=798
  [185/300] ICE… [185/300] ICE OHLCV window: first_date=2020-11-27, last_date=2024-01-31, n=798
  [186/300] SHW… [186/300] SHW OHLCV window: first_date=2020-11-27, last_date=2024-01-31, n=798
  [187/300] LHX… [187/300] LHX OHLCV window: first_date=2020-11-27, last_date=2024-01-31, n=798
  [188/300] DDOG… [188/300] DDOG OHLCV window: first_date=2020-11-27, last_date=2024-01-31, n=798
  [189/300] KR… [189/300] KR OHLCV window: first_date=2020-11-27, last_date=2024-01-31, n=798
  [190/300] AZO… [190/300] AZO OHLCV window: first_date=2020-11-27, last_date=2024-01-31, n=798
  [191/300] DOW… [191/300] DOW OHLCV window: first_date=2020-11-27, last_date=2024-01-31, n=798
  [192/300] WM… [192/300] WM OHLCV window: first_date=2020-11-27, last_date=2024-01-31, n=798
  [193/300] ABNB… [193/300] ABNB OHLCV window: first_date=2020-12-10, last_date=2024-01-30, n=788
  [194/300] NRG… [194/300] NRG OHLCV window: first_date=2020-11-27, last_date=2024-01-31, n=798
  [195/300] SO… [195/300] SO OHLCV window: first_date=2020-11-27, last_date=2024-01-31, n=798
  [196/300] NXPI… [196/300] NXPI OHLCV window: first_date=2020-11-27, last_date=2024-01-31, n=798
  [197/300] MRSH… [197/300] MRSH OHLCV window: first_date=2020-11-27, last_date=2024-01-31, n=798
  [198/300] ZTS… [198/300] ZTS OHLCV window: first_date=2020-11-27, last_date=2024-01-31, n=798
  [199/300] ULTA… [199/300] ULTA OHLCV window: first_date=2020-11-27, last_date=2024-01-31, n=798
  [200/300] AEP… [200/300] AEP OHLCV window: first_date=2020-11-27, last_date=2024-01-31, n=798
  [201/300] CSX… [201/300] CSX OHLCV window: first_date=2020-11-27, last_date=2024-01-31, n=798
  [202/300] MSI… [202/300] MSI OHLCV window: first_date=2020-11-27, last_date=2024-01-31, n=798
  [203/300] KEYS… [203/300] KEYS OHLCV window: first_date=2020-11-27, last_date=2024-01-31, n=798
  [204/300] KMB… [204/300] KMB OHLCV window: first_date=2020-11-27, last_date=2024-01-31, n=798
  [205/300] MAR… [205/300] MAR OHLCV window: first_date=2020-11-27, last_date=2024-01-31, n=798
  [206/300] FITB… [206/300] FITB OHLCV window: first_date=2020-11-27, last_date=2024-01-31, n=798
  [207/300] LULU… [207/300] LULU OHLCV window: first_date=2020-11-27, last_date=2024-01-31, n=798
  [208/300] ROP… [208/300] ROP OHLCV window: first_date=2020-11-27, last_date=2024-01-31, n=798
  [209/300] MNST… [209/300] MNST OHLCV window: first_date=2020-11-27, last_date=2024-01-31, n=798
  [210/300] URI… [210/300] URI OHLCV window: first_date=2020-11-27, last_date=2024-01-31, n=798
  [211/300] LYV… [211/300] LYV OHLCV window: first_date=2020-11-27, last_date=2024-01-31, n=798
  [212/300] DG… [212/300] DG OHLCV window: first_date=2020-11-27, last_date=2024-01-31, n=798
  [213/300] CMI… [213/300] CMI OHLCV window: first_date=2020-11-27, last_date=2024-01-31, n=798
  [214/300] CI… [214/300] CI OHLCV window: first_date=2020-11-27, last_date=2024-01-31, n=798
  [215/300] AJG… [215/300] AJG OHLCV window: first_date=2020-11-27, last_date=2024-01-31, n=798
  [216/300] FTNT… [216/300] FTNT OHLCV window: first_date=2020-11-27, last_date=2024-01-31, n=798
  [217/300] NCLH… [217/300] NCLH OHLCV window: first_date=2020-11-27, last_date=2024-01-31, n=798
  [218/300] EA… [218/300] EA OHLCV window: first_date=2020-11-27, last_date=2024-01-31, n=798
  [219/300] ARES… [219/300] ARES OHLCV window: first_date=2020-11-27, last_date=2024-01-31, n=798
  [220/300] AKAM… [220/300] AKAM OHLCV window: first_date=2020-11-27, last_date=2024-01-31, n=798
  [221/300] WMB… [221/300] WMB OHLCV window: first_date=2020-11-27, last_date=2024-01-31, n=798
  [222/300] TDG… [222/300] TDG OHLCV window: first_date=2020-11-27, last_date=2024-01-31, n=798
  [223/300] COR… [223/300] COR OHLCV window: first_date=2020-11-27, last_date=2024-01-31, n=798
  [224/300] PLD… [224/300] PLD OHLCV window: first_date=2020-11-27, last_date=2024-01-31, n=798
  [225/300] TEL… [225/300] TEL OHLCV window: first_date=2020-11-27, last_date=2024-01-31, n=798
  [226/300] CTAS… [226/300] CTAS OHLCV window: first_date=2020-11-27, last_date=2024-01-31, n=798
  [227/300] AXON… [227/300] AXON OHLCV window: first_date=2020-11-27, last_date=2024-01-31, n=798
  [228/300] KMI… [228/300] KMI OHLCV window: first_date=2020-11-27, last_date=2024-01-31, n=798
  [229/300] MRNA… [229/300] MRNA OHLCV window: first_date=2020-11-27, last_date=2024-01-31, n=798
  [230/300] ECL… [230/300] ECL OHLCV window: first_date=2020-11-27, last_date=2024-01-31, n=798
  [231/300] EL… [231/300] EL OHLCV window: first_date=2020-11-27, last_date=2024-01-31, n=798
  [232/300] EXC… [232/300] EXC OHLCV window: first_date=2020-11-27, last_date=2024-01-31, n=798
  [233/300] FICO… [233/300] FICO OHLCV window: first_date=2020-11-27, last_date=2024-01-31, n=798
  [234/300] REGN… [234/300] REGN OHLCV window: first_date=2020-11-27, last_date=2024-01-31, n=798
  [235/300] OKE… [235/300] OKE OHLCV window: first_date=2020-11-27, last_date=2024-01-31, n=798
  [236/300] HBAN… [236/300] HBAN OHLCV window: first_date=2020-11-27, last_date=2024-01-31, n=798
  [237/300] AON… [237/300] AON OHLCV window: first_date=2020-11-27, last_date=2024-01-31, n=798
  [238/300] HPE… [238/300] HPE OHLCV window: first_date=2020-11-27, last_date=2024-01-31, n=798
  [239/300] GD… [239/300] GD OHLCV window: first_date=2020-11-27, last_date=2024-01-31, n=798
  [240/300] TRV… [240/300] TRV OHLCV window: first_date=2020-11-27, last_date=2024-01-31, n=798
  [241/300] EBAY… [241/300] EBAY OHLCV window: first_date=2020-11-27, last_date=2024-01-31, n=798
  [242/300] ODFL… [242/300] ODFL OHLCV window: first_date=2020-11-27, last_date=2024-01-31, n=798
  [243/300] KVUE… insufficient data
  [244/300] EXE… [244/300] EXE OHLCV window: first_date=2021-02-10, last_date=2024-01-30, n=747
  [245/300] TFC… [245/300] TFC OHLCV window: first_date=2020-11-27, last_date=2024-01-31, n=798
  [246/300] ON… [246/300] ON OHLCV window: first_date=2020-11-27, last_date=2024-01-31, n=798
  [247/300] PCG… [247/300] PCG OHLCV window: first_date=2020-11-27, last_date=2024-01-31, n=798
  [248/300] LUV… [248/300] LUV OHLCV window: first_date=2020-11-27, last_date=2024-01-31, n=798
  [249/300] BDX… [249/300] BDX OHLCV window: first_date=2020-11-27, last_date=2024-01-31, n=798
  [250/300] O… [250/300] O OHLCV window: first_date=2020-11-27, last_date=2024-01-31, n=798
  [251/300] PAYX… [251/300] PAYX OHLCV window: first_date=2020-11-27, last_date=2024-01-31, n=798
  [252/300] CTSH… [252/300] CTSH OHLCV window: first_date=2020-11-27, last_date=2024-01-31, n=798
  [253/300] CAH… [253/300] CAH OHLCV window: first_date=2020-11-27, last_date=2024-01-31, n=798
  [254/300] RF… [254/300] RF OHLCV window: first_date=2020-11-27, last_date=2024-01-31, n=798
  [255/300] APD… [255/300] APD OHLCV window: first_date=2020-11-27, last_date=2024-01-31, n=798
  [256/300] TTWO… [256/300] TTWO OHLCV window: first_date=2020-11-27, last_date=2024-01-31, n=798
  [257/300] VMC… [257/300] VMC OHLCV window: first_date=2020-11-27, last_date=2024-01-31, n=798
  [258/300] BK… [258/300] BK OHLCV window: first_date=2020-11-27, last_date=2024-01-31, n=798
  [259/300] GIS… [259/300] GIS OHLCV window: first_date=2020-11-27, last_date=2024-01-31, n=798
  [260/300] EMR… [260/300] EMR OHLCV window: first_date=2020-11-27, last_date=2024-01-31, n=798
  [261/300] DPZ… [261/300] DPZ OHLCV window: first_date=2020-11-27, last_date=2024-01-31, n=798
  [262/300] CTRA… [262/300] CTRA OHLCV window: first_date=2020-11-27, last_date=2024-01-31, n=798
  [263/300] KHC… [263/300] KHC OHLCV window: first_date=2020-11-27, last_date=2024-01-31, n=798
  [264/300] VRSK… [264/300] VRSK OHLCV window: first_date=2020-11-27, last_date=2024-01-31, n=798
  [265/300] PSA… [265/300] PSA OHLCV window: first_date=2020-11-27, last_date=2024-01-31, n=798
  [266/300] DHI… [266/300] DHI OHLCV window: first_date=2020-11-27, last_date=2024-01-31, n=798
  [267/300] OMC… [267/300] OMC OHLCV window: first_date=2020-11-27, last_date=2024-01-31, n=798
  [268/300] FSLR… [268/300] FSLR OHLCV window: first_date=2020-11-27, last_date=2024-01-31, n=798
  [269/300] TRGP… [269/300] TRGP OHLCV window: first_date=2020-11-27, last_date=2024-01-31, n=798
  [270/300] CARR… [270/300] CARR OHLCV window: first_date=2020-11-27, last_date=2024-01-31, n=798
  [271/300] NSC… [271/300] NSC OHLCV window: first_date=2020-11-27, last_date=2024-01-31, n=798
  [272/300] EW… [272/300] EW OHLCV window: first_date=2020-11-27, last_date=2024-01-31, n=798
  [273/300] ROK… [273/300] ROK OHLCV window: first_date=2020-11-27, last_date=2024-01-31, n=798
  [274/300] FISV… [274/300] FISV OHLCV window: first_date=2020-11-27, last_date=2024-01-31, n=798
  [275/300] FAST… [275/300] FAST OHLCV window: first_date=2020-11-27, last_date=2024-01-31, n=798
  [276/300] MLM… [276/300] MLM OHLCV window: first_date=2020-11-27, last_date=2024-01-31, n=798
  [277/300] HSY… [277/300] HSY OHLCV window: first_date=2020-11-27, last_date=2024-01-31, n=798
  [278/300] ITW… [278/300] ITW OHLCV window: first_date=2020-11-27, last_date=2024-01-31, n=798
  [279/300] XEL… [279/300] XEL OHLCV window: first_date=2020-11-27, last_date=2024-01-31, n=798
  [280/300] APA… [280/300] APA OHLCV window: first_date=2020-11-27, last_date=2024-01-31, n=798
  [281/300] WAT… [281/300] WAT OHLCV window: first_date=2020-11-27, last_date=2024-01-31, n=798
  [282/300] JBL… [282/300] JBL OHLCV window: first_date=2020-11-27, last_date=2024-01-31, n=798
  [283/300] PCAR… [283/300] PCAR OHLCV window: first_date=2020-11-27, last_date=2024-01-31, n=798
  [284/300] ALB… [284/300] ALB OHLCV window: first_date=2020-11-27, last_date=2024-01-31, n=798
  [285/300] AIG… [285/300] AIG OHLCV window: first_date=2020-11-27, last_date=2024-01-31, n=798
  [286/300] BBY… [286/300] BBY OHLCV window: first_date=2020-11-27, last_date=2024-01-31, n=798
  [287/300] HPQ… [287/300] HPQ OHLCV window: first_date=2020-11-27, last_date=2024-01-31, n=798
  [288/300] DLTR… [288/300] DLTR OHLCV window: first_date=2020-11-27, last_date=2024-01-31, n=798
  [289/300] DLR… [289/300] DLR OHLCV window: first_date=2020-11-27, last_date=2024-01-31, n=798
  [290/300] AME… [290/300] AME OHLCV window: first_date=2020-11-27, last_date=2024-01-31, n=798
  [291/300] IBKR… [291/300] IBKR OHLCV window: first_date=2020-11-27, last_date=2024-01-31, n=798
  [292/300] DRI… [292/300] DRI OHLCV window: first_date=2020-11-27, last_date=2024-01-31, n=798
  [293/300] SPG… [293/300] SPG OHLCV window: first_date=2020-11-27, last_date=2024-01-31, n=798
  [294/300] OTIS… [294/300] OTIS OHLCV window: first_date=2020-11-27, last_date=2024-01-31, n=798
  [295/300] SRE… [295/300] SRE OHLCV window: first_date=2020-11-27, last_date=2024-01-31, n=798
  [296/300] MOS… [296/300] MOS OHLCV window: first_date=2020-11-27, last_date=2024-01-31, n=798
  [297/300] CTVA… [297/300] CTVA OHLCV window: first_date=2020-11-27, last_date=2024-01-31, n=798
  [298/300] KEY… [298/300] KEY OHLCV window: first_date=2020-11-27, last_date=2024-01-31, n=798
  [299/300] CPRT… [299/300] CPRT OHLCV window: first_date=2020-11-27, last_date=2024-01-31, n=798
  [300/300] IQV… [300/300] IQV OHLCV window: first_date=2020-11-27, last_date=2024-01-31, n=798
  [signals 1/295] NVDA… 798 bars, 657 signals
  [signals 2/295] TSLA… 798 bars, 692 signals
  [signals 3/295] MU… 798 bars, 764 signals
  [signals 4/295] MSFT… 798 bars, 755 signals
  [signals 5/295] AAPL… 798 bars, 774 signals
  [signals 6/295] AVGO… 798 bars, 760 signals
  [signals 7/295] AMZN… 798 bars, 768 signals
  [signals 8/295] GOOGL… 798 bars, 769 signals
  [signals 9/295] META… 798 bars, 743 signals
  [signals 10/295] PLTR… 798 bars, 719 signals
  [signals 11/295] AMD… 798 bars, 723 signals
  [signals 12/295] GOOG… 798 bars, 759 signals
  [signals 13/295] LITE… 798 bars, 751 signals
  [signals 14/295] NFLX… 798 bars, 718 signals
  [signals 15/295] ORCL… 798 bars, 736 signals
  [signals 16/295] INTC… 798 bars, 755 signals
  [signals 17/295] XOM… 798 bars, 700 signals
  [signals 18/295] JPM… 798 bars, 723 signals
  [signals 19/295] VRT… 798 bars, 678 signals
  [signals 20/295] CVX… 798 bars, 726 signals
  [signals 21/295] CRM… 798 bars, 756 signals
  [signals 22/295] LLY… 798 bars, 692 signals
  [signals 23/295] COHR… 798 bars, 740 signals
  [signals 24/295] WMT… 798 bars, 784 signals
  [signals 25/295] WDC… 798 bars, 739 signals
  [signals 26/295] COIN… 704 bars, 579 signals
  [signals 27/295] UNH…2026-03-31 10:21:27,255 [INFO] backtesting.backtester: Loaded SPY for vol scaling: shape=(798, 9)
2026-03-31 10:21:27,255 [WARNING] backtesting.backtester: Excluding tickers with insufficient history (<252 days before start_date): CEG, HOOD
2026-03-31 10:21:29,568 [INFO] backtesting.backtester: Precomputed regime score std: {'Bull': 0.01038117370070494, 'Bear': 0.010936939963760075, 'Sideways': 0.009652856672274128, 'Crisis': 0.013559572086636714}
2026-03-31 10:21:32,490 [INFO] backtesting.backtester: Signal inclusion summary: days=501, avg_candidates_per_day=282.04, max_candidates_on_day=295
2026-03-31 10:22:01,552 [INFO] backtesting.backtester: Precomputed regime score std: {'Bull': 0.01038117370070494, 'Bear': 0.010936939963760075, 'Sideways': 0.009652856672274128, 'Crisis': 0.013559572086636714}
2026-03-31 10:22:04,322 [INFO] backtesting.backtester: Signal inclusion summary: days=501, avg_candidates_per_day=282.04, max_candidates_on_day=295
2026-03-31 10:22:34,343 [INFO] backtesting.backtester: Precomputed regime score std: {'Bull': 0.01038117370070494, 'Bear': 0.010936939963760075, 'Sideways': 0.009652856672274128, 'Crisis': 0.013559572086636714}
2026-03-31 10:22:37,154 [INFO] backtesting.backtester: Signal inclusion summary: days=501, avg_candidates_per_day=282.04, max_candidates_on_day=295
2026-03-31 10:23:05,368 [WARNING] strategy.regime_multipliers: Bull multiplier 0.0000 is outside (0, 3.0]. Using 1.0 fallback.
2026-03-31 10:23:05,368 [WARNING] strategy.regime_multipliers: Bear multiplier 0.0000 is outside (0, 3.0]. Using 1.0 fallback.
2026-03-31 10:23:05,368 [WARNING] strategy.regime_multipliers: Sideways multiplier 0.3000 is outside recommended 0.5-2.0 range.
2026-03-31 10:23:05,368 [WARNING] strategy.regime_multipliers: Crisis multiplier 0.0000 is outside (0, 3.0]. Using 1.0 fallback.
2026-03-31 10:23:05,368 [INFO] backtesting.backtester: Regime multipliers loaded: {'Bull': 1.0, 'Bear': 1.0, 'Sideways': 0.3, 'Crisis': 1.0}
2026-03-31 10:23:05,368 [INFO] backtesting.backtester: Requesting OHLCV for NVDA: 2020-11-27 → 2024-01-31 (provider=yahoo, cache_dir=data/cache/ohlcv, ttl=0)
2026-03-31 10:23:05,371 [INFO] backtesting.backtester: Loaded OHLCV for NVDA: shape=(798, 9)
2026-03-31 10:23:05,371 [INFO] backtesting.backtester: Requesting OHLCV for TSLA: 2020-11-27 → 2024-01-31 (provider=yahoo, cache_dir=data/cache/ohlcv, ttl=0)
2026-03-31 10:23:05,374 [INFO] backtesting.backtester: Loaded OHLCV for TSLA: shape=(798, 9)
2026-03-31 10:23:05,374 [INFO] backtesting.backtester: Requesting OHLCV for MU: 2020-11-27 → 2024-01-31 (provider=yahoo, cache_dir=data/cache/ohlcv, ttl=0)
2026-03-31 10:23:05,376 [INFO] backtesting.backtester: Loaded OHLCV for MU: shape=(798, 9)
2026-03-31 10:23:05,376 [INFO] backtesting.backtester: Requesting OHLCV for MSFT: 2020-11-27 → 2024-01-31 (provider=yahoo, cache_dir=data/cache/ohlcv, ttl=0)
2026-03-31 10:23:05,378 [INFO] backtesting.backtester: Loaded OHLCV for MSFT: shape=(798, 9)
2026-03-31 10:23:05,378 [INFO] backtesting.backtester: Requesting OHLCV for SNDK: 2020-11-27 → 2024-01-31 (provider=yahoo, cache_dir=data/cache/ohlcv, ttl=0)
2026-03-31 10:23:05,381 [ERROR] yfinance: $SNDK: possibly delisted; no price data found  (1d 2020-11-27 00:00:00 -> 2024-01-31 00:00:00) (Yahoo error = "Data doesn't exist for startDate = 1606453200, endDate = 1706677200")
2026-03-31 10:23:05,392 [ERROR] yfinance: 
1 Failed download:
2026-03-31 10:23:05,392 [ERROR] yfinance: ['SNDK']: possibly delisted; no price data found  (1d 2020-11-27 00:00:00 -> 2024-01-31 00:00:00) (Yahoo error = "Data doesn't exist for startDate = 1606453200, endDate = 1706677200")
2026-03-31 10:23:05,571 [INFO] backtesting.backtester: Loaded OHLCV for SNDK: shape=(0, 5)
2026-03-31 10:23:05,571 [WARNING] backtesting.backtester: Skipping SNDK due to insufficient data (len=0 < 210 bars)
2026-03-31 10:23:05,571 [INFO] backtesting.backtester: Requesting OHLCV for AAPL: 2020-11-27 → 2024-01-31 (provider=yahoo, cache_dir=data/cache/ohlcv, ttl=0)
2026-03-31 10:23:05,577 [INFO] backtesting.backtester: Loaded OHLCV for AAPL: shape=(798, 9)
2026-03-31 10:23:05,577 [INFO] backtesting.backtester: Requesting OHLCV for AVGO: 2020-11-27 → 2024-01-31 (provider=yahoo, cache_dir=data/cache/ohlcv, ttl=0)
2026-03-31 10:23:05,580 [INFO] backtesting.backtester: Loaded OHLCV for AVGO: shape=(798, 9)
2026-03-31 10:23:05,580 [INFO] backtesting.backtester: Requesting OHLCV for AMZN: 2020-11-27 → 2024-01-31 (provider=yahoo, cache_dir=data/cache/ohlcv, ttl=0)
2026-03-31 10:23:05,582 [INFO] backtesting.backtester: Loaded OHLCV for AMZN: shape=(798, 9)
2026-03-31 10:23:05,582 [INFO] backtesting.backtester: Requesting OHLCV for GOOGL: 2020-11-27 → 2024-01-31 (provider=yahoo, cache_dir=data/cache/ohlcv, ttl=0)
2026-03-31 10:23:05,584 [INFO] backtesting.backtester: Loaded OHLCV for GOOGL: shape=(798, 9)
2026-03-31 10:23:05,584 [INFO] backtesting.backtester: Requesting OHLCV for META: 2020-11-27 → 2024-01-31 (provider=yahoo, cache_dir=data/cache/ohlcv, ttl=0)
2026-03-31 10:23:05,586 [INFO] backtesting.backtester: Loaded OHLCV for META: shape=(798, 9)
2026-03-31 10:23:05,586 [INFO] backtesting.backtester: Requesting OHLCV for PLTR: 2020-11-27 → 2024-01-31 (provider=yahoo, cache_dir=data/cache/ohlcv, ttl=0)
2026-03-31 10:23:05,588 [INFO] backtesting.backtester: Loaded OHLCV for PLTR: shape=(798, 9)
2026-03-31 10:23:05,588 [INFO] backtesting.backtester: Requesting OHLCV for AMD: 2020-11-27 → 2024-01-31 (provider=yahoo, cache_dir=data/cache/ohlcv, ttl=0)
2026-03-31 10:23:05,589 [INFO] backtesting.backtester: Loaded OHLCV for AMD: shape=(798, 9)
2026-03-31 10:23:05,589 [INFO] backtesting.backtester: Requesting OHLCV for GOOG: 2020-11-27 → 2024-01-31 (provider=yahoo, cache_dir=data/cache/ohlcv, ttl=0)
2026-03-31 10:23:05,591 [INFO] backtesting.backtester: Loaded OHLCV for GOOG: shape=(798, 9)
2026-03-31 10:23:05,591 [INFO] backtesting.backtester: Requesting OHLCV for LITE: 2020-11-27 → 2024-01-31 (provider=yahoo, cache_dir=data/cache/ohlcv, ttl=0)
2026-03-31 10:23:05,593 [INFO] backtesting.backtester: Loaded OHLCV for LITE: shape=(798, 9)
2026-03-31 10:23:05,593 [INFO] backtesting.backtester: Requesting OHLCV for NFLX: 2020-11-27 → 2024-01-31 (provider=yahoo, cache_dir=data/cache/ohlcv, ttl=0)
2026-03-31 10:23:05,595 [INFO] backtesting.backtester: Loaded OHLCV for NFLX: shape=(798, 9)
2026-03-31 10:23:05,595 [INFO] backtesting.backtester: Requesting OHLCV for ORCL: 2020-11-27 → 2024-01-31 (provider=yahoo, cache_dir=data/cache/ohlcv, ttl=0)
2026-03-31 10:23:05,596 [INFO] backtesting.backtester: Loaded OHLCV for ORCL: shape=(798, 9)
2026-03-31 10:23:05,596 [INFO] backtesting.backtester: Requesting OHLCV for INTC: 2020-11-27 → 2024-01-31 (provider=yahoo, cache_dir=data/cache/ohlcv, ttl=0)
2026-03-31 10:23:05,598 [INFO] backtesting.backtester: Loaded OHLCV for INTC: shape=(798, 9)
2026-03-31 10:23:05,598 [INFO] backtesting.backtester: Requesting OHLCV for XOM: 2020-11-27 → 2024-01-31 (provider=yahoo, cache_dir=data/cache/ohlcv, ttl=0)
2026-03-31 10:23:05,600 [INFO] backtesting.backtester: Loaded OHLCV for XOM: shape=(798, 9)
2026-03-31 10:23:05,600 [INFO] backtesting.backtester: Requesting OHLCV for JPM: 2020-11-27 → 2024-01-31 (provider=yahoo, cache_dir=data/cache/ohlcv, ttl=0)
2026-03-31 10:23:05,602 [INFO] backtesting.backtester: Loaded OHLCV for JPM: shape=(798, 9)
2026-03-31 10:23:05,602 [INFO] backtesting.backtester: Requesting OHLCV for VRT: 2020-11-27 → 2024-01-31 (provider=yahoo, cache_dir=data/cache/ohlcv, ttl=0)
2026-03-31 10:23:05,603 [INFO] backtesting.backtester: Loaded OHLCV for VRT: shape=(798, 9)
2026-03-31 10:23:05,603 [INFO] backtesting.backtester: Requesting OHLCV for CVX: 2020-11-27 → 2024-01-31 (provider=yahoo, cache_dir=data/cache/ohlcv, ttl=0)
2026-03-31 10:23:05,605 [INFO] backtesting.backtester: Loaded OHLCV for CVX: shape=(798, 9)
2026-03-31 10:23:05,605 [INFO] backtesting.backtester: Requesting OHLCV for CRM: 2020-11-27 → 2024-01-31 (provider=yahoo, cache_dir=data/cache/ohlcv, ttl=0)
2026-03-31 10:23:05,607 [INFO] backtesting.backtester: Loaded OHLCV for CRM: shape=(798, 9)
2026-03-31 10:23:05,607 [INFO] backtesting.backtester: Requesting OHLCV for LLY: 2020-11-27 → 2024-01-31 (provider=yahoo, cache_dir=data/cache/ohlcv, ttl=0)
2026-03-31 10:23:05,608 [INFO] backtesting.backtester: Loaded OHLCV for LLY: shape=(798, 9)
 798 bars, 766 signals
  [signals 28/295] LRCX… 798 bars, 741 signals
  [signals 29/295] AMAT… 798 bars, 737 signals
  [signals 30/295] APP… 703 bars, 548 signals
  [signals 31/295] BAC… 798 bars, 752 signals
  [signals 32/295] V… 798 bars, 777 signals
  [signals 33/295] GS… 798 bars, 728 signals
  [signals 34/295] JNJ… 798 bars, 785 signals
  [signals 35/295] CAT… 798 bars, 723 signals
  [signals 36/295] NOW… 798 bars, 732 signals
  [signals 37/295] GLW… 798 bars, 784 signals
  [signals 38/295] INTU… 798 bars, 756 signals
  [signals 39/295] CSCO… 798 bars, 782 signals
  [signals 40/295] COST… 798 bars, 772 signals
  [signals 41/295] BKNG… 798 bars, 717 signals
  [signals 42/295] CRWD… 798 bars, 713 signals
  [signals 43/295] C… 798 bars, 741 signals
  [signals 44/295] PG… 798 bars, 781 signals
  [signals 45/295] MA… 798 bars, 771 signals
  [signals 46/295] ADBE… 798 bars, 783 signals
  [signals 47/295] ACN… 798 bars, 773 signals
  [signals 48/295] QCOM… 798 bars, 767 signals
  [signals 49/295] GE… 798 bars, 708 signals
  [signals 50/295] DELL… 798 bars, 745 signals
  [signals 51/295] ABBV… 798 bars, 754 signals
  [signals 52/295] WFC… 798 bars, 762 signals
  [signals 53/295] BA… 798 bars, 709 signals
  [signals 54/295] KLAC… 798 bars, 741 signals
  [signals 55/295] IBM… 798 bars, 746 signals
  [signals 56/295] HD… 798 bars, 762 signals
  [signals 57/295] COP… 798 bars, 671 signals
  [signals 58/295] STX… 798 bars, 733 signals
  [signals 59/295] UBER… 798 bars, 736 signals
  [signals 60/295] LIN… 798 bars, 743 signals
  [signals 61/295] VZ… 798 bars, 783 signals
  [signals 62/295] APH… 798 bars, 767 signals
  [signals 63/295] ABT… 798 bars, 760 signals
  [signals 64/295] NEM… 798 bars, 782 signals
  [signals 65/295] AXP… 798 bars, 739 signals
  [signals 66/295] KO… 798 bars, 785 signals
  [signals 67/295] ADI… 798 bars, 764 signals
  [signals 68/295] PANW… 798 bars, 742 signals
  [signals 69/295] TXN… 798 bars, 779 signals
  [signals 70/295] RTX… 798 bars, 755 signals
  [signals 71/295] BX… 798 bars, 699 signals
  [signals 72/295] T… 798 bars, 760 signals
  [signals 73/295] MRK… 798 bars, 756 signals
  [signals 74/295] MS… 798 bars, 726 signals
  [signals 75/295] CIEN… 798 bars, 752 signals
  [signals 76/295] LMT… 798 bars, 764 signals
  [signals 77/295] OXY… 798 bars, 685 signals
  [signals 78/295] DIS… 798 bars, 760 signals
  [signals 79/295] FCX… 798 bars, 718 signals
  [signals 80/295] TMUS… 798 bars, 770 signals
  [signals 81/295] SMCI… 798 bars, 657 signals
  [signals 82/295] PFE… 798 bars, 789 signals
  [signals 83/295] CMCSA… 798 bars, 783 signals
  [signals 84/295] VLO… 798 bars, 704 signals
  [signals 85/295] TER… 798 bars, 741 signals
  [signals 86/295] COF… 798 bars, 743 signals
  [signals 87/295] TMO… 798 bars, 764 signals
  [signals 88/295] MCD… 798 bars, 754 signals
  [signals 89/295] PEP… 798 bars, 787 signals
  [signals 90/295] SLB… 798 bars, 699 signals
  [signals 91/295] BLK… 798 bars, 766 signals
  [signals 92/295] SNPS… 798 bars, 749 signals
  [signals 93/295] NEE… 798 bars, 737 signals
  [signals 94/295] SPGI… 798 bars, 780 signals
  [signals 95/295] AMGN… 798 bars, 756 signals
  [signals 96/295] ETN… 798 bars, 757 signals
  [signals 97/295] DAL… 798 bars, 720 signals
  [signals 98/295] GILD… 798 bars, 785 signals
  [signals 99/295] HON… 798 bars, 780 signals
  [signals 100/295] ADP… 798 bars, 760 signals
  [signals 101/295] BSX… 798 bars, 759 signals
  [signals 102/295] PYPL… 798 bars, 762 signals
  [signals 103/295] PM… 798 bars, 747 signals
  [signals 104/295] CVNA… 798 bars, 623 signals
  [signals 105/295] UAL… 798 bars, 727 signals
  [signals 106/295] NKE… 798 bars, 760 signals
  [signals 107/295] ANET… 798 bars, 730 signals
  [signals 108/295] DVN… 798 bars, 666 signals
  [signals 109/295] BMY… 798 bars, 769 signals
  [signals 110/295] CF… 798 bars, 725 signals
  [signals 111/295] SCHW… 798 bars, 731 signals
  [signals 112/295] SATS… 798 bars, 748 signals
  [signals 113/295] WBD… 798 bars, 724 signals
  [signals 114/295] PH… 798 bars, 737 signals
  [signals 115/295] EOG… 798 bars, 676 signals
  [signals 116/295] KKR… 798 bars, 716 signals
  [signals 117/295] TGT… 798 bars, 752 signals
  [signals 118/295] RCL… 798 bars, 668 signals
  [signals 119/295] SBUX… 798 bars, 769 signals
  [signals 120/295] DE… 798 bars, 704 signals
  [signals 121/295] FDX… 798 bars, 776 signals
  [signals 122/295] F… 798 bars, 698 signals
  [signals 123/295] CCL… 798 bars, 698 signals
  [signals 124/295] ISRG… 798 bars, 727 signals
  [signals 125/295] VST… 798 bars, 773 signals
  [signals 126/295] DHR… 798 bars, 769 signals
  [signals 127/295] UPS… 798 bars, 770 signals
  [signals 128/295] SYK… 798 bars, 764 signals
  [signals 129/295] WDAY… 798 bars, 728 signals
  [signals 130/295] APO… 798 bars, 740 signals
  [signals 131/295] TJX… 798 bars, 790 signals
  [signals 132/295] UNP… 798 bars, 770 signals
  [signals 133/295] ELV… 798 bars, 760 signals
  [signals 134/295] MPC… 798 bars, 678 signals
  [signals 135/295] MDT… 798 bars, 782 signals
  [signals 136/295] CME… 798 bars, 767 signals
  [signals 137/295] CDNS… 798 bars, 751 signals
  [signals 138/295] FANG… 798 bars, 672 signals
  [signals 139/295] MCK… 798 bars, 740 signals
  [signals 140/295] LYB… 798 bars, 761 signals
  [signals 141/295] WELL… 798 bars, 731 signals
  [signals 142/295] BKR… 798 bars, 759 signals
  [signals 143/295] MMM… 798 bars, 779 signals
  [signals 144/295] VRTX… 798 bars, 737 signals
  [signals 145/295] MO… 798 bars, 754 signals
  [signals 146/295] MCO… 798 bars, 768 signals
  [signals 147/295] LOW… 798 bars, 758 signals
  [signals 148/295] PGR… 798 bars, 758 signals
  [signals 149/295] CRH… 798 bars, 753 signals
  [signals 150/295] PWR… 798 bars, 707 signals
  [signals 151/295] XYZ… 798 bars, 709 signals
  [signals 152/295] PSX… 798 bars, 714 signals
  [signals 153/295] ROST… 798 bars, 777 signals
  [signals 154/295] DASH… 789 bars, 704 signals
  [signals 155/295] EQIX… 798 bars, 744 signals
  [signals 156/295] TTD… 798 bars, 711 signals
  [signals 157/295] HAL… 798 bars, 703 signals
  [signals 158/295] DUK… 798 bars, 777 signals
  [signals 159/295] NOC… 798 bars, 782 signals
  [signals 160/295] GM… 798 bars, 739 signals
  [signals 161/295] CVS… 798 bars, 765 signals
  [signals 162/295] FIX… 798 bars, 705 signals
  [signals 163/295] MDLZ… 798 bars, 746 signals
  [signals 164/295] CB… 798 bars, 777 signals
  [signals 165/295] EXPE… 798 bars, 715 signals
  [signals 166/295] AMT… 798 bars, 764 signals
  [signals 167/295] HCA… 798 bars, 763 signals
  [signals 168/295] CL… 798 bars, 787 signals
  [signals 169/295] HWM… 798 bars, 736 signals
  [signals 170/295] PNC… 798 bars, 771 signals
  [signals 171/295] MPWR… 798 bars, 711 signals
  [signals 172/295] HLT… 798 bars, 750 signals
  [signals 173/295] MCHP… 798 bars, 750 signals
  [signals 174/295] EQT… 798 bars, 732 signals
  [signals 175/295] USB… 798 bars, 761 signals
  [signals 176/295] ADSK… 798 bars, 758 signals
  [signals 177/295] CMG… 798 bars, 735 signals
  [signals 178/295] JCI… 798 bars, 731 signals
  [signals 179/295] TT… 798 bars, 759 signals
  [signals 180/295] ORLY… 798 bars, 735 signals
  [signals 181/295] ICE… 798 bars, 784 signals
  [signals 182/295] SHW… 798 bars, 783 signals
  [signals 183/295] LHX… 798 bars, 770 signals
  [signals 184/295] DDOG… 798 bars, 743 signals
  [signals 185/295] KR… 798 bars, 774 signals
  [signals 186/295] AZO… 798 bars, 743 signals
  [signals 187/295] DOW… 798 bars, 775 signals
  [signals 188/295] WM… 798 bars, 764 signals
  [signals 189/295] ABNB… 788 bars, 715 signals
  [signals 190/295] NRG… 798 bars, 743 signals
  [signals 191/295] SO… 798 bars, 774 signals
  [signals 192/295] NXPI… 798 bars, 759 signals
  [signals 193/295] MRSH… 798 bars, 768 signals
  [signals 194/295] ZTS… 798 bars, 785 signals
  [signals 195/295] ULTA… 798 bars, 744 signals2026-03-31 10:23:05,608 [INFO] backtesting.backtester: Requesting OHLCV for COHR: 2020-11-27 → 2024-01-31 (provider=yahoo, cache_dir=data/cache/ohlcv, ttl=0)
2026-03-31 10:23:05,610 [INFO] backtesting.backtester: Loaded OHLCV for COHR: shape=(798, 9)
2026-03-31 10:23:05,610 [INFO] backtesting.backtester: Requesting OHLCV for WMT: 2020-11-27 → 2024-01-31 (provider=yahoo, cache_dir=data/cache/ohlcv, ttl=0)
2026-03-31 10:23:05,612 [INFO] backtesting.backtester: Loaded OHLCV for WMT: shape=(798, 9)
2026-03-31 10:23:05,612 [INFO] backtesting.backtester: Requesting OHLCV for WDC: 2020-11-27 → 2024-01-31 (provider=yahoo, cache_dir=data/cache/ohlcv, ttl=0)
2026-03-31 10:23:05,613 [INFO] backtesting.backtester: Loaded OHLCV for WDC: shape=(798, 9)
2026-03-31 10:23:05,613 [INFO] backtesting.backtester: Requesting OHLCV for COIN: 2020-11-27 → 2024-01-31 (provider=yahoo, cache_dir=data/cache/ohlcv, ttl=0)
2026-03-31 10:23:05,633 [INFO] backtesting.backtester: Loaded OHLCV for COIN: shape=(704, 9)
2026-03-31 10:23:05,633 [INFO] backtesting.backtester: Requesting OHLCV for UNH: 2020-11-27 → 2024-01-31 (provider=yahoo, cache_dir=data/cache/ohlcv, ttl=0)
2026-03-31 10:23:05,634 [INFO] backtesting.backtester: Loaded OHLCV for UNH: shape=(798, 9)
2026-03-31 10:23:05,634 [INFO] backtesting.backtester: Requesting OHLCV for LRCX: 2020-11-27 → 2024-01-31 (provider=yahoo, cache_dir=data/cache/ohlcv, ttl=0)
2026-03-31 10:23:05,636 [INFO] backtesting.backtester: Loaded OHLCV for LRCX: shape=(798, 9)
2026-03-31 10:23:05,636 [INFO] backtesting.backtester: Requesting OHLCV for AMAT: 2020-11-27 → 2024-01-31 (provider=yahoo, cache_dir=data/cache/ohlcv, ttl=0)
2026-03-31 10:23:05,638 [INFO] backtesting.backtester: Loaded OHLCV for AMAT: shape=(798, 9)
2026-03-31 10:23:05,638 [INFO] backtesting.backtester: Requesting OHLCV for APP: 2020-11-27 → 2024-01-31 (provider=yahoo, cache_dir=data/cache/ohlcv, ttl=0)
2026-03-31 10:23:05,656 [INFO] backtesting.backtester: Loaded OHLCV for APP: shape=(703, 9)
2026-03-31 10:23:05,656 [INFO] backtesting.backtester: Requesting OHLCV for BAC: 2020-11-27 → 2024-01-31 (provider=yahoo, cache_dir=data/cache/ohlcv, ttl=0)
2026-03-31 10:23:05,658 [INFO] backtesting.backtester: Loaded OHLCV for BAC: shape=(798, 9)
2026-03-31 10:23:05,658 [INFO] backtesting.backtester: Requesting OHLCV for V: 2020-11-27 → 2024-01-31 (provider=yahoo, cache_dir=data/cache/ohlcv, ttl=0)
2026-03-31 10:23:05,659 [INFO] backtesting.backtester: Loaded OHLCV for V: shape=(798, 9)
2026-03-31 10:23:05,659 [INFO] backtesting.backtester: Requesting OHLCV for GEV: 2020-11-27 → 2024-01-31 (provider=yahoo, cache_dir=data/cache/ohlcv, ttl=0)
2026-03-31 10:23:05,661 [ERROR] yfinance: $GEV: possibly delisted; no price data found  (1d 2020-11-27 00:00:00 -> 2024-01-31 00:00:00) (Yahoo error = "Data doesn't exist for startDate = 1606453200, endDate = 1706677200")
2026-03-31 10:23:05,673 [ERROR] yfinance: 
1 Failed download:
2026-03-31 10:23:05,673 [ERROR] yfinance: ['GEV']: possibly delisted; no price data found  (1d 2020-11-27 00:00:00 -> 2024-01-31 00:00:00) (Yahoo error = "Data doesn't exist for startDate = 1606453200, endDate = 1706677200")
2026-03-31 10:23:05,911 [INFO] backtesting.backtester: Loaded OHLCV for GEV: shape=(0, 5)
2026-03-31 10:23:05,911 [WARNING] backtesting.backtester: Skipping GEV due to insufficient data (len=0 < 210 bars)
2026-03-31 10:23:05,911 [INFO] backtesting.backtester: Requesting OHLCV for GS: 2020-11-27 → 2024-01-31 (provider=yahoo, cache_dir=data/cache/ohlcv, ttl=0)
2026-03-31 10:23:05,916 [INFO] backtesting.backtester: Loaded OHLCV for GS: shape=(798, 9)
2026-03-31 10:23:05,916 [INFO] backtesting.backtester: Requesting OHLCV for HOOD: 2020-11-27 → 2024-01-31 (provider=yahoo, cache_dir=data/cache/ohlcv, ttl=0)
2026-03-31 10:23:05,935 [INFO] backtesting.backtester: Loaded OHLCV for HOOD: shape=(630, 9)
2026-03-31 10:23:05,935 [WARNING] backtesting.backtester: Excluding HOOD due to insufficient pre-history: first_date=2021-07-29 00:00:00, required=252 days before 2022-01-01 00:00:00
2026-03-31 10:23:05,935 [INFO] backtesting.backtester: Requesting OHLCV for JNJ: 2020-11-27 → 2024-01-31 (provider=yahoo, cache_dir=data/cache/ohlcv, ttl=0)
2026-03-31 10:23:05,936 [INFO] backtesting.backtester: Loaded OHLCV for JNJ: shape=(798, 9)
2026-03-31 10:23:05,937 [INFO] backtesting.backtester: Requesting OHLCV for CAT: 2020-11-27 → 2024-01-31 (provider=yahoo, cache_dir=data/cache/ohlcv, ttl=0)
2026-03-31 10:23:05,938 [INFO] backtesting.backtester: Loaded OHLCV for CAT: shape=(798, 9)
2026-03-31 10:23:05,938 [INFO] backtesting.backtester: Requesting OHLCV for NOW: 2020-11-27 → 2024-01-31 (provider=yahoo, cache_dir=data/cache/ohlcv, ttl=0)
2026-03-31 10:23:05,940 [INFO] backtesting.backtester: Loaded OHLCV for NOW: shape=(798, 9)
2026-03-31 10:23:05,940 [INFO] backtesting.backtester: Requesting OHLCV for GLW: 2020-11-27 → 2024-01-31 (provider=yahoo, cache_dir=data/cache/ohlcv, ttl=0)
2026-03-31 10:23:05,942 [INFO] backtesting.backtester: Loaded OHLCV for GLW: shape=(798, 9)
2026-03-31 10:23:05,942 [INFO] backtesting.backtester: Requesting OHLCV for INTU: 2020-11-27 → 2024-01-31 (provider=yahoo, cache_dir=data/cache/ohlcv, ttl=0)
2026-03-31 10:23:05,943 [INFO] backtesting.backtester: Loaded OHLCV for INTU: shape=(798, 9)
2026-03-31 10:23:05,943 [INFO] backtesting.backtester: Requesting OHLCV for CSCO: 2020-11-27 → 2024-01-31 (provider=yahoo, cache_dir=data/cache/ohlcv, ttl=0)
2026-03-31 10:23:05,945 [INFO] backtesting.backtester: Loaded OHLCV for CSCO: shape=(798, 9)
2026-03-31 10:23:05,945 [INFO] backtesting.backtester: Requesting OHLCV for COST: 2020-11-27 → 2024-01-31 (provider=yahoo, cache_dir=data/cache/ohlcv, ttl=0)
2026-03-31 10:23:05,946 [INFO] backtesting.backtester: Loaded OHLCV for COST: shape=(798, 9)
2026-03-31 10:23:05,947 [INFO] backtesting.backtester: Requesting OHLCV for BKNG: 2020-11-27 → 2024-01-31 (provider=yahoo, cache_dir=data/cache/ohlcv, ttl=0)
2026-03-31 10:23:05,948 [INFO] backtesting.backtester: Loaded OHLCV for BKNG: shape=(798, 9)
2026-03-31 10:23:05,948 [INFO] backtesting.backtester: Requesting OHLCV for CRWD: 2020-11-27 → 2024-01-31 (provider=yahoo, cache_dir=data/cache/ohlcv, ttl=0)
2026-03-31 10:23:05,950 [INFO] backtesting.backtester: Loaded OHLCV for CRWD: shape=(798, 9)
2026-03-31 10:23:05,950 [INFO] backtesting.backtester: Requesting OHLCV for C: 2020-11-27 → 2024-01-31 (provider=yahoo, cache_dir=data/cache/ohlcv, ttl=0)
2026-03-31 10:23:05,951 [INFO] backtesting.backtester: Loaded OHLCV for C: shape=(798, 9)
2026-03-31 10:23:05,951 [INFO] backtesting.backtester: Requesting OHLCV for PG: 2020-11-27 → 2024-01-31 (provider=yahoo, cache_dir=data/cache/ohlcv, ttl=0)
2026-03-31 10:23:05,953 [INFO] backtesting.backtester: Loaded OHLCV for PG: shape=(798, 9)
2026-03-31 10:23:05,953 [INFO] backtesting.backtester: Requesting OHLCV for MA: 2020-11-27 → 2024-01-31 (provider=yahoo, cache_dir=data/cache/ohlcv, ttl=0)
2026-03-31 10:23:05,954 [INFO] backtesting.backtester: Loaded OHLCV for MA: shape=(798, 9)
2026-03-31 10:23:05,954 [INFO] backtesting.backtester: Requesting OHLCV for ADBE: 2020-11-27 → 2024-01-31 (provider=yahoo, cache_dir=data/cache/ohlcv, ttl=0)
2026-03-31 10:23:05,956 [INFO] backtesting.backtester: Loaded OHLCV for ADBE: shape=(798, 9)
2026-03-31 10:23:05,956 [INFO] backtesting.backtester: Requesting OHLCV for ACN: 2020-11-27 → 2024-01-31 (provider=yahoo, cache_dir=data/cache/ohlcv, ttl=0)
2026-03-31 10:23:05,957 [INFO] backtesting.backtester: Loaded OHLCV for ACN: shape=(798, 9)
2026-03-31 10:23:05,958 [INFO] backtesting.backtester: Requesting OHLCV for QCOM: 2020-11-27 → 2024-01-31 (provider=yahoo, cache_dir=data/cache/ohlcv, ttl=0)
2026-03-31 10:23:05,959 [INFO] backtesting.backtester: Loaded OHLCV for QCOM: shape=(798, 9)
2026-03-31 10:23:05,959 [INFO] backtesting.backtester: Requesting OHLCV for GE: 2020-11-27 → 2024-01-31 (provider=yahoo, cache_dir=data/cache/ohlcv, ttl=0)
2026-03-31 10:23:05,961 [INFO] backtesting.backtester: Loaded OHLCV for GE: shape=(798, 9)
2026-03-31 10:23:05,961 [INFO] backtesting.backtester: Requesting OHLCV for DELL: 2020-11-27 → 2024-01-31 (provider=yahoo, cache_dir=data/cache/ohlcv, ttl=0)
2026-03-31 10:23:05,962 [INFO] backtesting.backtester: Loaded OHLCV for DELL: shape=(798, 9)
2026-03-31 10:23:05,962 [INFO] backtesting.backtester: Requesting OHLCV for ABBV: 2020-11-27 → 2024-01-31 (provider=yahoo, cache_dir=data/cache/ohlcv, ttl=0)
2026-03-31 10:23:05,964 [INFO] backtesting.backtester: Loaded OHLCV for ABBV: shape=(798, 9)
2026-03-31 10:23:05,964 [INFO] backtesting.backtester: Requesting OHLCV for WFC: 2020-11-27 → 2024-01-31 (provider=yahoo, cache_dir=data/cache/ohlcv, ttl=0)
2026-03-31 10:23:05,965 [INFO] backtesting.backtester: Loaded OHLCV for WFC: shape=(798, 9)
2026-03-31 10:23:05,965 [INFO] backtesting.backtester: Requesting OHLCV for BA: 2020-11-27 → 2024-01-31 (provider=yahoo, cache_dir=data/cache/ohlcv, ttl=0)
2026-03-31 10:23:05,967 [INFO] backtesting.backtester: Loaded OHLCV for BA: shape=(798, 9)
2026-03-31 10:23:05,967 [INFO] backtesting.backtester: Requesting OHLCV for KLAC: 2020-11-27 → 2024-01-31 (provider=yahoo, cache_dir=data/cache/ohlcv, ttl=0)
2026-03-31 10:23:05,969 [INFO] backtesting.backtester: Loaded OHLCV for KLAC: shape=(798, 9)
2026-03-31 10:23:05,969 [INFO] backtesting.backtester: Requesting OHLCV for IBM: 2020-11-27 → 2024-01-31 (provider=yahoo, cache_dir=data/cache/ohlcv, ttl=0)
2026-03-31 10:23:05,971 [INFO] backtesting.backtester: Loaded OHLCV for IBM: shape=(798, 9)
2026-03-31 10:23:05,971 [INFO] backtesting.backtester: Requesting OHLCV for HD: 2020-11-27 → 2024-01-31 (provider=yahoo, cache_dir=data/cache/ohlcv, ttl=0)
2026-03-31 10:23:05,973 [INFO] backtesting.backtester: Loaded OHLCV for HD: shape=(798, 9)
2026-03-31 10:23:05,973 [INFO] backtesting.backtester: Requesting OHLCV for COP: 2020-11-27 → 2024-01-31 (provider=yahoo, cache_dir=data/cache/ohlcv, ttl=0)
2026-03-31 10:23:05,974 [INFO] backtesting.backtester: Loaded OHLCV for COP: shape=(798, 9)
2026-03-31 10:23:05,974 [INFO] backtesting.backtester: Requesting OHLCV for STX: 2020-11-27 → 2024-01-31 (provider=yahoo, cache_dir=data/cache/ohlcv, ttl=0)
2026-03-31 10:23:05,976 [INFO] backtesting.backtester: Loaded OHLCV for STX: shape=(798, 9)
2026-03-31 10:23:05,976 [INFO] backtesting.backtester: Requesting OHLCV for UBER: 2020-11-27 → 2024-01-31 (provider=yahoo, cache_dir=data/cache/ohlcv, ttl=0)
2026-03-31 10:23:05,977 [INFO] backtesting.backtester: Loaded OHLCV for UBER: shape=(798, 9)
2026-03-31 10:23:05,977 [INFO] backtesting.backtester: Requesting OHLCV for LIN: 2020-11-27 → 2024-01-31 (provider=yahoo, cache_dir=data/cache/ohlcv, ttl=0)
2026-03-31 10:23:05,979 [INFO] backtesting.backtester: Loaded OHLCV for LIN: shape=(798, 9)
2026-03-31 10:23:05,979 [INFO] backtesting.backtester: Requesting OHLCV for VZ: 2020-11-27 → 2024-01-31 (provider=yahoo, cache_dir=data/cache/ohlcv, ttl=0)
2026-03-31 10:23:05,981 [INFO] backtesting.backtester: Loaded OHLCV for VZ: shape=(798, 9)
2026-03-31 10:23:05,981 [INFO] backtesting.backtester: Requesting OHLCV for APH: 2020-11-27 → 2024-01-31 (provider=yahoo, cache_dir=data/cache/ohlcv, ttl=0)
2026-03-31 10:23:05,982 [INFO] backtesting.backtester: Loaded OHLCV for APH: shape=(798, 9)
2026-03-31 10:23:05,982 [INFO] backtesting.backtester: Requesting OHLCV for ABT: 2020-11-27 → 2024-01-31 (provider=yahoo, cache_dir=data/cache/ohlcv, ttl=0)
2026-03-31 10:23:05,984 [INFO] backtesting.backtester: Loaded OHLCV for ABT: shape=(798, 9)
2026-03-31 10:23:05,984 [INFO] backtesting.backtester: Requesting OHLCV for NEM: 2020-11-27 → 2024-01-31 (provider=yahoo, cache_dir=data/cache/ohlcv, ttl=0)
2026-03-31 10:23:05,986 [INFO] backtesting.backtester: Loaded OHLCV for NEM: shape=(798, 9)
2026-03-31 10:23:05,986 [INFO] backtesting.backtester: Requesting OHLCV for AXP: 2020-11-27 → 2024-01-31 (provider=yahoo, cache_dir=data/cache/ohlcv, ttl=0)
2026-03-31 10:23:05,987 [INFO] backtesting.backtester: Loaded OHLCV for AXP: shape=(798, 9)
2026-03-31 10:23:05,987 [INFO] backtesting.backtester: Requesting OHLCV for KO: 2020-11-27 → 2024-01-31 (provider=yahoo, cache_dir=data/cache/ohlcv, ttl=0)
2026-03-31 10:23:05,989 [INFO] backtesting.backtester: Loaded OHLCV for KO: shape=(798, 9)
2026-03-31 10:23:05,989 [INFO] backtesting.backtester: Requesting OHLCV for ADI: 2020-11-27 → 2024-01-31 (provider=yahoo, cache_dir=data/cache/ohlcv, ttl=0)
2026-03-31 10:23:05,991 [INFO] backtesting.backtester: Loaded OHLCV for ADI: shape=(798, 9)
2026-03-31 10:23:05,991 [INFO] backtesting.backtester: Requesting OHLCV for PANW: 2020-11-27 → 2024-01-31 (provider=yahoo, cache_dir=data/cache/ohlcv, ttl=0)
2026-03-31 10:23:05,992 [INFO] backtesting.backtester: Loaded OHLCV for PANW: shape=(798, 9)
2026-03-31 10:23:05,992 [INFO] backtesting.backtester: Requesting OHLCV for TXN: 2020-11-27 → 2024-01-31 (provider=yahoo, cache_dir=data/cache/ohlcv, ttl=0)
2026-03-31 10:23:05,994 [INFO] backtesting.backtester: Loaded OHLCV for TXN: shape=(798, 9)
2026-03-31 10:23:05,994 [INFO] backtesting.backtester: Requesting OHLCV for RTX: 2020-11-27 → 2024-01-31 (provider=yahoo, cache_dir=data/cache/ohlcv, ttl=0)
2026-03-31 10:23:05,996 [INFO] backtesting.backtester: Loaded OHLCV for RTX: shape=(798, 9)
2026-03-31 10:23:05,996 [INFO] backtesting.backtester: Requesting OHLCV for BX: 2020-11-27 → 2024-01-31 (provider=yahoo, cache_dir=data/cache/ohlcv, ttl=0)
2026-03-31 10:23:05,997 [INFO] backtesting.backtester: Loaded OHLCV for BX: shape=(798, 9)
2026-03-31 10:23:05,997 [INFO] backtesting.backtester: Requesting OHLCV for T: 2020-11-27 → 2024-01-31 (provider=yahoo, cache_dir=data/cache/ohlcv, ttl=0)
2026-03-31 10:23:05,999 [INFO] backtesting.backtester: Loaded OHLCV for T: shape=(798, 9)
2026-03-31 10:23:05,999 [INFO] backtesting.backtester: Requesting OHLCV for MRK: 2020-11-27 → 2024-01-31 (provider=yahoo, cache_dir=data/cache/ohlcv, ttl=0)
2026-03-31 10:23:06,001 [INFO] backtesting.backtester: Loaded OHLCV for MRK: shape=(798, 9)
2026-03-31 10:23:06,001 [INFO] backtesting.backtester: Requesting OHLCV for MS: 2020-11-27 → 2024-01-31 (provider=yahoo, cache_dir=data/cache/ohlcv, ttl=0)
2026-03-31 10:23:06,002 [INFO] backtesting.backtester: Loaded OHLCV for MS: shape=(798, 9)
2026-03-31 10:23:06,002 [INFO] backtesting.backtester: Requesting OHLCV for CIEN: 2020-11-27 → 2024-01-31 (provider=yahoo, cache_dir=data/cache/ohlcv, ttl=0)
2026-03-31 10:23:06,004 [INFO] backtesting.backtester: Loaded OHLCV for CIEN: shape=(798, 9)
2026-03-31 10:23:06,004 [INFO] backtesting.backtester: Requesting OHLCV for LMT: 2020-11-27 → 2024-01-31 (provider=yahoo, cache_dir=data/cache/ohlcv, ttl=0)
2026-03-31 10:23:06,005 [INFO] backtesting.backtester: Loaded OHLCV for LMT: shape=(798, 9)
2026-03-31 10:23:06,005 [INFO] backtesting.backtester: Requesting OHLCV for OXY: 2020-11-27 → 2024-01-31 (provider=yahoo, cache_dir=data/cache/ohlcv, ttl=0)
2026-03-31 10:23:06,007 [INFO] backtesting.backtester: Loaded OHLCV for OXY: shape=(798, 9)
2026-03-31 10:23:06,007 [INFO] backtesting.backtester: Requesting OHLCV for DIS: 2020-11-27 → 2024-01-31 (provider=yahoo, cache_dir=data/cache/ohlcv, ttl=0)
2026-03-31 10:23:06,009 [INFO] backtesting.backtester: Loaded OHLCV for DIS: shape=(798, 9)
2026-03-31 10:23:06,009 [INFO] backtesting.backtester: Requesting OHLCV for FCX: 2020-11-27 → 2024-01-31 (provider=yahoo, cache_dir=data/cache/ohlcv, ttl=0)
2026-03-31 10:23:06,010 [INFO] backtesting.backtester: Loaded OHLCV for FCX: shape=(798, 9)
2026-03-31 10:23:06,010 [INFO] backtesting.backtester: Requesting OHLCV for TMUS: 2020-11-27 → 2024-01-31 (provider=yahoo, cache_dir=data/cache/ohlcv, ttl=0)
2026-03-31 10:23:06,012 [INFO] backtesting.backtester: Loaded OHLCV for TMUS: shape=(798, 9)
2026-03-31 10:23:06,012 [INFO] backtesting.backtester: Requesting OHLCV for SMCI: 2020-11-27 → 2024-01-31 (provider=yahoo, cache_dir=data/cache/ohlcv, ttl=0)
2026-03-31 10:23:06,014 [INFO] backtesting.backtester: Loaded OHLCV for SMCI: shape=(798, 9)
2026-03-31 10:23:06,014 [INFO] backtesting.backtester: Requesting OHLCV for PFE: 2020-11-27 → 2024-01-31 (provider=yahoo, cache_dir=data/cache/ohlcv, ttl=0)
2026-03-31 10:23:06,015 [INFO] backtesting.backtester: Loaded OHLCV for PFE: shape=(798, 9)
2026-03-31 10:23:06,015 [INFO] backtesting.backtester: Requesting OHLCV for CMCSA: 2020-11-27 → 2024-01-31 (provider=yahoo, cache_dir=data/cache/ohlcv, ttl=0)
2026-03-31 10:23:06,017 [INFO] backtesting.backtester: Loaded OHLCV for CMCSA: shape=(798, 9)
2026-03-31 10:23:06,017 [INFO] backtesting.backtester: Requesting OHLCV for VLO: 2020-11-27 → 2024-01-31 (provider=yahoo, cache_dir=data/cache/ohlcv, ttl=0)
2026-03-31 10:23:06,018 [INFO] backtesting.backtester: Loaded OHLCV for VLO: shape=(798, 9)
2026-03-31 10:23:06,018 [INFO] backtesting.backtester: Requesting OHLCV for TER: 2020-11-27 → 2024-01-31 (provider=yahoo, cache_dir=data/cache/ohlcv, ttl=0)
2026-03-31 10:23:06,020 [INFO] backtesting.backtester: Loaded OHLCV for TER: shape=(798, 9)
2026-03-31 10:23:06,020 [INFO] backtesting.backtester: Requesting OHLCV for COF: 2020-11-27 → 2024-01-31 (provider=yahoo, cache_dir=data/cache/ohlcv, ttl=0)
2026-03-31 10:23:06,021 [INFO] backtesting.backtester: Loaded OHLCV for COF: shape=(798, 9)
2026-03-31 10:23:06,022 [INFO] backtesting.backtester: Requesting OHLCV for TMO: 2020-11-27 → 2024-01-31 (provider=yahoo, cache_dir=data/cache/ohlcv, ttl=0)
2026-03-31 10:23:06,023 [INFO] backtesting.backtester: Loaded OHLCV for TMO: shape=(798, 9)
2026-03-31 10:23:06,023 [INFO] backtesting.backtester: Requesting OHLCV for MCD: 2020-11-27 → 2024-01-31 (provider=yahoo, cache_dir=data/cache/ohlcv, ttl=0)
2026-03-31 10:23:06,025 [INFO] backtesting.backtester: Loaded OHLCV for MCD: shape=(798, 9)
2026-03-31 10:23:06,025 [INFO] backtesting.backtester: Requesting OHLCV for PEP: 2020-11-27 → 2024-01-31 (provider=yahoo, cache_dir=data/cache/ohlcv, ttl=0)
2026-03-31 10:23:06,026 [INFO] backtesting.backtester: Loaded OHLCV for PEP: shape=(798, 9)
2026-03-31 10:23:06,026 [INFO] backtesting.backtester: Requesting OHLCV for SLB: 2020-11-27 → 2024-01-31 (provider=yahoo, cache_dir=data/cache/ohlcv, ttl=0)
2026-03-31 10:23:06,028 [INFO] backtesting.backtester: Loaded OHLCV for SLB: shape=(798, 9)
2026-03-31 10:23:06,028 [INFO] backtesting.backtester: Requesting OHLCV for BLK: 2020-11-27 → 2024-01-31 (provider=yahoo, cache_dir=data/cache/ohlcv, ttl=0)
2026-03-31 10:23:06,029 [INFO] backtesting.backtester: Loaded OHLCV for BLK: shape=(798, 9)
2026-03-31 10:23:06,029 [INFO] backtesting.backtester: Requesting OHLCV for SNPS: 2020-11-27 → 2024-01-31 (provider=yahoo, cache_dir=data/cache/ohlcv, ttl=0)
2026-03-31 10:23:06,031 [INFO] backtesting.backtester: Loaded OHLCV for SNPS: shape=(798, 9)
2026-03-31 10:23:06,031 [INFO] backtesting.backtester: Requesting OHLCV for NEE: 2020-11-27 → 2024-01-31 (provider=yahoo, cache_dir=data/cache/ohlcv, ttl=0)
2026-03-31 10:23:06,033 [INFO] backtesting.backtester: Loaded OHLCV for NEE: shape=(798, 9)
2026-03-31 10:23:06,033 [INFO] backtesting.backtester: Requesting OHLCV for SPGI: 2020-11-27 → 2024-01-31 (provider=yahoo, cache_dir=data/cache/ohlcv, ttl=0)
2026-03-31 10:23:06,034 [INFO] backtesting.backtester: Loaded OHLCV for SPGI: shape=(798, 9)
2026-03-31 10:23:06,034 [INFO] backtesting.backtester: Requesting OHLCV for AMGN: 2020-11-27 → 2024-01-31 (provider=yahoo, cache_dir=data/cache/ohlcv, ttl=0)
2026-03-31 10:23:06,036 [INFO] backtesting.backtester: Loaded OHLCV for AMGN: shape=(798, 9)
2026-03-31 10:23:06,036 [INFO] backtesting.backtester: Requesting OHLCV for ETN: 2020-11-27 → 2024-01-31 (provider=yahoo, cache_dir=data/cache/ohlcv, ttl=0)
2026-03-31 10:23:06,037 [INFO] backtesting.backtester: Loaded OHLCV for ETN: shape=(798, 9)
2026-03-31 10:23:06,037 [INFO] backtesting.backtester: Requesting OHLCV for DAL: 2020-11-27 → 2024-01-31 (provider=yahoo, cache_dir=data/cache/ohlcv, ttl=0)
2026-03-31 10:23:06,039 [INFO] backtesting.backtester: Loaded OHLCV for DAL: shape=(798, 9)
2026-03-31 10:23:06,039 [INFO] backtesting.backtester: Requesting OHLCV for GILD: 2020-11-27 → 2024-01-31 (provider=yahoo, cache_dir=data/cache/ohlcv, ttl=0)
2026-03-31 10:23:06,040 [INFO] backtesting.backtester: Loaded OHLCV for GILD: shape=(798, 9)
2026-03-31 10:23:06,040 [INFO] backtesting.backtester: Requesting OHLCV for HON: 2020-11-27 → 2024-01-31 (provider=yahoo, cache_dir=data/cache/ohlcv, ttl=0)
2026-03-31 10:23:06,042 [INFO] backtesting.backtester: Loaded OHLCV for HON: shape=(798, 9)
2026-03-31 10:23:06,042 [INFO] backtesting.backtester: Requesting OHLCV for CEG: 2020-11-27 → 2024-01-31 (provider=yahoo, cache_dir=data/cache/ohlcv, ttl=0)
2026-03-31 10:23:06,059 [INFO] backtesting.backtester: Loaded OHLCV for CEG: shape=(510, 9)
2026-03-31 10:23:06,059 [WARNING] backtesting.backtester: Excluding CEG due to insufficient pre-history: first_date=2022-01-19 00:00:00, required=252 days before 2022-01-01 00:00:00
2026-03-31 10:23:06,059 [INFO] backtesting.backtester: Requesting OHLCV for ADP: 2020-11-27 → 2024-01-31 (provider=yahoo, cache_dir=data/cache/ohlcv, ttl=0)
2026-03-31 10:23:06,061 [INFO] backtesting.backtester: Loaded OHLCV for ADP: shape=(798, 9)
2026-03-31 10:23:06,061 [INFO] backtesting.backtester: Requesting OHLCV for BSX: 2020-11-27 → 2024-01-31 (provider=yahoo, cache_dir=data/cache/ohlcv, ttl=0)
2026-03-31 10:23:06,063 [INFO] backtesting.backtester: Loaded OHLCV for BSX: shape=(798, 9)
2026-03-31 10:23:06,063 [INFO] backtesting.backtester: Requesting OHLCV for PYPL: 2020-11-27 → 2024-01-31 (provider=yahoo, cache_dir=data/cache/ohlcv, ttl=0)
2026-03-31 10:23:06,064 [INFO] backtesting.backtester: Loaded OHLCV for PYPL: shape=(798, 9)
2026-03-31 10:23:06,064 [INFO] backtesting.backtester: Requesting OHLCV for PM: 2020-11-27 → 2024-01-31 (provider=yahoo, cache_dir=data/cache/ohlcv, ttl=0)
2026-03-31 10:23:06,066 [INFO] backtesting.backtester: Loaded OHLCV for PM: shape=(798, 9)
2026-03-31 10:23:06,066 [INFO] backtesting.backtester: Requesting OHLCV for CVNA: 2020-11-27 → 2024-01-31 (provider=yahoo, cache_dir=data/cache/ohlcv, ttl=0)
2026-03-31 10:23:06,067 [INFO] backtesting.backtester: Loaded OHLCV for CVNA: shape=(798, 9)

  [signals 196/295] AEP… 798 bars, 780 signals
  [signals 197/295] CSX… 798 bars, 766 signals
  [signals 198/295] MSI… 798 bars, 756 signals
  [signals 199/295] KEYS… 798 bars, 731 signals
  [signals 200/295] KMB… 798 bars, 769 signals
  [signals 201/295] MAR… 798 bars, 741 signals
  [signals 202/295] FITB… 798 bars, 756 signals
  [signals 203/295] LULU… 798 bars, 731 signals
  [signals 204/295] ROP… 798 bars, 778 signals
  [signals 205/295] MNST… 798 bars, 765 signals
  [signals 206/295] URI… 798 bars, 735 signals
  [signals 207/295] LYV… 798 bars, 753 signals
  [signals 208/295] DG… 798 bars, 768 signals
  [signals 209/295] CMI… 798 bars, 767 signals
  [signals 210/295] CI… 798 bars, 755 signals
  [signals 211/295] AJG… 798 bars, 751 signals
  [signals 212/295] FTNT… 798 bars, 694 signals
  [signals 213/295] NCLH… 798 bars, 696 signals
  [signals 214/295] EA… 798 bars, 768 signals
  [signals 215/295] ARES… 798 bars, 729 signals
  [signals 216/295] AKAM… 798 bars, 771 signals
  [signals 217/295] WMB… 798 bars, 758 signals
  [signals 218/295] TDG… 798 bars, 731 signals
  [signals 219/295] COR… 798 bars, 739 signals
  [signals 220/295] PLD… 798 bars, 729 signals
  [signals 221/295] TEL… 798 bars, 764 signals
  [signals 222/295] CTAS… 798 bars, 753 signals
  [signals 223/295] AXON… 798 bars, 681 signals
  [signals 224/295] KMI… 798 bars, 770 signals
  [signals 225/295] MRNA… 798 bars, 696 signals
  [signals 226/295] ECL… 798 bars, 784 signals
  [signals 227/295] EL… 798 bars, 768 signals
  [signals 228/295] EXC… 798 bars, 772 signals
  [signals 229/295] FICO… 798 bars, 732 signals
  [signals 230/295] REGN… 798 bars, 753 signals
  [signals 231/295] OKE… 798 bars, 738 signals
  [signals 232/295] HBAN… 798 bars, 745 signals
  [signals 233/295] AON… 798 bars, 769 signals
  [signals 234/295] HPE… 798 bars, 730 signals
  [signals 235/295] GD… 798 bars, 761 signals
  [signals 236/295] TRV… 798 bars, 765 signals
  [signals 237/295] EBAY… 798 bars, 774 signals
  [signals 238/295] ODFL… 798 bars, 748 signals
  [signals 239/295] EXE… 747 bars, 708 signals
  [signals 240/295] TFC… 798 bars, 758 signals
  [signals 241/295] ON… 798 bars, 704 signals
  [signals 242/295] PCG… 798 bars, 780 signals
  [signals 243/295] LUV… 798 bars, 719 signals
  [signals 244/295] BDX… 798 bars, 776 signals
  [signals 245/295] O… 798 bars, 765 signals
  [signals 246/295] PAYX… 798 bars, 773 signals
  [signals 247/295] CTSH… 798 bars, 781 signals
  [signals 248/295] CAH… 798 bars, 725 signals
  [signals 249/295] RF… 798 bars, 738 signals
  [signals 250/295] APD… 798 bars, 754 signals
  [signals 251/295] TTWO… 798 bars, 763 signals
  [signals 252/295] VMC… 798 bars, 754 signals
  [signals 253/295] BK… 798 bars, 774 signals
  [signals 254/295] GIS… 798 bars, 764 signals
  [signals 255/295] EMR… 798 bars, 756 signals
  [signals 256/295] DPZ… 798 bars, 773 signals
  [signals 257/295] CTRA… 798 bars, 750 signals
  [signals 258/295] KHC… 798 bars, 748 signals
  [signals 259/295] VRSK… 798 bars, 769 signals
  [signals 260/295] PSA… 798 bars, 727 signals
  [signals 261/295] DHI… 798 bars, 715 signals
  [signals 262/295] OMC… 798 bars, 768 signals
  [signals 263/295] FSLR… 798 bars, 686 signals
  [signals 264/295] TRGP… 798 bars, 721 signals
  [signals 265/295] CARR… 798 bars, 759 signals
  [signals 266/295] NSC… 798 bars, 763 signals
  [signals 267/295] EW… 798 bars, 771 signals
  [signals 268/295] ROK… 798 bars, 758 signals
  [signals 269/295] FISV… 798 bars, 743 signals
  [signals 270/295] FAST… 798 bars, 757 signals
  [signals 271/295] MLM… 798 bars, 748 signals
  [signals 272/295] HSY… 798 bars, 781 signals
  [signals 273/295] ITW… 798 bars, 754 signals
  [signals 274/295] XEL… 798 bars, 786 signals
  [signals 275/295] APA… 798 bars, 681 signals
  [signals 276/295] WAT… 798 bars, 768 signals
  [signals 277/295] JBL… 798 bars, 718 signals
  [signals 278/295] PCAR… 798 bars, 737 signals
  [signals 279/295] ALB… 798 bars, 693 signals
  [signals 280/295] AIG… 798 bars, 751 signals
  [signals 281/295] BBY… 798 bars, 745 signals
  [signals 282/295] HPQ… 798 bars, 744 signals
  [signals 283/295] DLTR… 798 bars, 718 signals
  [signals 284/295] DLR… 798 bars, 786 signals
  [signals 285/295] AME… 798 bars, 745 signals
  [signals 286/295] IBKR… 798 bars, 729 signals
  [signals 287/295] DRI… 798 bars, 767 signals
  [signals 288/295] SPG… 798 bars, 712 signals
  [signals 289/295] OTIS… 798 bars, 772 signals
  [signals 290/295] SRE… 798 bars, 765 signals
  [signals 291/295] MOS… 798 bars, 711 signals
  [signals 292/295] CTVA… 798 bars, 754 signals
  [signals 293/295] KEY… 798 bars, 745 signals
  [signals 294/295] CPRT… 798 bars, 773 signals
  [signals 295/295] IQV… 798 bars, 763 signals

[WARN] Excluding tickers with insufficient history (<252 days before start_date): CEG, HOOD

Phase 2: Detecting market regimes (SPY + VIX)…
  Regimes: {'Bull': 272, 'Sideways': 45, 'Crisis': 48, 'Bear': 156}

Phase 3: Running day-by-day portfolio simulation…
Phase 4: Computing metrics…


Trade-level diagnostics:
  Avg P&L per long trade    : -28.63
  Avg P&L per short trade   :  nan
  Avg transaction cost / |P&L|:  23.85%
  Fraction of trades that are shorts:  0.00%
  P&L contribution:
    Longs  : -20787.49
    Shorts :  0.00
    Costs  : -9508.34  (negative = drag)

Sharpe by regime (daily equity):
  Bull    : -0.63
  Bear    : -2.17
  Sideways: -2.88
  Crisis  : -4.10
  Overall: -0.81
  CAPM (vs SPY):
    Portfolio Beta     : 0.216
    Portfolio Alpha    : -9.62% (ann.)
    Treynor Ratio      : -0.608
    Information Ratio : -0.523

  Position Sizing Comparison:
    Equal-weight Sharpe  : -0.327
    Kelly (half) Sharpe  : -0.459
    Kelly win_rate used  : 50.0%
    Kelly fraction       : 0.5
    Kelly avg position   : 12.0% of equity

  Execution cost scenario 3/4: total=20.0 bps per leg
Phase 1: Downloading data & generating signals [ensemble]…
  [1/300] NVDA… [1/300] NVDA OHLCV window: first_date=2020-11-27, last_date=2024-01-31, n=798
  [2/300] TSLA… [2/300] TSLA OHLCV window: first_date=2020-11-27, last_date=2024-01-31, n=798
  [3/300] MU… [3/300] MU OHLCV window: first_date=2020-11-27, last_date=2024-01-31, n=798
  [4/300] MSFT… [4/300] MSFT OHLCV window: first_date=2020-11-27, last_date=2024-01-31, n=798
  [5/300] SNDK… insufficient data
  [6/300] AAPL… [6/300] AAPL OHLCV window: first_date=2020-11-27, last_date=2024-01-31, n=798
  [7/300] AVGO… [7/300] AVGO OHLCV window: first_date=2020-11-27, last_date=2024-01-31, n=798
  [8/300] AMZN… [8/300] AMZN OHLCV window: first_date=2020-11-27, last_date=2024-01-31, n=798
  [9/300] GOOGL… [9/300] GOOGL OHLCV window: first_date=2020-11-27, last_date=2024-01-31, n=798
  [10/300] META… [10/300] META OHLCV window: first_date=2020-11-27, last_date=2024-01-31, n=798
  [11/300] PLTR… [11/300] PLTR OHLCV window: first_date=2020-11-27, last_date=2024-01-31, n=798
  [12/300] AMD… [12/300] AMD OHLCV window: first_date=2020-11-27, last_date=2024-01-31, n=798
  [13/300] GOOG… [13/300] GOOG OHLCV window: first_date=2020-11-27, last_date=2024-01-31, n=798
  [14/300] LITE… [14/300] LITE OHLCV window: first_date=2020-11-27, last_date=2024-01-31, n=798
  [15/300] NFLX… [15/300] NFLX OHLCV window: first_date=2020-11-27, last_date=2024-01-31, n=798
  [16/300] ORCL… [16/300] ORCL OHLCV window: first_date=2020-11-27, last_date=2024-01-31, n=798
  [17/300] INTC… [17/300] INTC OHLCV window: first_date=2020-11-27, last_date=2024-01-31, n=798
  [18/300] XOM… [18/300] XOM OHLCV window: first_date=2020-11-27, last_date=2024-01-31, n=798
  [19/300] JPM… [19/300] JPM OHLCV window: first_date=2020-11-27, last_date=2024-01-31, n=798
  [20/300] VRT… [20/300] VRT OHLCV window: first_date=2020-11-27, last_date=2024-01-31, n=798
  [21/300] CVX… [21/300] CVX OHLCV window: first_date=2020-11-27, last_date=2024-01-31, n=798
  [22/300] CRM… [22/300] CRM OHLCV window: first_date=2020-11-27, last_date=2024-01-31, n=798
  [23/300] LLY… [23/300] LLY OHLCV window: first_date=2020-11-27, last_date=2024-01-31, n=7982026-03-31 10:23:06,067 [INFO] backtesting.backtester: Requesting OHLCV for UAL: 2020-11-27 → 2024-01-31 (provider=yahoo, cache_dir=data/cache/ohlcv, ttl=0)
2026-03-31 10:23:06,069 [INFO] backtesting.backtester: Loaded OHLCV for UAL: shape=(798, 9)
2026-03-31 10:23:06,069 [INFO] backtesting.backtester: Requesting OHLCV for NKE: 2020-11-27 → 2024-01-31 (provider=yahoo, cache_dir=data/cache/ohlcv, ttl=0)
2026-03-31 10:23:06,071 [INFO] backtesting.backtester: Loaded OHLCV for NKE: shape=(798, 9)
2026-03-31 10:23:06,071 [INFO] backtesting.backtester: Requesting OHLCV for ANET: 2020-11-27 → 2024-01-31 (provider=yahoo, cache_dir=data/cache/ohlcv, ttl=0)
2026-03-31 10:23:06,072 [INFO] backtesting.backtester: Loaded OHLCV for ANET: shape=(798, 9)
2026-03-31 10:23:06,072 [INFO] backtesting.backtester: Requesting OHLCV for DVN: 2020-11-27 → 2024-01-31 (provider=yahoo, cache_dir=data/cache/ohlcv, ttl=0)
2026-03-31 10:23:06,074 [INFO] backtesting.backtester: Loaded OHLCV for DVN: shape=(798, 9)
2026-03-31 10:23:06,074 [INFO] backtesting.backtester: Requesting OHLCV for BMY: 2020-11-27 → 2024-01-31 (provider=yahoo, cache_dir=data/cache/ohlcv, ttl=0)
2026-03-31 10:23:06,075 [INFO] backtesting.backtester: Loaded OHLCV for BMY: shape=(798, 9)
2026-03-31 10:23:06,076 [INFO] backtesting.backtester: Requesting OHLCV for CF: 2020-11-27 → 2024-01-31 (provider=yahoo, cache_dir=data/cache/ohlcv, ttl=0)
2026-03-31 10:23:06,077 [INFO] backtesting.backtester: Loaded OHLCV for CF: shape=(798, 9)
2026-03-31 10:23:06,077 [INFO] backtesting.backtester: Requesting OHLCV for SCHW: 2020-11-27 → 2024-01-31 (provider=yahoo, cache_dir=data/cache/ohlcv, ttl=0)
2026-03-31 10:23:06,079 [INFO] backtesting.backtester: Loaded OHLCV for SCHW: shape=(798, 9)
2026-03-31 10:23:06,079 [INFO] backtesting.backtester: Requesting OHLCV for SATS: 2020-11-27 → 2024-01-31 (provider=yahoo, cache_dir=data/cache/ohlcv, ttl=0)
2026-03-31 10:23:06,080 [INFO] backtesting.backtester: Loaded OHLCV for SATS: shape=(798, 9)
2026-03-31 10:23:06,080 [INFO] backtesting.backtester: Requesting OHLCV for WBD: 2020-11-27 → 2024-01-31 (provider=yahoo, cache_dir=data/cache/ohlcv, ttl=0)
2026-03-31 10:23:06,082 [INFO] backtesting.backtester: Loaded OHLCV for WBD: shape=(798, 9)
2026-03-31 10:23:06,082 [INFO] backtesting.backtester: Requesting OHLCV for PH: 2020-11-27 → 2024-01-31 (provider=yahoo, cache_dir=data/cache/ohlcv, ttl=0)
2026-03-31 10:23:06,084 [INFO] backtesting.backtester: Loaded OHLCV for PH: shape=(798, 9)
2026-03-31 10:23:06,084 [INFO] backtesting.backtester: Requesting OHLCV for EOG: 2020-11-27 → 2024-01-31 (provider=yahoo, cache_dir=data/cache/ohlcv, ttl=0)
2026-03-31 10:23:06,085 [INFO] backtesting.backtester: Loaded OHLCV for EOG: shape=(798, 9)
2026-03-31 10:23:06,085 [INFO] backtesting.backtester: Requesting OHLCV for KKR: 2020-11-27 → 2024-01-31 (provider=yahoo, cache_dir=data/cache/ohlcv, ttl=0)
2026-03-31 10:23:06,087 [INFO] backtesting.backtester: Loaded OHLCV for KKR: shape=(798, 9)
2026-03-31 10:23:06,087 [INFO] backtesting.backtester: Requesting OHLCV for TGT: 2020-11-27 → 2024-01-31 (provider=yahoo, cache_dir=data/cache/ohlcv, ttl=0)
2026-03-31 10:23:06,089 [INFO] backtesting.backtester: Loaded OHLCV for TGT: shape=(798, 9)
2026-03-31 10:23:06,089 [INFO] backtesting.backtester: Requesting OHLCV for RCL: 2020-11-27 → 2024-01-31 (provider=yahoo, cache_dir=data/cache/ohlcv, ttl=0)
2026-03-31 10:23:06,091 [INFO] backtesting.backtester: Loaded OHLCV for RCL: shape=(798, 9)
2026-03-31 10:23:06,091 [INFO] backtesting.backtester: Requesting OHLCV for SBUX: 2020-11-27 → 2024-01-31 (provider=yahoo, cache_dir=data/cache/ohlcv, ttl=0)
2026-03-31 10:23:06,092 [INFO] backtesting.backtester: Loaded OHLCV for SBUX: shape=(798, 9)
2026-03-31 10:23:06,092 [INFO] backtesting.backtester: Requesting OHLCV for DE: 2020-11-27 → 2024-01-31 (provider=yahoo, cache_dir=data/cache/ohlcv, ttl=0)
2026-03-31 10:23:06,094 [INFO] backtesting.backtester: Loaded OHLCV for DE: shape=(798, 9)
2026-03-31 10:23:06,094 [INFO] backtesting.backtester: Requesting OHLCV for FDX: 2020-11-27 → 2024-01-31 (provider=yahoo, cache_dir=data/cache/ohlcv, ttl=0)
2026-03-31 10:23:06,096 [INFO] backtesting.backtester: Loaded OHLCV for FDX: shape=(798, 9)
2026-03-31 10:23:06,096 [INFO] backtesting.backtester: Requesting OHLCV for F: 2020-11-27 → 2024-01-31 (provider=yahoo, cache_dir=data/cache/ohlcv, ttl=0)
2026-03-31 10:23:06,097 [INFO] backtesting.backtester: Loaded OHLCV for F: shape=(798, 9)
2026-03-31 10:23:06,097 [INFO] backtesting.backtester: Requesting OHLCV for CCL: 2020-11-27 → 2024-01-31 (provider=yahoo, cache_dir=data/cache/ohlcv, ttl=0)
2026-03-31 10:23:06,099 [INFO] backtesting.backtester: Loaded OHLCV for CCL: shape=(798, 9)
2026-03-31 10:23:06,099 [INFO] backtesting.backtester: Requesting OHLCV for ISRG: 2020-11-27 → 2024-01-31 (provider=yahoo, cache_dir=data/cache/ohlcv, ttl=0)
2026-03-31 10:23:06,101 [INFO] backtesting.backtester: Loaded OHLCV for ISRG: shape=(798, 9)
2026-03-31 10:23:06,101 [INFO] backtesting.backtester: Requesting OHLCV for VST: 2020-11-27 → 2024-01-31 (provider=yahoo, cache_dir=data/cache/ohlcv, ttl=0)
2026-03-31 10:23:06,102 [INFO] backtesting.backtester: Loaded OHLCV for VST: shape=(798, 9)
2026-03-31 10:23:06,102 [INFO] backtesting.backtester: Requesting OHLCV for DHR: 2020-11-27 → 2024-01-31 (provider=yahoo, cache_dir=data/cache/ohlcv, ttl=0)
2026-03-31 10:23:06,104 [INFO] backtesting.backtester: Loaded OHLCV for DHR: shape=(798, 9)
2026-03-31 10:23:06,104 [INFO] backtesting.backtester: Requesting OHLCV for UPS: 2020-11-27 → 2024-01-31 (provider=yahoo, cache_dir=data/cache/ohlcv, ttl=0)
2026-03-31 10:23:06,105 [INFO] backtesting.backtester: Loaded OHLCV for UPS: shape=(798, 9)
2026-03-31 10:23:06,105 [INFO] backtesting.backtester: Requesting OHLCV for SYK: 2020-11-27 → 2024-01-31 (provider=yahoo, cache_dir=data/cache/ohlcv, ttl=0)
2026-03-31 10:23:06,107 [INFO] backtesting.backtester: Loaded OHLCV for SYK: shape=(798, 9)
2026-03-31 10:23:06,107 [INFO] backtesting.backtester: Requesting OHLCV for WDAY: 2020-11-27 → 2024-01-31 (provider=yahoo, cache_dir=data/cache/ohlcv, ttl=0)
2026-03-31 10:23:06,109 [INFO] backtesting.backtester: Loaded OHLCV for WDAY: shape=(798, 9)
2026-03-31 10:23:06,109 [INFO] backtesting.backtester: Requesting OHLCV for APO: 2020-11-27 → 2024-01-31 (provider=yahoo, cache_dir=data/cache/ohlcv, ttl=0)
2026-03-31 10:23:06,110 [INFO] backtesting.backtester: Loaded OHLCV for APO: shape=(798, 9)
2026-03-31 10:23:06,110 [INFO] backtesting.backtester: Requesting OHLCV for TJX: 2020-11-27 → 2024-01-31 (provider=yahoo, cache_dir=data/cache/ohlcv, ttl=0)
2026-03-31 10:23:06,112 [INFO] backtesting.backtester: Loaded OHLCV for TJX: shape=(798, 9)
2026-03-31 10:23:06,112 [INFO] backtesting.backtester: Requesting OHLCV for UNP: 2020-11-27 → 2024-01-31 (provider=yahoo, cache_dir=data/cache/ohlcv, ttl=0)
2026-03-31 10:23:06,114 [INFO] backtesting.backtester: Loaded OHLCV for UNP: shape=(798, 9)
2026-03-31 10:23:06,114 [INFO] backtesting.backtester: Requesting OHLCV for ELV: 2020-11-27 → 2024-01-31 (provider=yahoo, cache_dir=data/cache/ohlcv, ttl=0)
2026-03-31 10:23:06,115 [INFO] backtesting.backtester: Loaded OHLCV for ELV: shape=(798, 9)
2026-03-31 10:23:06,115 [INFO] backtesting.backtester: Requesting OHLCV for MPC: 2020-11-27 → 2024-01-31 (provider=yahoo, cache_dir=data/cache/ohlcv, ttl=0)
2026-03-31 10:23:06,117 [INFO] backtesting.backtester: Loaded OHLCV for MPC: shape=(798, 9)
2026-03-31 10:23:06,117 [INFO] backtesting.backtester: Requesting OHLCV for MDT: 2020-11-27 → 2024-01-31 (provider=yahoo, cache_dir=data/cache/ohlcv, ttl=0)
2026-03-31 10:23:06,119 [INFO] backtesting.backtester: Loaded OHLCV for MDT: shape=(798, 9)
2026-03-31 10:23:06,119 [INFO] backtesting.backtester: Requesting OHLCV for CME: 2020-11-27 → 2024-01-31 (provider=yahoo, cache_dir=data/cache/ohlcv, ttl=0)
2026-03-31 10:23:06,120 [INFO] backtesting.backtester: Loaded OHLCV for CME: shape=(798, 9)
2026-03-31 10:23:06,120 [INFO] backtesting.backtester: Requesting OHLCV for CDNS: 2020-11-27 → 2024-01-31 (provider=yahoo, cache_dir=data/cache/ohlcv, ttl=0)
2026-03-31 10:23:06,122 [INFO] backtesting.backtester: Loaded OHLCV for CDNS: shape=(798, 9)
2026-03-31 10:23:06,122 [INFO] backtesting.backtester: Requesting OHLCV for FANG: 2020-11-27 → 2024-01-31 (provider=yahoo, cache_dir=data/cache/ohlcv, ttl=0)
2026-03-31 10:23:06,124 [INFO] backtesting.backtester: Loaded OHLCV for FANG: shape=(798, 9)
2026-03-31 10:23:06,124 [INFO] backtesting.backtester: Requesting OHLCV for MCK: 2020-11-27 → 2024-01-31 (provider=yahoo, cache_dir=data/cache/ohlcv, ttl=0)
2026-03-31 10:23:06,125 [INFO] backtesting.backtester: Loaded OHLCV for MCK: shape=(798, 9)
2026-03-31 10:23:06,125 [INFO] backtesting.backtester: Requesting OHLCV for LYB: 2020-11-27 → 2024-01-31 (provider=yahoo, cache_dir=data/cache/ohlcv, ttl=0)
2026-03-31 10:23:06,127 [INFO] backtesting.backtester: Loaded OHLCV for LYB: shape=(798, 9)
2026-03-31 10:23:06,127 [INFO] backtesting.backtester: Requesting OHLCV for WELL: 2020-11-27 → 2024-01-31 (provider=yahoo, cache_dir=data/cache/ohlcv, ttl=0)
2026-03-31 10:23:06,129 [INFO] backtesting.backtester: Loaded OHLCV for WELL: shape=(798, 9)
2026-03-31 10:23:06,129 [INFO] backtesting.backtester: Requesting OHLCV for BKR: 2020-11-27 → 2024-01-31 (provider=yahoo, cache_dir=data/cache/ohlcv, ttl=0)
2026-03-31 10:23:06,130 [INFO] backtesting.backtester: Loaded OHLCV for BKR: shape=(798, 9)
2026-03-31 10:23:06,130 [INFO] backtesting.backtester: Requesting OHLCV for MMM: 2020-11-27 → 2024-01-31 (provider=yahoo, cache_dir=data/cache/ohlcv, ttl=0)
2026-03-31 10:23:06,132 [INFO] backtesting.backtester: Loaded OHLCV for MMM: shape=(798, 9)
2026-03-31 10:23:06,132 [INFO] backtesting.backtester: Requesting OHLCV for VRTX: 2020-11-27 → 2024-01-31 (provider=yahoo, cache_dir=data/cache/ohlcv, ttl=0)
2026-03-31 10:23:06,133 [INFO] backtesting.backtester: Loaded OHLCV for VRTX: shape=(798, 9)
2026-03-31 10:23:06,133 [INFO] backtesting.backtester: Requesting OHLCV for MO: 2020-11-27 → 2024-01-31 (provider=yahoo, cache_dir=data/cache/ohlcv, ttl=0)
2026-03-31 10:23:06,135 [INFO] backtesting.backtester: Loaded OHLCV for MO: shape=(798, 9)
2026-03-31 10:23:06,135 [INFO] backtesting.backtester: Requesting OHLCV for MCO: 2020-11-27 → 2024-01-31 (provider=yahoo, cache_dir=data/cache/ohlcv, ttl=0)
2026-03-31 10:23:06,137 [INFO] backtesting.backtester: Loaded OHLCV for MCO: shape=(798, 9)
2026-03-31 10:23:06,137 [INFO] backtesting.backtester: Requesting OHLCV for LOW: 2020-11-27 → 2024-01-31 (provider=yahoo, cache_dir=data/cache/ohlcv, ttl=0)
2026-03-31 10:23:06,138 [INFO] backtesting.backtester: Loaded OHLCV for LOW: shape=(798, 9)
2026-03-31 10:23:06,138 [INFO] backtesting.backtester: Requesting OHLCV for PGR: 2020-11-27 → 2024-01-31 (provider=yahoo, cache_dir=data/cache/ohlcv, ttl=0)
2026-03-31 10:23:06,140 [INFO] backtesting.backtester: Loaded OHLCV for PGR: shape=(798, 9)
2026-03-31 10:23:06,140 [INFO] backtesting.backtester: Requesting OHLCV for CRH: 2020-11-27 → 2024-01-31 (provider=yahoo, cache_dir=data/cache/ohlcv, ttl=0)
2026-03-31 10:23:06,142 [INFO] backtesting.backtester: Loaded OHLCV for CRH: shape=(798, 9)
2026-03-31 10:23:06,142 [INFO] backtesting.backtester: Requesting OHLCV for PWR: 2020-11-27 → 2024-01-31 (provider=yahoo, cache_dir=data/cache/ohlcv, ttl=0)
2026-03-31 10:23:06,143 [INFO] backtesting.backtester: Loaded OHLCV for PWR: shape=(798, 9)
2026-03-31 10:23:06,143 [INFO] backtesting.backtester: Requesting OHLCV for XYZ: 2020-11-27 → 2024-01-31 (provider=yahoo, cache_dir=data/cache/ohlcv, ttl=0)
2026-03-31 10:23:06,145 [INFO] backtesting.backtester: Loaded OHLCV for XYZ: shape=(798, 9)
2026-03-31 10:23:06,145 [INFO] backtesting.backtester: Requesting OHLCV for PSX: 2020-11-27 → 2024-01-31 (provider=yahoo, cache_dir=data/cache/ohlcv, ttl=0)
2026-03-31 10:23:06,147 [INFO] backtesting.backtester: Loaded OHLCV for PSX: shape=(798, 9)
2026-03-31 10:23:06,147 [INFO] backtesting.backtester: Requesting OHLCV for ROST: 2020-11-27 → 2024-01-31 (provider=yahoo, cache_dir=data/cache/ohlcv, ttl=0)
2026-03-31 10:23:06,148 [INFO] backtesting.backtester: Loaded OHLCV for ROST: shape=(798, 9)
2026-03-31 10:23:06,148 [INFO] backtesting.backtester: Requesting OHLCV for DASH: 2020-11-27 → 2024-01-31 (provider=yahoo, cache_dir=data/cache/ohlcv, ttl=0)
2026-03-31 10:23:06,167 [INFO] backtesting.backtester: Loaded OHLCV for DASH: shape=(789, 9)
2026-03-31 10:23:06,167 [INFO] backtesting.backtester: Requesting OHLCV for EQIX: 2020-11-27 → 2024-01-31 (provider=yahoo, cache_dir=data/cache/ohlcv, ttl=0)
2026-03-31 10:23:06,169 [INFO] backtesting.backtester: Loaded OHLCV for EQIX: shape=(798, 9)
2026-03-31 10:23:06,169 [INFO] backtesting.backtester: Requesting OHLCV for TTD: 2020-11-27 → 2024-01-31 (provider=yahoo, cache_dir=data/cache/ohlcv, ttl=0)
2026-03-31 10:23:06,170 [INFO] backtesting.backtester: Loaded OHLCV for TTD: shape=(798, 9)
2026-03-31 10:23:06,170 [INFO] backtesting.backtester: Requesting OHLCV for HAL: 2020-11-27 → 2024-01-31 (provider=yahoo, cache_dir=data/cache/ohlcv, ttl=0)
2026-03-31 10:23:06,172 [INFO] backtesting.backtester: Loaded OHLCV for HAL: shape=(798, 9)
2026-03-31 10:23:06,172 [INFO] backtesting.backtester: Requesting OHLCV for DUK: 2020-11-27 → 2024-01-31 (provider=yahoo, cache_dir=data/cache/ohlcv, ttl=0)
2026-03-31 10:23:06,174 [INFO] backtesting.backtester: Loaded OHLCV for DUK: shape=(798, 9)
2026-03-31 10:23:06,174 [INFO] backtesting.backtester: Requesting OHLCV for NOC: 2020-11-27 → 2024-01-31 (provider=yahoo, cache_dir=data/cache/ohlcv, ttl=0)
2026-03-31 10:23:06,176 [INFO] backtesting.backtester: Loaded OHLCV for NOC: shape=(798, 9)
2026-03-31 10:23:06,176 [INFO] backtesting.backtester: Requesting OHLCV for GM: 2020-11-27 → 2024-01-31 (provider=yahoo, cache_dir=data/cache/ohlcv, ttl=0)
2026-03-31 10:23:06,177 [INFO] backtesting.backtester: Loaded OHLCV for GM: shape=(798, 9)
2026-03-31 10:23:06,177 [INFO] backtesting.backtester: Requesting OHLCV for CVS: 2020-11-27 → 2024-01-31 (provider=yahoo, cache_dir=data/cache/ohlcv, ttl=0)
2026-03-31 10:23:06,179 [INFO] backtesting.backtester: Loaded OHLCV for CVS: shape=(798, 9)
2026-03-31 10:23:06,179 [INFO] backtesting.backtester: Requesting OHLCV for FIX: 2020-11-27 → 2024-01-31 (provider=yahoo, cache_dir=data/cache/ohlcv, ttl=0)
2026-03-31 10:23:06,181 [INFO] backtesting.backtester: Loaded OHLCV for FIX: shape=(798, 9)
2026-03-31 10:23:06,181 [INFO] backtesting.backtester: Requesting OHLCV for MDLZ: 2020-11-27 → 2024-01-31 (provider=yahoo, cache_dir=data/cache/ohlcv, ttl=0)
2026-03-31 10:23:06,182 [INFO] backtesting.backtester: Loaded OHLCV for MDLZ: shape=(798, 9)
2026-03-31 10:23:06,182 [INFO] backtesting.backtester: Requesting OHLCV for CB: 2020-11-27 → 2024-01-31 (provider=yahoo, cache_dir=data/cache/ohlcv, ttl=0)
2026-03-31 10:23:06,184 [INFO] backtesting.backtester: Loaded OHLCV for CB: shape=(798, 9)
2026-03-31 10:23:06,184 [INFO] backtesting.backtester: Requesting OHLCV for EXPE: 2020-11-27 → 2024-01-31 (provider=yahoo, cache_dir=data/cache/ohlcv, ttl=0)
2026-03-31 10:23:06,185 [INFO] backtesting.backtester: Loaded OHLCV for EXPE: shape=(798, 9)
2026-03-31 10:23:06,186 [INFO] backtesting.backtester: Requesting OHLCV for AMT: 2020-11-27 → 2024-01-31 (provider=yahoo, cache_dir=data/cache/ohlcv, ttl=0)
2026-03-31 10:23:06,187 [INFO] backtesting.backtester: Loaded OHLCV for AMT: shape=(798, 9)
2026-03-31 10:23:06,187 [INFO] backtesting.backtester: Requesting OHLCV for HCA: 2020-11-27 → 2024-01-31 (provider=yahoo, cache_dir=data/cache/ohlcv, ttl=0)
2026-03-31 10:23:06,189 [INFO] backtesting.backtester: Loaded OHLCV for HCA: shape=(798, 9)
2026-03-31 10:23:06,189 [INFO] backtesting.backtester: Requesting OHLCV for CL: 2020-11-27 → 2024-01-31 (provider=yahoo, cache_dir=data/cache/ohlcv, ttl=0)
2026-03-31 10:23:06,191 [INFO] backtesting.backtester: Loaded OHLCV for CL: shape=(798, 9)
2026-03-31 10:23:06,191 [INFO] backtesting.backtester: Requesting OHLCV for HWM: 2020-11-27 → 2024-01-31 (provider=yahoo, cache_dir=data/cache/ohlcv, ttl=0)
2026-03-31 10:23:06,192 [INFO] backtesting.backtester: Loaded OHLCV for HWM: shape=(798, 9)
2026-03-31 10:23:06,192 [INFO] backtesting.backtester: Requesting OHLCV for PNC: 2020-11-27 → 2024-01-31 (provider=yahoo, cache_dir=data/cache/ohlcv, ttl=0)
2026-03-31 10:23:06,194 [INFO] backtesting.backtester: Loaded OHLCV for PNC: shape=(798, 9)
2026-03-31 10:23:06,194 [INFO] backtesting.backtester: Requesting OHLCV for MPWR: 2020-11-27 → 2024-01-31 (provider=yahoo, cache_dir=data/cache/ohlcv, ttl=0)
2026-03-31 10:23:06,196 [INFO] backtesting.backtester: Loaded OHLCV for MPWR: shape=(798, 9)
2026-03-31 10:23:06,196 [INFO] backtesting.backtester: Requesting OHLCV for HLT: 2020-11-27 → 2024-01-31 (provider=yahoo, cache_dir=data/cache/ohlcv, ttl=0)
2026-03-31 10:23:06,197 [INFO] backtesting.backtester: Loaded OHLCV for HLT: shape=(798, 9)
2026-03-31 10:23:06,197 [INFO] backtesting.backtester: Requesting OHLCV for MCHP: 2020-11-27 → 2024-01-31 (provider=yahoo, cache_dir=data/cache/ohlcv, ttl=0)
2026-03-31 10:23:06,199 [INFO] backtesting.backtester: Loaded OHLCV for MCHP: shape=(798, 9)
2026-03-31 10:23:06,199 [INFO] backtesting.backtester: Requesting OHLCV for EQT: 2020-11-27 → 2024-01-31 (provider=yahoo, cache_dir=data/cache/ohlcv, ttl=0)
2026-03-31 10:23:06,201 [INFO] backtesting.backtester: Loaded OHLCV for EQT: shape=(798, 9)
2026-03-31 10:23:06,201 [INFO] backtesting.backtester: Requesting OHLCV for USB: 2020-11-27 → 2024-01-31 (provider=yahoo, cache_dir=data/cache/ohlcv, ttl=0)
2026-03-31 10:23:06,202 [INFO] backtesting.backtester: Loaded OHLCV for USB: shape=(798, 9)
2026-03-31 10:23:06,202 [INFO] backtesting.backtester: Requesting OHLCV for ADSK: 2020-11-27 → 2024-01-31 (provider=yahoo, cache_dir=data/cache/ohlcv, ttl=0)
2026-03-31 10:23:06,204 [INFO] backtesting.backtester: Loaded OHLCV for ADSK: shape=(798, 9)
2026-03-31 10:23:06,204 [INFO] backtesting.backtester: Requesting OHLCV for CMG: 2020-11-27 → 2024-01-31 (provider=yahoo, cache_dir=data/cache/ohlcv, ttl=0)
2026-03-31 10:23:06,206 [INFO] backtesting.backtester: Loaded OHLCV for CMG: shape=(798, 9)
2026-03-31 10:23:06,206 [INFO] backtesting.backtester: Requesting OHLCV for JCI: 2020-11-27 → 2024-01-31 (provider=yahoo, cache_dir=data/cache/ohlcv, ttl=0)
2026-03-31 10:23:06,208 [INFO] backtesting.backtester: Loaded OHLCV for JCI: shape=(798, 9)
2026-03-31 10:23:06,208 [INFO] backtesting.backtester: Requesting OHLCV for TT: 2020-11-27 → 2024-01-31 (provider=yahoo, cache_dir=data/cache/ohlcv, ttl=0)
2026-03-31 10:23:06,209 [INFO] backtesting.backtester: Loaded OHLCV for TT: shape=(798, 9)
2026-03-31 10:23:06,209 [INFO] backtesting.backtester: Requesting OHLCV for ORLY: 2020-11-27 → 2024-01-31 (provider=yahoo, cache_dir=data/cache/ohlcv, ttl=0)
2026-03-31 10:23:06,211 [INFO] backtesting.backtester: Loaded OHLCV for ORLY: shape=(798, 9)
2026-03-31 10:23:06,211 [INFO] backtesting.backtester: Requesting OHLCV for ICE: 2020-11-27 → 2024-01-31 (provider=yahoo, cache_dir=data/cache/ohlcv, ttl=0)
2026-03-31 10:23:06,213 [INFO] backtesting.backtester: Loaded OHLCV for ICE: shape=(798, 9)
2026-03-31 10:23:06,213 [INFO] backtesting.backtester: Requesting OHLCV for SHW: 2020-11-27 → 2024-01-31 (provider=yahoo, cache_dir=data/cache/ohlcv, ttl=0)
2026-03-31 10:23:06,214 [INFO] backtesting.backtester: Loaded OHLCV for SHW: shape=(798, 9)
2026-03-31 10:23:06,214 [INFO] backtesting.backtester: Requesting OHLCV for LHX: 2020-11-27 → 2024-01-31 (provider=yahoo, cache_dir=data/cache/ohlcv, ttl=0)
2026-03-31 10:23:06,216 [INFO] backtesting.backtester: Loaded OHLCV for LHX: shape=(798, 9)
2026-03-31 10:23:06,216 [INFO] backtesting.backtester: Requesting OHLCV for DDOG: 2020-11-27 → 2024-01-31 (provider=yahoo, cache_dir=data/cache/ohlcv, ttl=0)
2026-03-31 10:23:06,218 [INFO] backtesting.backtester: Loaded OHLCV for DDOG: shape=(798, 9)
2026-03-31 10:23:06,218 [INFO] backtesting.backtester: Requesting OHLCV for KR: 2020-11-27 → 2024-01-31 (provider=yahoo, cache_dir=data/cache/ohlcv, ttl=0)
2026-03-31 10:23:06,219 [INFO] backtesting.backtester: Loaded OHLCV for KR: shape=(798, 9)
2026-03-31 10:23:06,219 [INFO] backtesting.backtester: Requesting OHLCV for AZO: 2020-11-27 → 2024-01-31 (provider=yahoo, cache_dir=data/cache/ohlcv, ttl=0)
2026-03-31 10:23:06,221 [INFO] backtesting.backtester: Loaded OHLCV for AZO: shape=(798, 9)
2026-03-31 10:23:06,221 [INFO] backtesting.backtester: Requesting OHLCV for DOW: 2020-11-27 → 2024-01-31 (provider=yahoo, cache_dir=data/cache/ohlcv, ttl=0)
2026-03-31 10:23:06,222 [INFO] backtesting.backtester: Loaded OHLCV for DOW: shape=(798, 9)
2026-03-31 10:23:06,222 [INFO] backtesting.backtester: Requesting OHLCV for WM: 2020-11-27 → 2024-01-31 (provider=yahoo, cache_dir=data/cache/ohlcv, ttl=0)
2026-03-31 10:23:06,224 [INFO] backtesting.backtester: Loaded OHLCV for WM: shape=(798, 9)

  [24/300] COHR… [24/300] COHR OHLCV window: first_date=2020-11-27, last_date=2024-01-31, n=798
  [25/300] WMT… [25/300] WMT OHLCV window: first_date=2020-11-27, last_date=2024-01-31, n=798
  [26/300] WDC… [26/300] WDC OHLCV window: first_date=2020-11-27, last_date=2024-01-31, n=798
  [27/300] COIN… [27/300] COIN OHLCV window: first_date=2021-04-14, last_date=2024-01-30, n=704
  [28/300] UNH… [28/300] UNH OHLCV window: first_date=2020-11-27, last_date=2024-01-31, n=798
  [29/300] LRCX… [29/300] LRCX OHLCV window: first_date=2020-11-27, last_date=2024-01-31, n=798
  [30/300] AMAT… [30/300] AMAT OHLCV window: first_date=2020-11-27, last_date=2024-01-31, n=798
  [31/300] APP… [31/300] APP OHLCV window: first_date=2021-04-15, last_date=2024-01-30, n=703
  [32/300] BAC… [32/300] BAC OHLCV window: first_date=2020-11-27, last_date=2024-01-31, n=798
  [33/300] V… [33/300] V OHLCV window: first_date=2020-11-27, last_date=2024-01-31, n=798
  [34/300] GEV… insufficient data
  [35/300] GS… [35/300] GS OHLCV window: first_date=2020-11-27, last_date=2024-01-31, n=798
  [36/300] HOOD… [36/300] HOOD OHLCV window: first_date=2021-07-29, last_date=2024-01-30, n=630
insufficient pre-history (<252d before start)
  [37/300] JNJ… [37/300] JNJ OHLCV window: first_date=2020-11-27, last_date=2024-01-31, n=798
  [38/300] CAT… [38/300] CAT OHLCV window: first_date=2020-11-27, last_date=2024-01-31, n=798
  [39/300] NOW… [39/300] NOW OHLCV window: first_date=2020-11-27, last_date=2024-01-31, n=798
  [40/300] GLW… [40/300] GLW OHLCV window: first_date=2020-11-27, last_date=2024-01-31, n=798
  [41/300] INTU… [41/300] INTU OHLCV window: first_date=2020-11-27, last_date=2024-01-31, n=798
  [42/300] CSCO… [42/300] CSCO OHLCV window: first_date=2020-11-27, last_date=2024-01-31, n=798
  [43/300] COST… [43/300] COST OHLCV window: first_date=2020-11-27, last_date=2024-01-31, n=798
  [44/300] BKNG… [44/300] BKNG OHLCV window: first_date=2020-11-27, last_date=2024-01-31, n=798
  [45/300] CRWD… [45/300] CRWD OHLCV window: first_date=2020-11-27, last_date=2024-01-31, n=798
  [46/300] C… [46/300] C OHLCV window: first_date=2020-11-27, last_date=2024-01-31, n=798
  [47/300] PG… [47/300] PG OHLCV window: first_date=2020-11-27, last_date=2024-01-31, n=798
  [48/300] MA… [48/300] MA OHLCV window: first_date=2020-11-27, last_date=2024-01-31, n=798
  [49/300] ADBE… [49/300] ADBE OHLCV window: first_date=2020-11-27, last_date=2024-01-31, n=798
  [50/300] ACN… [50/300] ACN OHLCV window: first_date=2020-11-27, last_date=2024-01-31, n=798
  [51/300] QCOM… [51/300] QCOM OHLCV window: first_date=2020-11-27, last_date=2024-01-31, n=798
  [52/300] GE… [52/300] GE OHLCV window: first_date=2020-11-27, last_date=2024-01-31, n=798
  [53/300] DELL… [53/300] DELL OHLCV window: first_date=2020-11-27, last_date=2024-01-31, n=798
  [54/300] ABBV… [54/300] ABBV OHLCV window: first_date=2020-11-27, last_date=2024-01-31, n=798
  [55/300] WFC… [55/300] WFC OHLCV window: first_date=2020-11-27, last_date=2024-01-31, n=798
  [56/300] BA… [56/300] BA OHLCV window: first_date=2020-11-27, last_date=2024-01-31, n=798
  [57/300] KLAC… [57/300] KLAC OHLCV window: first_date=2020-11-27, last_date=2024-01-31, n=798
  [58/300] IBM… [58/300] IBM OHLCV window: first_date=2020-11-27, last_date=2024-01-31, n=798
  [59/300] HD… [59/300] HD OHLCV window: first_date=2020-11-27, last_date=2024-01-31, n=798
  [60/300] COP… [60/300] COP OHLCV window: first_date=2020-11-27, last_date=2024-01-31, n=798
  [61/300] STX… [61/300] STX OHLCV window: first_date=2020-11-27, last_date=2024-01-31, n=798
  [62/300] UBER… [62/300] UBER OHLCV window: first_date=2020-11-27, last_date=2024-01-31, n=798
  [63/300] LIN… [63/300] LIN OHLCV window: first_date=2020-11-27, last_date=2024-01-31, n=798
  [64/300] VZ… [64/300] VZ OHLCV window: first_date=2020-11-27, last_date=2024-01-31, n=798
  [65/300] APH… [65/300] APH OHLCV window: first_date=2020-11-27, last_date=2024-01-31, n=798
  [66/300] ABT… [66/300] ABT OHLCV window: first_date=2020-11-27, last_date=2024-01-31, n=798
  [67/300] NEM… [67/300] NEM OHLCV window: first_date=2020-11-27, last_date=2024-01-31, n=798
  [68/300] AXP… [68/300] AXP OHLCV window: first_date=2020-11-27, last_date=2024-01-31, n=798
  [69/300] KO… [69/300] KO OHLCV window: first_date=2020-11-27, last_date=2024-01-31, n=798
  [70/300] ADI… [70/300] ADI OHLCV window: first_date=2020-11-27, last_date=2024-01-31, n=798
  [71/300] PANW… [71/300] PANW OHLCV window: first_date=2020-11-27, last_date=2024-01-31, n=798
  [72/300] TXN… [72/300] TXN OHLCV window: first_date=2020-11-27, last_date=2024-01-31, n=798
  [73/300] RTX… [73/300] RTX OHLCV window: first_date=2020-11-27, last_date=2024-01-31, n=798
  [74/300] BX… [74/300] BX OHLCV window: first_date=2020-11-27, last_date=2024-01-31, n=798
  [75/300] T… [75/300] T OHLCV window: first_date=2020-11-27, last_date=2024-01-31, n=798
  [76/300] MRK… [76/300] MRK OHLCV window: first_date=2020-11-27, last_date=2024-01-31, n=798
  [77/300] MS… [77/300] MS OHLCV window: first_date=2020-11-27, last_date=2024-01-31, n=798
  [78/300] CIEN… [78/300] CIEN OHLCV window: first_date=2020-11-27, last_date=2024-01-31, n=798
  [79/300] LMT… [79/300] LMT OHLCV window: first_date=2020-11-27, last_date=2024-01-31, n=798
  [80/300] OXY… [80/300] OXY OHLCV window: first_date=2020-11-27, last_date=2024-01-31, n=798
  [81/300] DIS… [81/300] DIS OHLCV window: first_date=2020-11-27, last_date=2024-01-31, n=798
  [82/300] FCX… [82/300] FCX OHLCV window: first_date=2020-11-27, last_date=2024-01-31, n=798
  [83/300] TMUS… [83/300] TMUS OHLCV window: first_date=2020-11-27, last_date=2024-01-31, n=798
  [84/300] SMCI… [84/300] SMCI OHLCV window: first_date=2020-11-27, last_date=2024-01-31, n=798
  [85/300] PFE… [85/300] PFE OHLCV window: first_date=2020-11-27, last_date=2024-01-31, n=798
  [86/300] CMCSA… [86/300] CMCSA OHLCV window: first_date=2020-11-27, last_date=2024-01-31, n=798
  [87/300] VLO… [87/300] VLO OHLCV window: first_date=2020-11-27, last_date=2024-01-31, n=798
  [88/300] TER… [88/300] TER OHLCV window: first_date=2020-11-27, last_date=2024-01-31, n=798
  [89/300] COF… [89/300] COF OHLCV window: first_date=2020-11-27, last_date=2024-01-31, n=798
  [90/300] TMO… [90/300] TMO OHLCV window: first_date=2020-11-27, last_date=2024-01-31, n=798
  [91/300] MCD… [91/300] MCD OHLCV window: first_date=2020-11-27, last_date=2024-01-31, n=798
  [92/300] PEP… [92/300] PEP OHLCV window: first_date=2020-11-27, last_date=2024-01-31, n=798
  [93/300] SLB… [93/300] SLB OHLCV window: first_date=2020-11-27, last_date=2024-01-31, n=798
  [94/300] BLK… [94/300] BLK OHLCV window: first_date=2020-11-27, last_date=2024-01-31, n=798
  [95/300] SNPS… [95/300] SNPS OHLCV window: first_date=2020-11-27, last_date=2024-01-31, n=798
  [96/300] NEE… [96/300] NEE OHLCV window: first_date=2020-11-27, last_date=2024-01-31, n=798
  [97/300] SPGI… [97/300] SPGI OHLCV window: first_date=2020-11-27, last_date=2024-01-31, n=798
  [98/300] AMGN… [98/300] AMGN OHLCV window: first_date=2020-11-27, last_date=2024-01-31, n=798
  [99/300] ETN… [99/300] ETN OHLCV window: first_date=2020-11-27, last_date=2024-01-31, n=798
  [100/300] DAL… [100/300] DAL OHLCV window: first_date=2020-11-27, last_date=2024-01-31, n=798
  [101/300] GILD… [101/300] GILD OHLCV window: first_date=2020-11-27, last_date=2024-01-31, n=798
  [102/300] HON… [102/300] HON OHLCV window: first_date=2020-11-27, last_date=2024-01-31, n=798
  [103/300] CEG… [103/300] CEG OHLCV window: first_date=2022-01-19, last_date=2024-01-30, n=510
insufficient pre-history (<252d before start)
  [104/300] ADP… [104/300] ADP OHLCV window: first_date=2020-11-27, last_date=2024-01-31, n=798
  [105/300] BSX… [105/300] BSX OHLCV window: first_date=2020-11-27, last_date=2024-01-31, n=798
  [106/300] PYPL… [106/300] PYPL OHLCV window: first_date=2020-11-27, last_date=2024-01-31, n=798
  [107/300] PM… [107/300] PM OHLCV window: first_date=2020-11-27, last_date=2024-01-31, n=798
  [108/300] CVNA… [108/300] CVNA OHLCV window: first_date=2020-11-27, last_date=2024-01-31, n=7982026-03-31 10:23:06,224 [INFO] backtesting.backtester: Requesting OHLCV for ABNB: 2020-11-27 → 2024-01-31 (provider=yahoo, cache_dir=data/cache/ohlcv, ttl=0)
2026-03-31 10:23:06,243 [INFO] backtesting.backtester: Loaded OHLCV for ABNB: shape=(788, 9)
2026-03-31 10:23:06,243 [INFO] backtesting.backtester: Requesting OHLCV for NRG: 2020-11-27 → 2024-01-31 (provider=yahoo, cache_dir=data/cache/ohlcv, ttl=0)
2026-03-31 10:23:06,245 [INFO] backtesting.backtester: Loaded OHLCV for NRG: shape=(798, 9)
2026-03-31 10:23:06,245 [INFO] backtesting.backtester: Requesting OHLCV for SO: 2020-11-27 → 2024-01-31 (provider=yahoo, cache_dir=data/cache/ohlcv, ttl=0)
2026-03-31 10:23:06,246 [INFO] backtesting.backtester: Loaded OHLCV for SO: shape=(798, 9)
2026-03-31 10:23:06,247 [INFO] backtesting.backtester: Requesting OHLCV for NXPI: 2020-11-27 → 2024-01-31 (provider=yahoo, cache_dir=data/cache/ohlcv, ttl=0)
2026-03-31 10:23:06,248 [INFO] backtesting.backtester: Loaded OHLCV for NXPI: shape=(798, 9)
2026-03-31 10:23:06,248 [INFO] backtesting.backtester: Requesting OHLCV for MRSH: 2020-11-27 → 2024-01-31 (provider=yahoo, cache_dir=data/cache/ohlcv, ttl=0)
2026-03-31 10:23:06,250 [INFO] backtesting.backtester: Loaded OHLCV for MRSH: shape=(798, 9)
2026-03-31 10:23:06,250 [INFO] backtesting.backtester: Requesting OHLCV for ZTS: 2020-11-27 → 2024-01-31 (provider=yahoo, cache_dir=data/cache/ohlcv, ttl=0)
2026-03-31 10:23:06,252 [INFO] backtesting.backtester: Loaded OHLCV for ZTS: shape=(798, 9)
2026-03-31 10:23:06,252 [INFO] backtesting.backtester: Requesting OHLCV for ULTA: 2020-11-27 → 2024-01-31 (provider=yahoo, cache_dir=data/cache/ohlcv, ttl=0)
2026-03-31 10:23:06,253 [INFO] backtesting.backtester: Loaded OHLCV for ULTA: shape=(798, 9)
2026-03-31 10:23:06,253 [INFO] backtesting.backtester: Requesting OHLCV for AEP: 2020-11-27 → 2024-01-31 (provider=yahoo, cache_dir=data/cache/ohlcv, ttl=0)
2026-03-31 10:23:06,255 [INFO] backtesting.backtester: Loaded OHLCV for AEP: shape=(798, 9)
2026-03-31 10:23:06,255 [INFO] backtesting.backtester: Requesting OHLCV for CSX: 2020-11-27 → 2024-01-31 (provider=yahoo, cache_dir=data/cache/ohlcv, ttl=0)
2026-03-31 10:23:06,257 [INFO] backtesting.backtester: Loaded OHLCV for CSX: shape=(798, 9)
2026-03-31 10:23:06,257 [INFO] backtesting.backtester: Requesting OHLCV for MSI: 2020-11-27 → 2024-01-31 (provider=yahoo, cache_dir=data/cache/ohlcv, ttl=0)
2026-03-31 10:23:06,258 [INFO] backtesting.backtester: Loaded OHLCV for MSI: shape=(798, 9)
2026-03-31 10:23:06,258 [INFO] backtesting.backtester: Requesting OHLCV for KEYS: 2020-11-27 → 2024-01-31 (provider=yahoo, cache_dir=data/cache/ohlcv, ttl=0)
2026-03-31 10:23:06,260 [INFO] backtesting.backtester: Loaded OHLCV for KEYS: shape=(798, 9)
2026-03-31 10:23:06,260 [INFO] backtesting.backtester: Requesting OHLCV for KMB: 2020-11-27 → 2024-01-31 (provider=yahoo, cache_dir=data/cache/ohlcv, ttl=0)
2026-03-31 10:23:06,262 [INFO] backtesting.backtester: Loaded OHLCV for KMB: shape=(798, 9)
2026-03-31 10:23:06,262 [INFO] backtesting.backtester: Requesting OHLCV for MAR: 2020-11-27 → 2024-01-31 (provider=yahoo, cache_dir=data/cache/ohlcv, ttl=0)
2026-03-31 10:23:06,263 [INFO] backtesting.backtester: Loaded OHLCV for MAR: shape=(798, 9)
2026-03-31 10:23:06,263 [INFO] backtesting.backtester: Requesting OHLCV for FITB: 2020-11-27 → 2024-01-31 (provider=yahoo, cache_dir=data/cache/ohlcv, ttl=0)
2026-03-31 10:23:06,265 [INFO] backtesting.backtester: Loaded OHLCV for FITB: shape=(798, 9)
2026-03-31 10:23:06,265 [INFO] backtesting.backtester: Requesting OHLCV for LULU: 2020-11-27 → 2024-01-31 (provider=yahoo, cache_dir=data/cache/ohlcv, ttl=0)
2026-03-31 10:23:06,267 [INFO] backtesting.backtester: Loaded OHLCV for LULU: shape=(798, 9)
2026-03-31 10:23:06,267 [INFO] backtesting.backtester: Requesting OHLCV for ROP: 2020-11-27 → 2024-01-31 (provider=yahoo, cache_dir=data/cache/ohlcv, ttl=0)
2026-03-31 10:23:06,268 [INFO] backtesting.backtester: Loaded OHLCV for ROP: shape=(798, 9)
2026-03-31 10:23:06,268 [INFO] backtesting.backtester: Requesting OHLCV for MNST: 2020-11-27 → 2024-01-31 (provider=yahoo, cache_dir=data/cache/ohlcv, ttl=0)
2026-03-31 10:23:06,270 [INFO] backtesting.backtester: Loaded OHLCV for MNST: shape=(798, 9)
2026-03-31 10:23:06,270 [INFO] backtesting.backtester: Requesting OHLCV for URI: 2020-11-27 → 2024-01-31 (provider=yahoo, cache_dir=data/cache/ohlcv, ttl=0)
2026-03-31 10:23:06,272 [INFO] backtesting.backtester: Loaded OHLCV for URI: shape=(798, 9)
2026-03-31 10:23:06,272 [INFO] backtesting.backtester: Requesting OHLCV for LYV: 2020-11-27 → 2024-01-31 (provider=yahoo, cache_dir=data/cache/ohlcv, ttl=0)
2026-03-31 10:23:06,273 [INFO] backtesting.backtester: Loaded OHLCV for LYV: shape=(798, 9)
2026-03-31 10:23:06,273 [INFO] backtesting.backtester: Requesting OHLCV for DG: 2020-11-27 → 2024-01-31 (provider=yahoo, cache_dir=data/cache/ohlcv, ttl=0)
2026-03-31 10:23:06,275 [INFO] backtesting.backtester: Loaded OHLCV for DG: shape=(798, 9)
2026-03-31 10:23:06,275 [INFO] backtesting.backtester: Requesting OHLCV for CMI: 2020-11-27 → 2024-01-31 (provider=yahoo, cache_dir=data/cache/ohlcv, ttl=0)
2026-03-31 10:23:06,277 [INFO] backtesting.backtester: Loaded OHLCV for CMI: shape=(798, 9)
2026-03-31 10:23:06,277 [INFO] backtesting.backtester: Requesting OHLCV for CI: 2020-11-27 → 2024-01-31 (provider=yahoo, cache_dir=data/cache/ohlcv, ttl=0)
2026-03-31 10:23:06,279 [INFO] backtesting.backtester: Loaded OHLCV for CI: shape=(798, 9)
2026-03-31 10:23:06,279 [INFO] backtesting.backtester: Requesting OHLCV for AJG: 2020-11-27 → 2024-01-31 (provider=yahoo, cache_dir=data/cache/ohlcv, ttl=0)
2026-03-31 10:23:06,280 [INFO] backtesting.backtester: Loaded OHLCV for AJG: shape=(798, 9)
2026-03-31 10:23:06,280 [INFO] backtesting.backtester: Requesting OHLCV for FTNT: 2020-11-27 → 2024-01-31 (provider=yahoo, cache_dir=data/cache/ohlcv, ttl=0)
2026-03-31 10:23:06,282 [INFO] backtesting.backtester: Loaded OHLCV for FTNT: shape=(798, 9)
2026-03-31 10:23:06,282 [INFO] backtesting.backtester: Requesting OHLCV for NCLH: 2020-11-27 → 2024-01-31 (provider=yahoo, cache_dir=data/cache/ohlcv, ttl=0)
2026-03-31 10:23:06,284 [INFO] backtesting.backtester: Loaded OHLCV for NCLH: shape=(798, 9)
2026-03-31 10:23:06,284 [INFO] backtesting.backtester: Requesting OHLCV for EA: 2020-11-27 → 2024-01-31 (provider=yahoo, cache_dir=data/cache/ohlcv, ttl=0)
2026-03-31 10:23:06,285 [INFO] backtesting.backtester: Loaded OHLCV for EA: shape=(798, 9)
2026-03-31 10:23:06,285 [INFO] backtesting.backtester: Requesting OHLCV for ARES: 2020-11-27 → 2024-01-31 (provider=yahoo, cache_dir=data/cache/ohlcv, ttl=0)
2026-03-31 10:23:06,287 [INFO] backtesting.backtester: Loaded OHLCV for ARES: shape=(798, 9)
2026-03-31 10:23:06,287 [INFO] backtesting.backtester: Requesting OHLCV for AKAM: 2020-11-27 → 2024-01-31 (provider=yahoo, cache_dir=data/cache/ohlcv, ttl=0)
2026-03-31 10:23:06,288 [INFO] backtesting.backtester: Loaded OHLCV for AKAM: shape=(798, 9)
2026-03-31 10:23:06,288 [INFO] backtesting.backtester: Requesting OHLCV for WMB: 2020-11-27 → 2024-01-31 (provider=yahoo, cache_dir=data/cache/ohlcv, ttl=0)
2026-03-31 10:23:06,290 [INFO] backtesting.backtester: Loaded OHLCV for WMB: shape=(798, 9)
2026-03-31 10:23:06,290 [INFO] backtesting.backtester: Requesting OHLCV for TDG: 2020-11-27 → 2024-01-31 (provider=yahoo, cache_dir=data/cache/ohlcv, ttl=0)
2026-03-31 10:23:06,292 [INFO] backtesting.backtester: Loaded OHLCV for TDG: shape=(798, 9)
2026-03-31 10:23:06,292 [INFO] backtesting.backtester: Requesting OHLCV for COR: 2020-11-27 → 2024-01-31 (provider=yahoo, cache_dir=data/cache/ohlcv, ttl=0)
2026-03-31 10:23:06,293 [INFO] backtesting.backtester: Loaded OHLCV for COR: shape=(798, 9)
2026-03-31 10:23:06,293 [INFO] backtesting.backtester: Requesting OHLCV for PLD: 2020-11-27 → 2024-01-31 (provider=yahoo, cache_dir=data/cache/ohlcv, ttl=0)
2026-03-31 10:23:06,295 [INFO] backtesting.backtester: Loaded OHLCV for PLD: shape=(798, 9)
2026-03-31 10:23:06,295 [INFO] backtesting.backtester: Requesting OHLCV for TEL: 2020-11-27 → 2024-01-31 (provider=yahoo, cache_dir=data/cache/ohlcv, ttl=0)
2026-03-31 10:23:06,296 [INFO] backtesting.backtester: Loaded OHLCV for TEL: shape=(798, 9)
2026-03-31 10:23:06,297 [INFO] backtesting.backtester: Requesting OHLCV for CTAS: 2020-11-27 → 2024-01-31 (provider=yahoo, cache_dir=data/cache/ohlcv, ttl=0)
2026-03-31 10:23:06,298 [INFO] backtesting.backtester: Loaded OHLCV for CTAS: shape=(798, 9)
2026-03-31 10:23:06,298 [INFO] backtesting.backtester: Requesting OHLCV for AXON: 2020-11-27 → 2024-01-31 (provider=yahoo, cache_dir=data/cache/ohlcv, ttl=0)
2026-03-31 10:23:06,300 [INFO] backtesting.backtester: Loaded OHLCV for AXON: shape=(798, 9)
2026-03-31 10:23:06,300 [INFO] backtesting.backtester: Requesting OHLCV for KMI: 2020-11-27 → 2024-01-31 (provider=yahoo, cache_dir=data/cache/ohlcv, ttl=0)
2026-03-31 10:23:06,301 [INFO] backtesting.backtester: Loaded OHLCV for KMI: shape=(798, 9)
2026-03-31 10:23:06,301 [INFO] backtesting.backtester: Requesting OHLCV for MRNA: 2020-11-27 → 2024-01-31 (provider=yahoo, cache_dir=data/cache/ohlcv, ttl=0)
2026-03-31 10:23:06,303 [INFO] backtesting.backtester: Loaded OHLCV for MRNA: shape=(798, 9)
2026-03-31 10:23:06,303 [INFO] backtesting.backtester: Requesting OHLCV for ECL: 2020-11-27 → 2024-01-31 (provider=yahoo, cache_dir=data/cache/ohlcv, ttl=0)
2026-03-31 10:23:06,304 [INFO] backtesting.backtester: Loaded OHLCV for ECL: shape=(798, 9)
2026-03-31 10:23:06,305 [INFO] backtesting.backtester: Requesting OHLCV for EL: 2020-11-27 → 2024-01-31 (provider=yahoo, cache_dir=data/cache/ohlcv, ttl=0)
2026-03-31 10:23:06,306 [INFO] backtesting.backtester: Loaded OHLCV for EL: shape=(798, 9)
2026-03-31 10:23:06,306 [INFO] backtesting.backtester: Requesting OHLCV for EXC: 2020-11-27 → 2024-01-31 (provider=yahoo, cache_dir=data/cache/ohlcv, ttl=0)
2026-03-31 10:23:06,308 [INFO] backtesting.backtester: Loaded OHLCV for EXC: shape=(798, 9)
2026-03-31 10:23:06,308 [INFO] backtesting.backtester: Requesting OHLCV for FICO: 2020-11-27 → 2024-01-31 (provider=yahoo, cache_dir=data/cache/ohlcv, ttl=0)
2026-03-31 10:23:06,309 [INFO] backtesting.backtester: Loaded OHLCV for FICO: shape=(798, 9)
2026-03-31 10:23:06,309 [INFO] backtesting.backtester: Requesting OHLCV for REGN: 2020-11-27 → 2024-01-31 (provider=yahoo, cache_dir=data/cache/ohlcv, ttl=0)
2026-03-31 10:23:06,311 [INFO] backtesting.backtester: Loaded OHLCV for REGN: shape=(798, 9)
2026-03-31 10:23:06,311 [INFO] backtesting.backtester: Requesting OHLCV for OKE: 2020-11-27 → 2024-01-31 (provider=yahoo, cache_dir=data/cache/ohlcv, ttl=0)
2026-03-31 10:23:06,313 [INFO] backtesting.backtester: Loaded OHLCV for OKE: shape=(798, 9)
2026-03-31 10:23:06,313 [INFO] backtesting.backtester: Requesting OHLCV for HBAN: 2020-11-27 → 2024-01-31 (provider=yahoo, cache_dir=data/cache/ohlcv, ttl=0)
2026-03-31 10:23:06,314 [INFO] backtesting.backtester: Loaded OHLCV for HBAN: shape=(798, 9)
2026-03-31 10:23:06,314 [INFO] backtesting.backtester: Requesting OHLCV for AON: 2020-11-27 → 2024-01-31 (provider=yahoo, cache_dir=data/cache/ohlcv, ttl=0)
2026-03-31 10:23:06,316 [INFO] backtesting.backtester: Loaded OHLCV for AON: shape=(798, 9)
2026-03-31 10:23:06,316 [INFO] backtesting.backtester: Requesting OHLCV for HPE: 2020-11-27 → 2024-01-31 (provider=yahoo, cache_dir=data/cache/ohlcv, ttl=0)
2026-03-31 10:23:06,318 [INFO] backtesting.backtester: Loaded OHLCV for HPE: shape=(798, 9)
2026-03-31 10:23:06,318 [INFO] backtesting.backtester: Requesting OHLCV for GD: 2020-11-27 → 2024-01-31 (provider=yahoo, cache_dir=data/cache/ohlcv, ttl=0)
2026-03-31 10:23:06,319 [INFO] backtesting.backtester: Loaded OHLCV for GD: shape=(798, 9)
2026-03-31 10:23:06,320 [INFO] backtesting.backtester: Requesting OHLCV for TRV: 2020-11-27 → 2024-01-31 (provider=yahoo, cache_dir=data/cache/ohlcv, ttl=0)
2026-03-31 10:23:06,321 [INFO] backtesting.backtester: Loaded OHLCV for TRV: shape=(798, 9)
2026-03-31 10:23:06,321 [INFO] backtesting.backtester: Requesting OHLCV for EBAY: 2020-11-27 → 2024-01-31 (provider=yahoo, cache_dir=data/cache/ohlcv, ttl=0)
2026-03-31 10:23:06,323 [INFO] backtesting.backtester: Loaded OHLCV for EBAY: shape=(798, 9)
2026-03-31 10:23:06,323 [INFO] backtesting.backtester: Requesting OHLCV for ODFL: 2020-11-27 → 2024-01-31 (provider=yahoo, cache_dir=data/cache/ohlcv, ttl=0)
2026-03-31 10:23:06,325 [INFO] backtesting.backtester: Loaded OHLCV for ODFL: shape=(798, 9)
2026-03-31 10:23:06,325 [INFO] backtesting.backtester: Requesting OHLCV for KVUE: 2020-11-27 → 2024-01-31 (provider=yahoo, cache_dir=data/cache/ohlcv, ttl=0)
2026-03-31 10:23:06,343 [INFO] backtesting.backtester: Loaded OHLCV for KVUE: shape=(186, 9)
2026-03-31 10:23:06,343 [WARNING] backtesting.backtester: Skipping KVUE due to insufficient data (len=186 < 210 bars)
2026-03-31 10:23:06,343 [INFO] backtesting.backtester: Requesting OHLCV for EXE: 2020-11-27 → 2024-01-31 (provider=yahoo, cache_dir=data/cache/ohlcv, ttl=0)
2026-03-31 10:23:06,362 [INFO] backtesting.backtester: Loaded OHLCV for EXE: shape=(747, 9)
2026-03-31 10:23:06,362 [INFO] backtesting.backtester: Requesting OHLCV for TFC: 2020-11-27 → 2024-01-31 (provider=yahoo, cache_dir=data/cache/ohlcv, ttl=0)
2026-03-31 10:23:06,364 [INFO] backtesting.backtester: Loaded OHLCV for TFC: shape=(798, 9)
2026-03-31 10:23:06,364 [INFO] backtesting.backtester: Requesting OHLCV for ON: 2020-11-27 → 2024-01-31 (provider=yahoo, cache_dir=data/cache/ohlcv, ttl=0)
2026-03-31 10:23:06,366 [INFO] backtesting.backtester: Loaded OHLCV for ON: shape=(798, 9)
2026-03-31 10:23:06,366 [INFO] backtesting.backtester: Requesting OHLCV for PCG: 2020-11-27 → 2024-01-31 (provider=yahoo, cache_dir=data/cache/ohlcv, ttl=0)
2026-03-31 10:23:06,367 [INFO] backtesting.backtester: Loaded OHLCV for PCG: shape=(798, 9)
2026-03-31 10:23:06,367 [INFO] backtesting.backtester: Requesting OHLCV for LUV: 2020-11-27 → 2024-01-31 (provider=yahoo, cache_dir=data/cache/ohlcv, ttl=0)
2026-03-31 10:23:06,369 [INFO] backtesting.backtester: Loaded OHLCV for LUV: shape=(798, 9)
2026-03-31 10:23:06,369 [INFO] backtesting.backtester: Requesting OHLCV for BDX: 2020-11-27 → 2024-01-31 (provider=yahoo, cache_dir=data/cache/ohlcv, ttl=0)
2026-03-31 10:23:06,371 [INFO] backtesting.backtester: Loaded OHLCV for BDX: shape=(798, 9)
2026-03-31 10:23:06,371 [INFO] backtesting.backtester: Requesting OHLCV for O: 2020-11-27 → 2024-01-31 (provider=yahoo, cache_dir=data/cache/ohlcv, ttl=0)
2026-03-31 10:23:06,373 [INFO] backtesting.backtester: Loaded OHLCV for O: shape=(798, 9)
2026-03-31 10:23:06,373 [INFO] backtesting.backtester: Requesting OHLCV for PAYX: 2020-11-27 → 2024-01-31 (provider=yahoo, cache_dir=data/cache/ohlcv, ttl=0)
2026-03-31 10:23:06,375 [INFO] backtesting.backtester: Loaded OHLCV for PAYX: shape=(798, 9)
2026-03-31 10:23:06,375 [INFO] backtesting.backtester: Requesting OHLCV for CTSH: 2020-11-27 → 2024-01-31 (provider=yahoo, cache_dir=data/cache/ohlcv, ttl=0)
2026-03-31 10:23:06,377 [INFO] backtesting.backtester: Loaded OHLCV for CTSH: shape=(798, 9)
2026-03-31 10:23:06,377 [INFO] backtesting.backtester: Requesting OHLCV for CAH: 2020-11-27 → 2024-01-31 (provider=yahoo, cache_dir=data/cache/ohlcv, ttl=0)
2026-03-31 10:23:06,379 [INFO] backtesting.backtester: Loaded OHLCV for CAH: shape=(798, 9)
2026-03-31 10:23:06,379 [INFO] backtesting.backtester: Requesting OHLCV for RF: 2020-11-27 → 2024-01-31 (provider=yahoo, cache_dir=data/cache/ohlcv, ttl=0)
2026-03-31 10:23:06,381 [INFO] backtesting.backtester: Loaded OHLCV for RF: shape=(798, 9)
2026-03-31 10:23:06,381 [INFO] backtesting.backtester: Requesting OHLCV for APD: 2020-11-27 → 2024-01-31 (provider=yahoo, cache_dir=data/cache/ohlcv, ttl=0)
2026-03-31 10:23:06,383 [INFO] backtesting.backtester: Loaded OHLCV for APD: shape=(798, 9)
2026-03-31 10:23:06,383 [INFO] backtesting.backtester: Requesting OHLCV for TTWO: 2020-11-27 → 2024-01-31 (provider=yahoo, cache_dir=data/cache/ohlcv, ttl=0)
2026-03-31 10:23:06,385 [INFO] backtesting.backtester: Loaded OHLCV for TTWO: shape=(798, 9)
2026-03-31 10:23:06,385 [INFO] backtesting.backtester: Requesting OHLCV for VMC: 2020-11-27 → 2024-01-31 (provider=yahoo, cache_dir=data/cache/ohlcv, ttl=0)
2026-03-31 10:23:06,387 [INFO] backtesting.backtester: Loaded OHLCV for VMC: shape=(798, 9)
2026-03-31 10:23:06,387 [INFO] backtesting.backtester: Requesting OHLCV for BK: 2020-11-27 → 2024-01-31 (provider=yahoo, cache_dir=data/cache/ohlcv, ttl=0)
2026-03-31 10:23:06,389 [INFO] backtesting.backtester: Loaded OHLCV for BK: shape=(798, 9)
2026-03-31 10:23:06,389 [INFO] backtesting.backtester: Requesting OHLCV for GIS: 2020-11-27 → 2024-01-31 (provider=yahoo, cache_dir=data/cache/ohlcv, ttl=0)
2026-03-31 10:23:06,391 [INFO] backtesting.backtester: Loaded OHLCV for GIS: shape=(798, 9)
2026-03-31 10:23:06,391 [INFO] backtesting.backtester: Requesting OHLCV for EMR: 2020-11-27 → 2024-01-31 (provider=yahoo, cache_dir=data/cache/ohlcv, ttl=0)
2026-03-31 10:23:06,393 [INFO] backtesting.backtester: Loaded OHLCV for EMR: shape=(798, 9)
2026-03-31 10:23:06,393 [INFO] backtesting.backtester: Requesting OHLCV for DPZ: 2020-11-27 → 2024-01-31 (provider=yahoo, cache_dir=data/cache/ohlcv, ttl=0)
2026-03-31 10:23:06,395 [INFO] backtesting.backtester: Loaded OHLCV for DPZ: shape=(798, 9)
2026-03-31 10:23:06,395 [INFO] backtesting.backtester: Requesting OHLCV for CTRA: 2020-11-27 → 2024-01-31 (provider=yahoo, cache_dir=data/cache/ohlcv, ttl=0)
2026-03-31 10:23:06,397 [INFO] backtesting.backtester: Loaded OHLCV for CTRA: shape=(798, 9)
2026-03-31 10:23:06,397 [INFO] backtesting.backtester: Requesting OHLCV for KHC: 2020-11-27 → 2024-01-31 (provider=yahoo, cache_dir=data/cache/ohlcv, ttl=0)
2026-03-31 10:23:06,399 [INFO] backtesting.backtester: Loaded OHLCV for KHC: shape=(798, 9)
2026-03-31 10:23:06,399 [INFO] backtesting.backtester: Requesting OHLCV for VRSK: 2020-11-27 → 2024-01-31 (provider=yahoo, cache_dir=data/cache/ohlcv, ttl=0)
2026-03-31 10:23:06,401 [INFO] backtesting.backtester: Loaded OHLCV for VRSK: shape=(798, 9)
2026-03-31 10:23:06,401 [INFO] backtesting.backtester: Requesting OHLCV for PSA: 2020-11-27 → 2024-01-31 (provider=yahoo, cache_dir=data/cache/ohlcv, ttl=0)
2026-03-31 10:23:06,403 [INFO] backtesting.backtester: Loaded OHLCV for PSA: shape=(798, 9)
2026-03-31 10:23:06,403 [INFO] backtesting.backtester: Requesting OHLCV for DHI: 2020-11-27 → 2024-01-31 (provider=yahoo, cache_dir=data/cache/ohlcv, ttl=0)
2026-03-31 10:23:06,405 [INFO] backtesting.backtester: Loaded OHLCV for DHI: shape=(798, 9)
2026-03-31 10:23:06,405 [INFO] backtesting.backtester: Requesting OHLCV for OMC: 2020-11-27 → 2024-01-31 (provider=yahoo, cache_dir=data/cache/ohlcv, ttl=0)
2026-03-31 10:23:06,406 [INFO] backtesting.backtester: Loaded OHLCV for OMC: shape=(798, 9)
2026-03-31 10:23:06,407 [INFO] backtesting.backtester: Requesting OHLCV for FSLR: 2020-11-27 → 2024-01-31 (provider=yahoo, cache_dir=data/cache/ohlcv, ttl=0)
2026-03-31 10:23:06,408 [INFO] backtesting.backtester: Loaded OHLCV for FSLR: shape=(798, 9)
2026-03-31 10:23:06,408 [INFO] backtesting.backtester: Requesting OHLCV for TRGP: 2020-11-27 → 2024-01-31 (provider=yahoo, cache_dir=data/cache/ohlcv, ttl=0)
2026-03-31 10:23:06,410 [INFO] backtesting.backtester: Loaded OHLCV for TRGP: shape=(798, 9)
2026-03-31 10:23:06,410 [INFO] backtesting.backtester: Requesting OHLCV for CARR: 2020-11-27 → 2024-01-31 (provider=yahoo, cache_dir=data/cache/ohlcv, ttl=0)
2026-03-31 10:23:06,412 [INFO] backtesting.backtester: Loaded OHLCV for CARR: shape=(798, 9)
2026-03-31 10:23:06,412 [INFO] backtesting.backtester: Requesting OHLCV for NSC: 2020-11-27 → 2024-01-31 (provider=yahoo, cache_dir=data/cache/ohlcv, ttl=0)
2026-03-31 10:23:06,414 [INFO] backtesting.backtester: Loaded OHLCV for NSC: shape=(798, 9)
2026-03-31 10:23:06,414 [INFO] backtesting.backtester: Requesting OHLCV for EW: 2020-11-27 → 2024-01-31 (provider=yahoo, cache_dir=data/cache/ohlcv, ttl=0)
2026-03-31 10:23:06,415 [INFO] backtesting.backtester: Loaded OHLCV for EW: shape=(798, 9)
2026-03-31 10:23:06,415 [INFO] backtesting.backtester: Requesting OHLCV for ROK: 2020-11-27 → 2024-01-31 (provider=yahoo, cache_dir=data/cache/ohlcv, ttl=0)
2026-03-31 10:23:06,417 [INFO] backtesting.backtester: Loaded OHLCV for ROK: shape=(798, 9)
2026-03-31 10:23:06,417 [INFO] backtesting.backtester: Requesting OHLCV for FISV: 2020-11-27 → 2024-01-31 (provider=yahoo, cache_dir=data/cache/ohlcv, ttl=0)
2026-03-31 10:23:06,419 [INFO] backtesting.backtester: Loaded OHLCV for FISV: shape=(798, 9)
2026-03-31 10:23:06,419 [INFO] backtesting.backtester: Requesting OHLCV for FAST: 2020-11-27 → 2024-01-31 (provider=yahoo, cache_dir=data/cache/ohlcv, ttl=0)
2026-03-31 10:23:06,421 [INFO] backtesting.backtester: Loaded OHLCV for FAST: shape=(798, 9)
2026-03-31 10:23:06,421 [INFO] backtesting.backtester: Requesting OHLCV for MLM: 2020-11-27 → 2024-01-31 (provider=yahoo, cache_dir=data/cache/ohlcv, ttl=0)
2026-03-31 10:23:06,423 [INFO] backtesting.backtester: Loaded OHLCV for MLM: shape=(798, 9)

  [109/300] UAL… [109/300] UAL OHLCV window: first_date=2020-11-27, last_date=2024-01-31, n=798
  [110/300] NKE… [110/300] NKE OHLCV window: first_date=2020-11-27, last_date=2024-01-31, n=798
  [111/300] ANET… [111/300] ANET OHLCV window: first_date=2020-11-27, last_date=2024-01-31, n=798
  [112/300] DVN… [112/300] DVN OHLCV window: first_date=2020-11-27, last_date=2024-01-31, n=798
  [113/300] BMY… [113/300] BMY OHLCV window: first_date=2020-11-27, last_date=2024-01-31, n=798
  [114/300] CF… [114/300] CF OHLCV window: first_date=2020-11-27, last_date=2024-01-31, n=798
  [115/300] SCHW… [115/300] SCHW OHLCV window: first_date=2020-11-27, last_date=2024-01-31, n=798
  [116/300] SATS… [116/300] SATS OHLCV window: first_date=2020-11-27, last_date=2024-01-31, n=798
  [117/300] WBD… [117/300] WBD OHLCV window: first_date=2020-11-27, last_date=2024-01-31, n=798
  [118/300] PH… [118/300] PH OHLCV window: first_date=2020-11-27, last_date=2024-01-31, n=798
  [119/300] EOG… [119/300] EOG OHLCV window: first_date=2020-11-27, last_date=2024-01-31, n=798
  [120/300] KKR… [120/300] KKR OHLCV window: first_date=2020-11-27, last_date=2024-01-31, n=798
  [121/300] TGT… [121/300] TGT OHLCV window: first_date=2020-11-27, last_date=2024-01-31, n=798
  [122/300] RCL… [122/300] RCL OHLCV window: first_date=2020-11-27, last_date=2024-01-31, n=798
  [123/300] SBUX… [123/300] SBUX OHLCV window: first_date=2020-11-27, last_date=2024-01-31, n=798
  [124/300] DE… [124/300] DE OHLCV window: first_date=2020-11-27, last_date=2024-01-31, n=798
  [125/300] FDX… [125/300] FDX OHLCV window: first_date=2020-11-27, last_date=2024-01-31, n=798
  [126/300] F… [126/300] F OHLCV window: first_date=2020-11-27, last_date=2024-01-31, n=798
  [127/300] CCL… [127/300] CCL OHLCV window: first_date=2020-11-27, last_date=2024-01-31, n=798
  [128/300] ISRG… [128/300] ISRG OHLCV window: first_date=2020-11-27, last_date=2024-01-31, n=798
  [129/300] VST… [129/300] VST OHLCV window: first_date=2020-11-27, last_date=2024-01-31, n=798
  [130/300] DHR… [130/300] DHR OHLCV window: first_date=2020-11-27, last_date=2024-01-31, n=798
  [131/300] UPS… [131/300] UPS OHLCV window: first_date=2020-11-27, last_date=2024-01-31, n=798
  [132/300] SYK… [132/300] SYK OHLCV window: first_date=2020-11-27, last_date=2024-01-31, n=798
  [133/300] WDAY… [133/300] WDAY OHLCV window: first_date=2020-11-27, last_date=2024-01-31, n=798
  [134/300] APO… [134/300] APO OHLCV window: first_date=2020-11-27, last_date=2024-01-31, n=798
  [135/300] TJX… [135/300] TJX OHLCV window: first_date=2020-11-27, last_date=2024-01-31, n=798
  [136/300] UNP… [136/300] UNP OHLCV window: first_date=2020-11-27, last_date=2024-01-31, n=798
  [137/300] ELV… [137/300] ELV OHLCV window: first_date=2020-11-27, last_date=2024-01-31, n=798
  [138/300] MPC… [138/300] MPC OHLCV window: first_date=2020-11-27, last_date=2024-01-31, n=798
  [139/300] MDT… [139/300] MDT OHLCV window: first_date=2020-11-27, last_date=2024-01-31, n=798
  [140/300] CME… [140/300] CME OHLCV window: first_date=2020-11-27, last_date=2024-01-31, n=798
  [141/300] CDNS… [141/300] CDNS OHLCV window: first_date=2020-11-27, last_date=2024-01-31, n=798
  [142/300] FANG… [142/300] FANG OHLCV window: first_date=2020-11-27, last_date=2024-01-31, n=798
  [143/300] MCK… [143/300] MCK OHLCV window: first_date=2020-11-27, last_date=2024-01-31, n=798
  [144/300] LYB… [144/300] LYB OHLCV window: first_date=2020-11-27, last_date=2024-01-31, n=798
  [145/300] WELL… [145/300] WELL OHLCV window: first_date=2020-11-27, last_date=2024-01-31, n=798
  [146/300] BKR… [146/300] BKR OHLCV window: first_date=2020-11-27, last_date=2024-01-31, n=798
  [147/300] MMM… [147/300] MMM OHLCV window: first_date=2020-11-27, last_date=2024-01-31, n=798
  [148/300] VRTX… [148/300] VRTX OHLCV window: first_date=2020-11-27, last_date=2024-01-31, n=798
  [149/300] MO… [149/300] MO OHLCV window: first_date=2020-11-27, last_date=2024-01-31, n=798
  [150/300] MCO… [150/300] MCO OHLCV window: first_date=2020-11-27, last_date=2024-01-31, n=798
  [151/300] LOW… [151/300] LOW OHLCV window: first_date=2020-11-27, last_date=2024-01-31, n=798
  [152/300] PGR… [152/300] PGR OHLCV window: first_date=2020-11-27, last_date=2024-01-31, n=798
  [153/300] CRH… [153/300] CRH OHLCV window: first_date=2020-11-27, last_date=2024-01-31, n=798
  [154/300] PWR… [154/300] PWR OHLCV window: first_date=2020-11-27, last_date=2024-01-31, n=798
  [155/300] XYZ… [155/300] XYZ OHLCV window: first_date=2020-11-27, last_date=2024-01-31, n=798
  [156/300] PSX… [156/300] PSX OHLCV window: first_date=2020-11-27, last_date=2024-01-31, n=798
  [157/300] ROST… [157/300] ROST OHLCV window: first_date=2020-11-27, last_date=2024-01-31, n=798
  [158/300] DASH… [158/300] DASH OHLCV window: first_date=2020-12-09, last_date=2024-01-30, n=789
  [159/300] EQIX… [159/300] EQIX OHLCV window: first_date=2020-11-27, last_date=2024-01-31, n=798
  [160/300] TTD… [160/300] TTD OHLCV window: first_date=2020-11-27, last_date=2024-01-31, n=798
  [161/300] HAL… [161/300] HAL OHLCV window: first_date=2020-11-27, last_date=2024-01-31, n=798
  [162/300] DUK… [162/300] DUK OHLCV window: first_date=2020-11-27, last_date=2024-01-31, n=798
  [163/300] NOC… [163/300] NOC OHLCV window: first_date=2020-11-27, last_date=2024-01-31, n=798
  [164/300] GM… [164/300] GM OHLCV window: first_date=2020-11-27, last_date=2024-01-31, n=798
  [165/300] CVS… [165/300] CVS OHLCV window: first_date=2020-11-27, last_date=2024-01-31, n=798
  [166/300] FIX… [166/300] FIX OHLCV window: first_date=2020-11-27, last_date=2024-01-31, n=798
  [167/300] MDLZ… [167/300] MDLZ OHLCV window: first_date=2020-11-27, last_date=2024-01-31, n=798
  [168/300] CB… [168/300] CB OHLCV window: first_date=2020-11-27, last_date=2024-01-31, n=798
  [169/300] EXPE… [169/300] EXPE OHLCV window: first_date=2020-11-27, last_date=2024-01-31, n=798
  [170/300] AMT… [170/300] AMT OHLCV window: first_date=2020-11-27, last_date=2024-01-31, n=798
  [171/300] HCA… [171/300] HCA OHLCV window: first_date=2020-11-27, last_date=2024-01-31, n=798
  [172/300] CL… [172/300] CL OHLCV window: first_date=2020-11-27, last_date=2024-01-31, n=798
  [173/300] HWM… [173/300] HWM OHLCV window: first_date=2020-11-27, last_date=2024-01-31, n=798
  [174/300] PNC… [174/300] PNC OHLCV window: first_date=2020-11-27, last_date=2024-01-31, n=798
  [175/300] MPWR… [175/300] MPWR OHLCV window: first_date=2020-11-27, last_date=2024-01-31, n=798
  [176/300] HLT… [176/300] HLT OHLCV window: first_date=2020-11-27, last_date=2024-01-31, n=798
  [177/300] MCHP… [177/300] MCHP OHLCV window: first_date=2020-11-27, last_date=2024-01-31, n=798
  [178/300] EQT… [178/300] EQT OHLCV window: first_date=2020-11-27, last_date=2024-01-31, n=798
  [179/300] USB… [179/300] USB OHLCV window: first_date=2020-11-27, last_date=2024-01-31, n=798
  [180/300] ADSK… [180/300] ADSK OHLCV window: first_date=2020-11-27, last_date=2024-01-31, n=798
  [181/300] CMG… [181/300] CMG OHLCV window: first_date=2020-11-27, last_date=2024-01-31, n=798
  [182/300] JCI… [182/300] JCI OHLCV window: first_date=2020-11-27, last_date=2024-01-31, n=798
  [183/300] TT… [183/300] TT OHLCV window: first_date=2020-11-27, last_date=2024-01-31, n=798
  [184/300] ORLY… [184/300] ORLY OHLCV window: first_date=2020-11-27, last_date=2024-01-31, n=798
  [185/300] ICE… [185/300] ICE OHLCV window: first_date=2020-11-27, last_date=2024-01-31, n=798
  [186/300] SHW… [186/300] SHW OHLCV window: first_date=2020-11-27, last_date=2024-01-31, n=798
  [187/300] LHX… [187/300] LHX OHLCV window: first_date=2020-11-27, last_date=2024-01-31, n=798
  [188/300] DDOG… [188/300] DDOG OHLCV window: first_date=2020-11-27, last_date=2024-01-31, n=798
  [189/300] KR… [189/300] KR OHLCV window: first_date=2020-11-27, last_date=2024-01-31, n=798
  [190/300] AZO… [190/300] AZO OHLCV window: first_date=2020-11-27, last_date=2024-01-31, n=798
  [191/300] DOW… [191/300] DOW OHLCV window: first_date=2020-11-27, last_date=2024-01-31, n=798
  [192/300] WM… [192/300] WM OHLCV window: first_date=2020-11-27, last_date=2024-01-31, n=7982026-03-31 10:23:06,423 [INFO] backtesting.backtester: Requesting OHLCV for HSY: 2020-11-27 → 2024-01-31 (provider=yahoo, cache_dir=data/cache/ohlcv, ttl=0)
2026-03-31 10:23:06,425 [INFO] backtesting.backtester: Loaded OHLCV for HSY: shape=(798, 9)
2026-03-31 10:23:06,425 [INFO] backtesting.backtester: Requesting OHLCV for ITW: 2020-11-27 → 2024-01-31 (provider=yahoo, cache_dir=data/cache/ohlcv, ttl=0)
2026-03-31 10:23:06,426 [INFO] backtesting.backtester: Loaded OHLCV for ITW: shape=(798, 9)
2026-03-31 10:23:06,426 [INFO] backtesting.backtester: Requesting OHLCV for XEL: 2020-11-27 → 2024-01-31 (provider=yahoo, cache_dir=data/cache/ohlcv, ttl=0)
2026-03-31 10:23:06,428 [INFO] backtesting.backtester: Loaded OHLCV for XEL: shape=(798, 9)
2026-03-31 10:23:06,428 [INFO] backtesting.backtester: Requesting OHLCV for APA: 2020-11-27 → 2024-01-31 (provider=yahoo, cache_dir=data/cache/ohlcv, ttl=0)
2026-03-31 10:23:06,430 [INFO] backtesting.backtester: Loaded OHLCV for APA: shape=(798, 9)
2026-03-31 10:23:06,430 [INFO] backtesting.backtester: Requesting OHLCV for WAT: 2020-11-27 → 2024-01-31 (provider=yahoo, cache_dir=data/cache/ohlcv, ttl=0)
2026-03-31 10:23:06,432 [INFO] backtesting.backtester: Loaded OHLCV for WAT: shape=(798, 9)
2026-03-31 10:23:06,432 [INFO] backtesting.backtester: Requesting OHLCV for JBL: 2020-11-27 → 2024-01-31 (provider=yahoo, cache_dir=data/cache/ohlcv, ttl=0)
2026-03-31 10:23:06,434 [INFO] backtesting.backtester: Loaded OHLCV for JBL: shape=(798, 9)
2026-03-31 10:23:06,434 [INFO] backtesting.backtester: Requesting OHLCV for PCAR: 2020-11-27 → 2024-01-31 (provider=yahoo, cache_dir=data/cache/ohlcv, ttl=0)
2026-03-31 10:23:06,435 [INFO] backtesting.backtester: Loaded OHLCV for PCAR: shape=(798, 9)
2026-03-31 10:23:06,435 [INFO] backtesting.backtester: Requesting OHLCV for ALB: 2020-11-27 → 2024-01-31 (provider=yahoo, cache_dir=data/cache/ohlcv, ttl=0)
2026-03-31 10:23:06,437 [INFO] backtesting.backtester: Loaded OHLCV for ALB: shape=(798, 9)
2026-03-31 10:23:06,437 [INFO] backtesting.backtester: Requesting OHLCV for AIG: 2020-11-27 → 2024-01-31 (provider=yahoo, cache_dir=data/cache/ohlcv, ttl=0)
2026-03-31 10:23:06,439 [INFO] backtesting.backtester: Loaded OHLCV for AIG: shape=(798, 9)
2026-03-31 10:23:06,439 [INFO] backtesting.backtester: Requesting OHLCV for BBY: 2020-11-27 → 2024-01-31 (provider=yahoo, cache_dir=data/cache/ohlcv, ttl=0)
2026-03-31 10:23:06,440 [INFO] backtesting.backtester: Loaded OHLCV for BBY: shape=(798, 9)
2026-03-31 10:23:06,440 [INFO] backtesting.backtester: Requesting OHLCV for HPQ: 2020-11-27 → 2024-01-31 (provider=yahoo, cache_dir=data/cache/ohlcv, ttl=0)
2026-03-31 10:23:06,442 [INFO] backtesting.backtester: Loaded OHLCV for HPQ: shape=(798, 9)
2026-03-31 10:23:06,442 [INFO] backtesting.backtester: Requesting OHLCV for DLTR: 2020-11-27 → 2024-01-31 (provider=yahoo, cache_dir=data/cache/ohlcv, ttl=0)
2026-03-31 10:23:06,444 [INFO] backtesting.backtester: Loaded OHLCV for DLTR: shape=(798, 9)
2026-03-31 10:23:06,444 [INFO] backtesting.backtester: Requesting OHLCV for DLR: 2020-11-27 → 2024-01-31 (provider=yahoo, cache_dir=data/cache/ohlcv, ttl=0)
2026-03-31 10:23:06,446 [INFO] backtesting.backtester: Loaded OHLCV for DLR: shape=(798, 9)
2026-03-31 10:23:06,446 [INFO] backtesting.backtester: Requesting OHLCV for AME: 2020-11-27 → 2024-01-31 (provider=yahoo, cache_dir=data/cache/ohlcv, ttl=0)
2026-03-31 10:23:06,447 [INFO] backtesting.backtester: Loaded OHLCV for AME: shape=(798, 9)
2026-03-31 10:23:06,448 [INFO] backtesting.backtester: Requesting OHLCV for IBKR: 2020-11-27 → 2024-01-31 (provider=yahoo, cache_dir=data/cache/ohlcv, ttl=0)
2026-03-31 10:23:06,449 [INFO] backtesting.backtester: Loaded OHLCV for IBKR: shape=(798, 9)
2026-03-31 10:23:06,449 [INFO] backtesting.backtester: Requesting OHLCV for DRI: 2020-11-27 → 2024-01-31 (provider=yahoo, cache_dir=data/cache/ohlcv, ttl=0)
2026-03-31 10:23:06,451 [INFO] backtesting.backtester: Loaded OHLCV for DRI: shape=(798, 9)
2026-03-31 10:23:06,451 [INFO] backtesting.backtester: Requesting OHLCV for SPG: 2020-11-27 → 2024-01-31 (provider=yahoo, cache_dir=data/cache/ohlcv, ttl=0)
2026-03-31 10:23:06,453 [INFO] backtesting.backtester: Loaded OHLCV for SPG: shape=(798, 9)
2026-03-31 10:23:06,453 [INFO] backtesting.backtester: Requesting OHLCV for OTIS: 2020-11-27 → 2024-01-31 (provider=yahoo, cache_dir=data/cache/ohlcv, ttl=0)
2026-03-31 10:23:06,454 [INFO] backtesting.backtester: Loaded OHLCV for OTIS: shape=(798, 9)
2026-03-31 10:23:06,454 [INFO] backtesting.backtester: Requesting OHLCV for SRE: 2020-11-27 → 2024-01-31 (provider=yahoo, cache_dir=data/cache/ohlcv, ttl=0)
2026-03-31 10:23:06,456 [INFO] backtesting.backtester: Loaded OHLCV for SRE: shape=(798, 9)
2026-03-31 10:23:06,456 [INFO] backtesting.backtester: Requesting OHLCV for MOS: 2020-11-27 → 2024-01-31 (provider=yahoo, cache_dir=data/cache/ohlcv, ttl=0)
2026-03-31 10:23:06,458 [INFO] backtesting.backtester: Loaded OHLCV for MOS: shape=(798, 9)
2026-03-31 10:23:06,458 [INFO] backtesting.backtester: Requesting OHLCV for CTVA: 2020-11-27 → 2024-01-31 (provider=yahoo, cache_dir=data/cache/ohlcv, ttl=0)
2026-03-31 10:23:06,459 [INFO] backtesting.backtester: Loaded OHLCV for CTVA: shape=(798, 9)
2026-03-31 10:23:06,459 [INFO] backtesting.backtester: Requesting OHLCV for KEY: 2020-11-27 → 2024-01-31 (provider=yahoo, cache_dir=data/cache/ohlcv, ttl=0)
2026-03-31 10:23:06,461 [INFO] backtesting.backtester: Loaded OHLCV for KEY: shape=(798, 9)
2026-03-31 10:23:06,461 [INFO] backtesting.backtester: Requesting OHLCV for CPRT: 2020-11-27 → 2024-01-31 (provider=yahoo, cache_dir=data/cache/ohlcv, ttl=0)
2026-03-31 10:23:06,463 [INFO] backtesting.backtester: Loaded OHLCV for CPRT: shape=(798, 9)
2026-03-31 10:23:06,463 [INFO] backtesting.backtester: Requesting OHLCV for IQV: 2020-11-27 → 2024-01-31 (provider=yahoo, cache_dir=data/cache/ohlcv, ttl=0)
2026-03-31 10:23:06,465 [INFO] backtesting.backtester: Loaded OHLCV for IQV: shape=(798, 9)
2026-03-31 10:23:14,552 [WARNING] backtesting.signals: SignalEngine: all-NaN feature columns detected: ['delisted_date']
2026-03-31 10:23:14,560 [WARNING] backtesting.signals: SignalEngine: ensemble normalize=true ignored in backtest to avoid lookahead bias.

  [193/300] ABNB… [193/300] ABNB OHLCV window: first_date=2020-12-10, last_date=2024-01-30, n=788
  [194/300] NRG… [194/300] NRG OHLCV window: first_date=2020-11-27, last_date=2024-01-31, n=798
  [195/300] SO… [195/300] SO OHLCV window: first_date=2020-11-27, last_date=2024-01-31, n=798
  [196/300] NXPI… [196/300] NXPI OHLCV window: first_date=2020-11-27, last_date=2024-01-31, n=798
  [197/300] MRSH… [197/300] MRSH OHLCV window: first_date=2020-11-27, last_date=2024-01-31, n=798
  [198/300] ZTS… [198/300] ZTS OHLCV window: first_date=2020-11-27, last_date=2024-01-31, n=798
  [199/300] ULTA… [199/300] ULTA OHLCV window: first_date=2020-11-27, last_date=2024-01-31, n=798
  [200/300] AEP… [200/300] AEP OHLCV window: first_date=2020-11-27, last_date=2024-01-31, n=798
  [201/300] CSX… [201/300] CSX OHLCV window: first_date=2020-11-27, last_date=2024-01-31, n=798
  [202/300] MSI… [202/300] MSI OHLCV window: first_date=2020-11-27, last_date=2024-01-31, n=798
  [203/300] KEYS… [203/300] KEYS OHLCV window: first_date=2020-11-27, last_date=2024-01-31, n=798
  [204/300] KMB… [204/300] KMB OHLCV window: first_date=2020-11-27, last_date=2024-01-31, n=798
  [205/300] MAR… [205/300] MAR OHLCV window: first_date=2020-11-27, last_date=2024-01-31, n=798
  [206/300] FITB… [206/300] FITB OHLCV window: first_date=2020-11-27, last_date=2024-01-31, n=798
  [207/300] LULU… [207/300] LULU OHLCV window: first_date=2020-11-27, last_date=2024-01-31, n=798
  [208/300] ROP… [208/300] ROP OHLCV window: first_date=2020-11-27, last_date=2024-01-31, n=798
  [209/300] MNST… [209/300] MNST OHLCV window: first_date=2020-11-27, last_date=2024-01-31, n=798
  [210/300] URI… [210/300] URI OHLCV window: first_date=2020-11-27, last_date=2024-01-31, n=798
  [211/300] LYV… [211/300] LYV OHLCV window: first_date=2020-11-27, last_date=2024-01-31, n=798
  [212/300] DG… [212/300] DG OHLCV window: first_date=2020-11-27, last_date=2024-01-31, n=798
  [213/300] CMI… [213/300] CMI OHLCV window: first_date=2020-11-27, last_date=2024-01-31, n=798
  [214/300] CI… [214/300] CI OHLCV window: first_date=2020-11-27, last_date=2024-01-31, n=798
  [215/300] AJG… [215/300] AJG OHLCV window: first_date=2020-11-27, last_date=2024-01-31, n=798
  [216/300] FTNT… [216/300] FTNT OHLCV window: first_date=2020-11-27, last_date=2024-01-31, n=798
  [217/300] NCLH… [217/300] NCLH OHLCV window: first_date=2020-11-27, last_date=2024-01-31, n=798
  [218/300] EA… [218/300] EA OHLCV window: first_date=2020-11-27, last_date=2024-01-31, n=798
  [219/300] ARES… [219/300] ARES OHLCV window: first_date=2020-11-27, last_date=2024-01-31, n=798
  [220/300] AKAM… [220/300] AKAM OHLCV window: first_date=2020-11-27, last_date=2024-01-31, n=798
  [221/300] WMB… [221/300] WMB OHLCV window: first_date=2020-11-27, last_date=2024-01-31, n=798
  [222/300] TDG… [222/300] TDG OHLCV window: first_date=2020-11-27, last_date=2024-01-31, n=798
  [223/300] COR… [223/300] COR OHLCV window: first_date=2020-11-27, last_date=2024-01-31, n=798
  [224/300] PLD… [224/300] PLD OHLCV window: first_date=2020-11-27, last_date=2024-01-31, n=798
  [225/300] TEL… [225/300] TEL OHLCV window: first_date=2020-11-27, last_date=2024-01-31, n=798
  [226/300] CTAS… [226/300] CTAS OHLCV window: first_date=2020-11-27, last_date=2024-01-31, n=798
  [227/300] AXON… [227/300] AXON OHLCV window: first_date=2020-11-27, last_date=2024-01-31, n=798
  [228/300] KMI… [228/300] KMI OHLCV window: first_date=2020-11-27, last_date=2024-01-31, n=798
  [229/300] MRNA… [229/300] MRNA OHLCV window: first_date=2020-11-27, last_date=2024-01-31, n=798
  [230/300] ECL… [230/300] ECL OHLCV window: first_date=2020-11-27, last_date=2024-01-31, n=798
  [231/300] EL… [231/300] EL OHLCV window: first_date=2020-11-27, last_date=2024-01-31, n=798
  [232/300] EXC… [232/300] EXC OHLCV window: first_date=2020-11-27, last_date=2024-01-31, n=798
  [233/300] FICO… [233/300] FICO OHLCV window: first_date=2020-11-27, last_date=2024-01-31, n=798
  [234/300] REGN… [234/300] REGN OHLCV window: first_date=2020-11-27, last_date=2024-01-31, n=798
  [235/300] OKE… [235/300] OKE OHLCV window: first_date=2020-11-27, last_date=2024-01-31, n=798
  [236/300] HBAN… [236/300] HBAN OHLCV window: first_date=2020-11-27, last_date=2024-01-31, n=798
  [237/300] AON… [237/300] AON OHLCV window: first_date=2020-11-27, last_date=2024-01-31, n=798
  [238/300] HPE… [238/300] HPE OHLCV window: first_date=2020-11-27, last_date=2024-01-31, n=798
  [239/300] GD… [239/300] GD OHLCV window: first_date=2020-11-27, last_date=2024-01-31, n=798
  [240/300] TRV… [240/300] TRV OHLCV window: first_date=2020-11-27, last_date=2024-01-31, n=798
  [241/300] EBAY… [241/300] EBAY OHLCV window: first_date=2020-11-27, last_date=2024-01-31, n=798
  [242/300] ODFL… [242/300] ODFL OHLCV window: first_date=2020-11-27, last_date=2024-01-31, n=798
  [243/300] KVUE… insufficient data
  [244/300] EXE… [244/300] EXE OHLCV window: first_date=2021-02-10, last_date=2024-01-30, n=747
  [245/300] TFC… [245/300] TFC OHLCV window: first_date=2020-11-27, last_date=2024-01-31, n=798
  [246/300] ON… [246/300] ON OHLCV window: first_date=2020-11-27, last_date=2024-01-31, n=798
  [247/300] PCG… [247/300] PCG OHLCV window: first_date=2020-11-27, last_date=2024-01-31, n=798
  [248/300] LUV… [248/300] LUV OHLCV window: first_date=2020-11-27, last_date=2024-01-31, n=798
  [249/300] BDX… [249/300] BDX OHLCV window: first_date=2020-11-27, last_date=2024-01-31, n=798
  [250/300] O… [250/300] O OHLCV window: first_date=2020-11-27, last_date=2024-01-31, n=798
  [251/300] PAYX… [251/300] PAYX OHLCV window: first_date=2020-11-27, last_date=2024-01-31, n=798
  [252/300] CTSH… [252/300] CTSH OHLCV window: first_date=2020-11-27, last_date=2024-01-31, n=798
  [253/300] CAH… [253/300] CAH OHLCV window: first_date=2020-11-27, last_date=2024-01-31, n=798
  [254/300] RF… [254/300] RF OHLCV window: first_date=2020-11-27, last_date=2024-01-31, n=798
  [255/300] APD… [255/300] APD OHLCV window: first_date=2020-11-27, last_date=2024-01-31, n=798
  [256/300] TTWO… [256/300] TTWO OHLCV window: first_date=2020-11-27, last_date=2024-01-31, n=798
  [257/300] VMC… [257/300] VMC OHLCV window: first_date=2020-11-27, last_date=2024-01-31, n=798
  [258/300] BK… [258/300] BK OHLCV window: first_date=2020-11-27, last_date=2024-01-31, n=798
  [259/300] GIS… [259/300] GIS OHLCV window: first_date=2020-11-27, last_date=2024-01-31, n=798
  [260/300] EMR… [260/300] EMR OHLCV window: first_date=2020-11-27, last_date=2024-01-31, n=798
  [261/300] DPZ… [261/300] DPZ OHLCV window: first_date=2020-11-27, last_date=2024-01-31, n=798
  [262/300] CTRA… [262/300] CTRA OHLCV window: first_date=2020-11-27, last_date=2024-01-31, n=798
  [263/300] KHC… [263/300] KHC OHLCV window: first_date=2020-11-27, last_date=2024-01-31, n=798
  [264/300] VRSK… [264/300] VRSK OHLCV window: first_date=2020-11-27, last_date=2024-01-31, n=798
  [265/300] PSA… [265/300] PSA OHLCV window: first_date=2020-11-27, last_date=2024-01-31, n=798
  [266/300] DHI… [266/300] DHI OHLCV window: first_date=2020-11-27, last_date=2024-01-31, n=798
  [267/300] OMC… [267/300] OMC OHLCV window: first_date=2020-11-27, last_date=2024-01-31, n=798
  [268/300] FSLR… [268/300] FSLR OHLCV window: first_date=2020-11-27, last_date=2024-01-31, n=798
  [269/300] TRGP… [269/300] TRGP OHLCV window: first_date=2020-11-27, last_date=2024-01-31, n=798
  [270/300] CARR… [270/300] CARR OHLCV window: first_date=2020-11-27, last_date=2024-01-31, n=798
  [271/300] NSC… [271/300] NSC OHLCV window: first_date=2020-11-27, last_date=2024-01-31, n=798
  [272/300] EW… [272/300] EW OHLCV window: first_date=2020-11-27, last_date=2024-01-31, n=798
  [273/300] ROK… [273/300] ROK OHLCV window: first_date=2020-11-27, last_date=2024-01-31, n=798
  [274/300] FISV… [274/300] FISV OHLCV window: first_date=2020-11-27, last_date=2024-01-31, n=798
  [275/300] FAST… [275/300] FAST OHLCV window: first_date=2020-11-27, last_date=2024-01-31, n=798
  [276/300] MLM… [276/300] MLM OHLCV window: first_date=2020-11-27, last_date=2024-01-31, n=798
  [277/300] HSY… [277/300] HSY OHLCV window: first_date=2020-11-27, last_date=2024-01-31, n=798
  [278/300] ITW… [278/300] ITW OHLCV window: first_date=2020-11-27, last_date=2024-01-31, n=798
  [279/300] XEL… [279/300] XEL OHLCV window: first_date=2020-11-27, last_date=2024-01-31, n=798
  [280/300] APA… [280/300] APA OHLCV window: first_date=2020-11-27, last_date=2024-01-31, n=798
  [281/300] WAT… [281/300] WAT OHLCV window: first_date=2020-11-27, last_date=2024-01-31, n=798
  [282/300] JBL… [282/300] JBL OHLCV window: first_date=2020-11-27, last_date=2024-01-31, n=798
  [283/300] PCAR… [283/300] PCAR OHLCV window: first_date=2020-11-27, last_date=2024-01-31, n=798
  [284/300] ALB… [284/300] ALB OHLCV window: first_date=2020-11-27, last_date=2024-01-31, n=798
  [285/300] AIG… [285/300] AIG OHLCV window: first_date=2020-11-27, last_date=2024-01-31, n=798
  [286/300] BBY… [286/300] BBY OHLCV window: first_date=2020-11-27, last_date=2024-01-31, n=798
  [287/300] HPQ… [287/300] HPQ OHLCV window: first_date=2020-11-27, last_date=2024-01-31, n=798
  [288/300] DLTR… [288/300] DLTR OHLCV window: first_date=2020-11-27, last_date=2024-01-31, n=798
  [289/300] DLR… [289/300] DLR OHLCV window: first_date=2020-11-27, last_date=2024-01-31, n=798
  [290/300] AME… [290/300] AME OHLCV window: first_date=2020-11-27, last_date=2024-01-31, n=798
  [291/300] IBKR… [291/300] IBKR OHLCV window: first_date=2020-11-27, last_date=2024-01-31, n=798
  [292/300] DRI… [292/300] DRI OHLCV window: first_date=2020-11-27, last_date=2024-01-31, n=798
  [293/300] SPG… [293/300] SPG OHLCV window: first_date=2020-11-27, last_date=2024-01-31, n=798
  [294/300] OTIS… [294/300] OTIS OHLCV window: first_date=2020-11-27, last_date=2024-01-31, n=798
  [295/300] SRE… [295/300] SRE OHLCV window: first_date=2020-11-27, last_date=2024-01-31, n=798
  [296/300] MOS… [296/300] MOS OHLCV window: first_date=2020-11-27, last_date=2024-01-31, n=798
  [297/300] CTVA… [297/300] CTVA OHLCV window: first_date=2020-11-27, last_date=2024-01-31, n=798
  [298/300] KEY… [298/300] KEY OHLCV window: first_date=2020-11-27, last_date=2024-01-31, n=798
  [299/300] CPRT… [299/300] CPRT OHLCV window: first_date=2020-11-27, last_date=2024-01-31, n=798
  [300/300] IQV… [300/300] IQV OHLCV window: first_date=2020-11-27, last_date=2024-01-31, n=798
  [signals 1/295] NVDA… 798 bars, 657 signals
  [signals 2/295] TSLA… 798 bars, 692 signals
  [signals 3/295] MU… 798 bars, 764 signals
  [signals 4/295] MSFT… 798 bars, 755 signals
  [signals 5/295] AAPL… 798 bars, 774 signals
  [signals 6/295] AVGO… 798 bars, 760 signals
  [signals 7/295] AMZN… 798 bars, 768 signals
  [signals 8/295] GOOGL… 798 bars, 769 signals
  [signals 9/295] META… 798 bars, 743 signals
  [signals 10/295] PLTR… 798 bars, 719 signals
  [signals 11/295] AMD… 798 bars, 723 signals
  [signals 12/295] GOOG… 798 bars, 759 signals
  [signals 13/295] LITE… 798 bars, 751 signals
  [signals 14/295] NFLX… 798 bars, 718 signals
  [signals 15/295] ORCL… 798 bars, 736 signals
  [signals 16/295] INTC… 798 bars, 755 signals
  [signals 17/295] XOM… 798 bars, 700 signals
  [signals 18/295] JPM… 798 bars, 723 signals
  [signals 19/295] VRT… 798 bars, 678 signals
  [signals 20/295] CVX… 798 bars, 726 signals
  [signals 21/295] CRM… 798 bars, 756 signals
  [signals 22/295] LLY… 798 bars, 692 signals
  [signals 23/295] COHR… 798 bars, 740 signals
  [signals 24/295] WMT… 798 bars, 784 signals
  [signals 25/295] WDC… 798 bars, 739 signals
  [signals 26/295] COIN… 704 bars, 579 signals
  [signals 27/295] UNH… 798 bars, 766 signals
  [signals 28/295] LRCX… 798 bars, 741 signals
  [signals 29/295] AMAT… 798 bars, 737 signals
  [signals 30/295] APP… 703 bars, 548 signals
  [signals 31/295] BAC… 798 bars, 752 signals
  [signals 32/295] V… 798 bars, 777 signals
  [signals 33/295] GS… 798 bars, 728 signals
  [signals 34/295] JNJ… 798 bars, 785 signals
  [signals 35/295] CAT… 798 bars, 723 signals
  [signals 36/295] NOW… 798 bars, 732 signals
  [signals 37/295] GLW… 798 bars, 784 signals
  [signals 38/295] INTU… 798 bars, 756 signals
  [signals 39/295] CSCO… 798 bars, 782 signals
  [signals 40/295] COST… 798 bars, 772 signals
  [signals 41/295] BKNG… 798 bars, 717 signals
  [signals 42/295] CRWD… 798 bars, 713 signals
  [signals 43/295] C… 798 bars, 741 signals
  [signals 44/295] PG… 798 bars, 781 signals
  [signals 45/295] MA… 798 bars, 771 signals
  [signals 46/295] ADBE… 798 bars, 783 signals
  [signals 47/295] ACN… 798 bars, 773 signals
  [signals 48/295] QCOM… 798 bars, 767 signals
  [signals 49/295] GE… 798 bars, 708 signals
  [signals 50/295] DELL… 798 bars, 745 signals
  [signals 51/295] ABBV… 798 bars, 754 signals
  [signals 52/295] WFC… 798 bars, 762 signals
  [signals 53/295] BA… 798 bars, 709 signals
  [signals 54/295] KLAC… 798 bars, 741 signals
  [signals 55/295] IBM… 798 bars, 746 signals
  [signals 56/295] HD… 798 bars, 762 signals
  [signals 57/295] COP… 798 bars, 671 signals
  [signals 58/295] STX… 798 bars, 733 signals
  [signals 59/295] UBER… 798 bars, 736 signals
  [signals 60/295] LIN… 798 bars, 743 signals
  [signals 61/295] VZ… 798 bars, 783 signals
  [signals 62/295] APH… 798 bars, 767 signals
  [signals 63/295] ABT… 798 bars, 760 signals
  [signals 64/295] NEM… 798 bars, 782 signals
  [signals 65/295] AXP… 798 bars, 739 signals
  [signals 66/295] KO… 798 bars, 785 signals
  [signals 67/295] ADI… 798 bars, 764 signals
  [signals 68/295] PANW… 798 bars, 742 signals
  [signals 69/295] TXN… 798 bars, 779 signals
  [signals 70/295] RTX… 798 bars, 755 signals
  [signals 71/295] BX… 798 bars, 699 signals
  [signals 72/295] T… 798 bars, 760 signals
  [signals 73/295] MRK… 798 bars, 756 signals
  [signals 74/295] MS… 798 bars, 726 signals
  [signals 75/295] CIEN… 798 bars, 752 signals
  [signals 76/295] LMT… 798 bars, 764 signals
  [signals 77/295] OXY… 798 bars, 685 signals
  [signals 78/295] DIS… 798 bars, 760 signals
  [signals 79/295] FCX… 798 bars, 718 signals
  [signals 80/295] TMUS… 798 bars, 770 signals
  [signals 81/295] SMCI… 798 bars, 657 signals
  [signals 82/295] PFE… 798 bars, 789 signals
  [signals 83/295] CMCSA… 798 bars, 783 signals
  [signals 84/295] VLO… 798 bars, 704 signals
  [signals 85/295] TER… 798 bars, 741 signals
  [signals 86/295] COF… 798 bars, 743 signals
  [signals 87/295] TMO… 798 bars, 764 signals
  [signals 88/295] MCD… 798 bars, 754 signals
  [signals 89/295] PEP… 798 bars, 787 signals
  [signals 90/295] SLB… 798 bars, 699 signals
  [signals 91/295] BLK… 798 bars, 766 signals
  [signals 92/295] SNPS… 798 bars, 749 signals
  [signals 93/295] NEE… 798 bars, 737 signals
  [signals 94/295] SPGI… 798 bars, 780 signals
  [signals 95/295] AMGN… 798 bars, 756 signals
  [signals 96/295] ETN… 798 bars, 757 signals
  [signals 97/295] DAL… 798 bars, 720 signals
  [signals 98/295] GILD… 798 bars, 785 signals
  [signals 99/295] HON… 798 bars, 780 signals
  [signals 100/295] ADP… 798 bars, 760 signals
  [signals 101/295] BSX… 798 bars, 759 signals
  [signals 102/295] PYPL… 798 bars, 762 signals
  [signals 103/295] PM… 798 bars, 747 signals
  [signals 104/295] CVNA… 798 bars, 623 signals
  [signals 105/295] UAL… 798 bars, 727 signals
  [signals 106/295] NKE… 798 bars, 760 signals
  [signals 107/295] ANET… 798 bars, 730 signals
  [signals 108/295] DVN… 798 bars, 666 signals
  [signals 109/295] BMY… 798 bars, 769 signals
  [signals 110/295] CF… 798 bars, 725 signals
  [signals 111/295] SCHW… 798 bars, 731 signals
  [signals 112/295] SATS… 798 bars, 748 signals
  [signals 113/295] WBD… 798 bars, 724 signals
  [signals 114/295] PH… 798 bars, 737 signals
  [signals 115/295] EOG… 798 bars, 676 signals
  [signals 116/295] KKR… 798 bars, 716 signals
  [signals 117/295] TGT… 798 bars, 752 signals
  [signals 118/295] RCL… 798 bars, 668 signals
  [signals 119/295] SBUX… 798 bars, 769 signals
  [signals 120/295] DE… 798 bars, 704 signals
  [signals 121/295] FDX… 798 bars, 776 signals2026-03-31 10:23:45,845 [INFO] backtesting.backtester: Loaded SPY for vol scaling: shape=(798, 9)
2026-03-31 10:23:45,845 [WARNING] backtesting.backtester: Excluding tickers with insufficient history (<252 days before start_date): CEG, HOOD
2026-03-31 10:23:48,239 [INFO] backtesting.backtester: Precomputed regime score std: {'Bull': 0.010381173398400362, 'Bear': 0.0109369383327073, 'Sideways': 0.009652856663939377, 'Crisis': 0.01355957241432667}
2026-03-31 10:23:51,254 [INFO] backtesting.backtester: Signal inclusion summary: days=501, avg_candidates_per_day=282.04, max_candidates_on_day=295
2026-03-31 10:24:20,917 [INFO] backtesting.backtester: Precomputed regime score std: {'Bull': 0.010381173398400362, 'Bear': 0.0109369383327073, 'Sideways': 0.009652856663939377, 'Crisis': 0.01355957241432667}
2026-03-31 10:24:24,195 [INFO] backtesting.backtester: Signal inclusion summary: days=501, avg_candidates_per_day=282.04, max_candidates_on_day=295
2026-03-31 10:24:54,637 [INFO] backtesting.backtester: Precomputed regime score std: {'Bull': 0.010381173398400362, 'Bear': 0.0109369383327073, 'Sideways': 0.009652856663939377, 'Crisis': 0.01355957241432667}
2026-03-31 10:24:57,504 [INFO] backtesting.backtester: Signal inclusion summary: days=501, avg_candidates_per_day=282.04, max_candidates_on_day=295
2026-03-31 10:25:24,660 [WARNING] strategy.regime_multipliers: Bull multiplier 0.0000 is outside (0, 3.0]. Using 1.0 fallback.
2026-03-31 10:25:24,660 [WARNING] strategy.regime_multipliers: Bear multiplier 0.0000 is outside (0, 3.0]. Using 1.0 fallback.
2026-03-31 10:25:24,660 [WARNING] strategy.regime_multipliers: Sideways multiplier 0.3000 is outside recommended 0.5-2.0 range.
2026-03-31 10:25:24,660 [WARNING] strategy.regime_multipliers: Crisis multiplier 0.0000 is outside (0, 3.0]. Using 1.0 fallback.
2026-03-31 10:25:24,660 [INFO] backtesting.backtester: Regime multipliers loaded: {'Bull': 1.0, 'Bear': 1.0, 'Sideways': 0.3, 'Crisis': 1.0}
2026-03-31 10:25:24,661 [INFO] backtesting.backtester: Requesting OHLCV for NVDA: 2020-11-27 → 2024-01-31 (provider=yahoo, cache_dir=data/cache/ohlcv, ttl=0)
2026-03-31 10:25:24,664 [INFO] backtesting.backtester: Loaded OHLCV for NVDA: shape=(798, 9)
2026-03-31 10:25:24,664 [INFO] backtesting.backtester: Requesting OHLCV for TSLA: 2020-11-27 → 2024-01-31 (provider=yahoo, cache_dir=data/cache/ohlcv, ttl=0)
2026-03-31 10:25:24,666 [INFO] backtesting.backtester: Loaded OHLCV for TSLA: shape=(798, 9)
2026-03-31 10:25:24,666 [INFO] backtesting.backtester: Requesting OHLCV for MU: 2020-11-27 → 2024-01-31 (provider=yahoo, cache_dir=data/cache/ohlcv, ttl=0)
2026-03-31 10:25:24,669 [INFO] backtesting.backtester: Loaded OHLCV for MU: shape=(798, 9)
2026-03-31 10:25:24,669 [INFO] backtesting.backtester: Requesting OHLCV for MSFT: 2020-11-27 → 2024-01-31 (provider=yahoo, cache_dir=data/cache/ohlcv, ttl=0)
2026-03-31 10:25:24,671 [INFO] backtesting.backtester: Loaded OHLCV for MSFT: shape=(798, 9)
2026-03-31 10:25:24,671 [INFO] backtesting.backtester: Requesting OHLCV for SNDK: 2020-11-27 → 2024-01-31 (provider=yahoo, cache_dir=data/cache/ohlcv, ttl=0)
2026-03-31 10:25:24,674 [ERROR] yfinance: $SNDK: possibly delisted; no price data found  (1d 2020-11-27 00:00:00 -> 2024-01-31 00:00:00) (Yahoo error = "Data doesn't exist for startDate = 1606453200, endDate = 1706677200")
2026-03-31 10:25:24,685 [ERROR] yfinance: 
1 Failed download:
2026-03-31 10:25:24,685 [ERROR] yfinance: ['SNDK']: possibly delisted; no price data found  (1d 2020-11-27 00:00:00 -> 2024-01-31 00:00:00) (Yahoo error = "Data doesn't exist for startDate = 1606453200, endDate = 1706677200")
2026-03-31 10:25:24,858 [INFO] backtesting.backtester: Loaded OHLCV for SNDK: shape=(0, 5)
2026-03-31 10:25:24,858 [WARNING] backtesting.backtester: Skipping SNDK due to insufficient data (len=0 < 210 bars)
2026-03-31 10:25:24,858 [INFO] backtesting.backtester: Requesting OHLCV for AAPL: 2020-11-27 → 2024-01-31 (provider=yahoo, cache_dir=data/cache/ohlcv, ttl=0)
2026-03-31 10:25:24,863 [INFO] backtesting.backtester: Loaded OHLCV for AAPL: shape=(798, 9)
2026-03-31 10:25:24,863 [INFO] backtesting.backtester: Requesting OHLCV for AVGO: 2020-11-27 → 2024-01-31 (provider=yahoo, cache_dir=data/cache/ohlcv, ttl=0)
2026-03-31 10:25:24,865 [INFO] backtesting.backtester: Loaded OHLCV for AVGO: shape=(798, 9)
2026-03-31 10:25:24,865 [INFO] backtesting.backtester: Requesting OHLCV for AMZN: 2020-11-27 → 2024-01-31 (provider=yahoo, cache_dir=data/cache/ohlcv, ttl=0)
2026-03-31 10:25:24,867 [INFO] backtesting.backtester: Loaded OHLCV for AMZN: shape=(798, 9)
2026-03-31 10:25:24,867 [INFO] backtesting.backtester: Requesting OHLCV for GOOGL: 2020-11-27 → 2024-01-31 (provider=yahoo, cache_dir=data/cache/ohlcv, ttl=0)
2026-03-31 10:25:24,869 [INFO] backtesting.backtester: Loaded OHLCV for GOOGL: shape=(798, 9)
2026-03-31 10:25:24,869 [INFO] backtesting.backtester: Requesting OHLCV for META: 2020-11-27 → 2024-01-31 (provider=yahoo, cache_dir=data/cache/ohlcv, ttl=0)
2026-03-31 10:25:24,871 [INFO] backtesting.backtester: Loaded OHLCV for META: shape=(798, 9)
2026-03-31 10:25:24,871 [INFO] backtesting.backtester: Requesting OHLCV for PLTR: 2020-11-27 → 2024-01-31 (provider=yahoo, cache_dir=data/cache/ohlcv, ttl=0)
2026-03-31 10:25:24,873 [INFO] backtesting.backtester: Loaded OHLCV for PLTR: shape=(798, 9)
2026-03-31 10:25:24,873 [INFO] backtesting.backtester: Requesting OHLCV for AMD: 2020-11-27 → 2024-01-31 (provider=yahoo, cache_dir=data/cache/ohlcv, ttl=0)
2026-03-31 10:25:24,875 [INFO] backtesting.backtester: Loaded OHLCV for AMD: shape=(798, 9)
2026-03-31 10:25:24,875 [INFO] backtesting.backtester: Requesting OHLCV for GOOG: 2020-11-27 → 2024-01-31 (provider=yahoo, cache_dir=data/cache/ohlcv, ttl=0)
2026-03-31 10:25:24,876 [INFO] backtesting.backtester: Loaded OHLCV for GOOG: shape=(798, 9)
2026-03-31 10:25:24,876 [INFO] backtesting.backtester: Requesting OHLCV for LITE: 2020-11-27 → 2024-01-31 (provider=yahoo, cache_dir=data/cache/ohlcv, ttl=0)
2026-03-31 10:25:24,878 [INFO] backtesting.backtester: Loaded OHLCV for LITE: shape=(798, 9)
2026-03-31 10:25:24,878 [INFO] backtesting.backtester: Requesting OHLCV for NFLX: 2020-11-27 → 2024-01-31 (provider=yahoo, cache_dir=data/cache/ohlcv, ttl=0)
2026-03-31 10:25:24,880 [INFO] backtesting.backtester: Loaded OHLCV for NFLX: shape=(798, 9)
2026-03-31 10:25:24,880 [INFO] backtesting.backtester: Requesting OHLCV for ORCL: 2020-11-27 → 2024-01-31 (provider=yahoo, cache_dir=data/cache/ohlcv, ttl=0)
2026-03-31 10:25:24,882 [INFO] backtesting.backtester: Loaded OHLCV for ORCL: shape=(798, 9)
2026-03-31 10:25:24,882 [INFO] backtesting.backtester: Requesting OHLCV for INTC: 2020-11-27 → 2024-01-31 (provider=yahoo, cache_dir=data/cache/ohlcv, ttl=0)
2026-03-31 10:25:24,883 [INFO] backtesting.backtester: Loaded OHLCV for INTC: shape=(798, 9)
2026-03-31 10:25:24,883 [INFO] backtesting.backtester: Requesting OHLCV for XOM: 2020-11-27 → 2024-01-31 (provider=yahoo, cache_dir=data/cache/ohlcv, ttl=0)
2026-03-31 10:25:24,885 [INFO] backtesting.backtester: Loaded OHLCV for XOM: shape=(798, 9)
2026-03-31 10:25:24,885 [INFO] backtesting.backtester: Requesting OHLCV for JPM: 2020-11-27 → 2024-01-31 (provider=yahoo, cache_dir=data/cache/ohlcv, ttl=0)
2026-03-31 10:25:24,887 [INFO] backtesting.backtester: Loaded OHLCV for JPM: shape=(798, 9)
2026-03-31 10:25:24,887 [INFO] backtesting.backtester: Requesting OHLCV for VRT: 2020-11-27 → 2024-01-31 (provider=yahoo, cache_dir=data/cache/ohlcv, ttl=0)
2026-03-31 10:25:24,889 [INFO] backtesting.backtester: Loaded OHLCV for VRT: shape=(798, 9)
2026-03-31 10:25:24,889 [INFO] backtesting.backtester: Requesting OHLCV for CVX: 2020-11-27 → 2024-01-31 (provider=yahoo, cache_dir=data/cache/ohlcv, ttl=0)
2026-03-31 10:25:24,891 [INFO] backtesting.backtester: Loaded OHLCV for CVX: shape=(798, 9)
2026-03-31 10:25:24,891 [INFO] backtesting.backtester: Requesting OHLCV for CRM: 2020-11-27 → 2024-01-31 (provider=yahoo, cache_dir=data/cache/ohlcv, ttl=0)
2026-03-31 10:25:24,892 [INFO] backtesting.backtester: Loaded OHLCV for CRM: shape=(798, 9)
2026-03-31 10:25:24,892 [INFO] backtesting.backtester: Requesting OHLCV for LLY: 2020-11-27 → 2024-01-31 (provider=yahoo, cache_dir=data/cache/ohlcv, ttl=0)
2026-03-31 10:25:24,894 [INFO] backtesting.backtester: Loaded OHLCV for LLY: shape=(798, 9)
2026-03-31 10:25:24,894 [INFO] backtesting.backtester: Requesting OHLCV for COHR: 2020-11-27 → 2024-01-31 (provider=yahoo, cache_dir=data/cache/ohlcv, ttl=0)
2026-03-31 10:25:24,896 [INFO] backtesting.backtester: Loaded OHLCV for COHR: shape=(798, 9)
2026-03-31 10:25:24,896 [INFO] backtesting.backtester: Requesting OHLCV for WMT: 2020-11-27 → 2024-01-31 (provider=yahoo, cache_dir=data/cache/ohlcv, ttl=0)
2026-03-31 10:25:24,898 [INFO] backtesting.backtester: Loaded OHLCV for WMT: shape=(798, 9)
2026-03-31 10:25:24,898 [INFO] backtesting.backtester: Requesting OHLCV for WDC: 2020-11-27 → 2024-01-31 (provider=yahoo, cache_dir=data/cache/ohlcv, ttl=0)
2026-03-31 10:25:24,900 [INFO] backtesting.backtester: Loaded OHLCV for WDC: shape=(798, 9)
2026-03-31 10:25:24,900 [INFO] backtesting.backtester: Requesting OHLCV for COIN: 2020-11-27 → 2024-01-31 (provider=yahoo, cache_dir=data/cache/ohlcv, ttl=0)
2026-03-31 10:25:24,919 [INFO] backtesting.backtester: Loaded OHLCV for COIN: shape=(704, 9)
2026-03-31 10:25:24,919 [INFO] backtesting.backtester: Requesting OHLCV for UNH: 2020-11-27 → 2024-01-31 (provider=yahoo, cache_dir=data/cache/ohlcv, ttl=0)
2026-03-31 10:25:24,921 [INFO] backtesting.backtester: Loaded OHLCV for UNH: shape=(798, 9)
2026-03-31 10:25:24,921 [INFO] backtesting.backtester: Requesting OHLCV for LRCX: 2020-11-27 → 2024-01-31 (provider=yahoo, cache_dir=data/cache/ohlcv, ttl=0)
2026-03-31 10:25:24,923 [INFO] backtesting.backtester: Loaded OHLCV for LRCX: shape=(798, 9)
2026-03-31 10:25:24,923 [INFO] backtesting.backtester: Requesting OHLCV for AMAT: 2020-11-27 → 2024-01-31 (provider=yahoo, cache_dir=data/cache/ohlcv, ttl=0)
2026-03-31 10:25:24,925 [INFO] backtesting.backtester: Loaded OHLCV for AMAT: shape=(798, 9)
2026-03-31 10:25:24,925 [INFO] backtesting.backtester: Requesting OHLCV for APP: 2020-11-27 → 2024-01-31 (provider=yahoo, cache_dir=data/cache/ohlcv, ttl=0)
2026-03-31 10:25:24,944 [INFO] backtesting.backtester: Loaded OHLCV for APP: shape=(703, 9)
2026-03-31 10:25:24,944 [INFO] backtesting.backtester: Requesting OHLCV for BAC: 2020-11-27 → 2024-01-31 (provider=yahoo, cache_dir=data/cache/ohlcv, ttl=0)
2026-03-31 10:25:24,946 [INFO] backtesting.backtester: Loaded OHLCV for BAC: shape=(798, 9)
2026-03-31 10:25:24,946 [INFO] backtesting.backtester: Requesting OHLCV for V: 2020-11-27 → 2024-01-31 (provider=yahoo, cache_dir=data/cache/ohlcv, ttl=0)
2026-03-31 10:25:24,948 [INFO] backtesting.backtester: Loaded OHLCV for V: shape=(798, 9)
2026-03-31 10:25:24,948 [INFO] backtesting.backtester: Requesting OHLCV for GEV: 2020-11-27 → 2024-01-31 (provider=yahoo, cache_dir=data/cache/ohlcv, ttl=0)
2026-03-31 10:25:24,949 [ERROR] yfinance: $GEV: possibly delisted; no price data found  (1d 2020-11-27 00:00:00 -> 2024-01-31 00:00:00) (Yahoo error = "Data doesn't exist for startDate = 1606453200, endDate = 1706677200")
2026-03-31 10:25:24,960 [ERROR] yfinance: 
1 Failed download:
2026-03-31 10:25:24,960 [ERROR] yfinance: ['GEV']: possibly delisted; no price data found  (1d 2020-11-27 00:00:00 -> 2024-01-31 00:00:00) (Yahoo error = "Data doesn't exist for startDate = 1606453200, endDate = 1706677200")
2026-03-31 10:25:25,187 [INFO] backtesting.backtester: Loaded OHLCV for GEV: shape=(0, 5)
2026-03-31 10:25:25,187 [WARNING] backtesting.backtester: Skipping GEV due to insufficient data (len=0 < 210 bars)
2026-03-31 10:25:25,187 [INFO] backtesting.backtester: Requesting OHLCV for GS: 2020-11-27 → 2024-01-31 (provider=yahoo, cache_dir=data/cache/ohlcv, ttl=0)
2026-03-31 10:25:25,191 [INFO] backtesting.backtester: Loaded OHLCV for GS: shape=(798, 9)
2026-03-31 10:25:25,191 [INFO] backtesting.backtester: Requesting OHLCV for HOOD: 2020-11-27 → 2024-01-31 (provider=yahoo, cache_dir=data/cache/ohlcv, ttl=0)
2026-03-31 10:25:25,210 [INFO] backtesting.backtester: Loaded OHLCV for HOOD: shape=(630, 9)
2026-03-31 10:25:25,210 [WARNING] backtesting.backtester: Excluding HOOD due to insufficient pre-history: first_date=2021-07-29 00:00:00, required=252 days before 2022-01-01 00:00:00
2026-03-31 10:25:25,210 [INFO] backtesting.backtester: Requesting OHLCV for JNJ: 2020-11-27 → 2024-01-31 (provider=yahoo, cache_dir=data/cache/ohlcv, ttl=0)
2026-03-31 10:25:25,212 [INFO] backtesting.backtester: Loaded OHLCV for JNJ: shape=(798, 9)
2026-03-31 10:25:25,212 [INFO] backtesting.backtester: Requesting OHLCV for CAT: 2020-11-27 → 2024-01-31 (provider=yahoo, cache_dir=data/cache/ohlcv, ttl=0)
2026-03-31 10:25:25,213 [INFO] backtesting.backtester: Loaded OHLCV for CAT: shape=(798, 9)
2026-03-31 10:25:25,214 [INFO] backtesting.backtester: Requesting OHLCV for NOW: 2020-11-27 → 2024-01-31 (provider=yahoo, cache_dir=data/cache/ohlcv, ttl=0)
2026-03-31 10:25:25,215 [INFO] backtesting.backtester: Loaded OHLCV for NOW: shape=(798, 9)
2026-03-31 10:25:25,215 [INFO] backtesting.backtester: Requesting OHLCV for GLW: 2020-11-27 → 2024-01-31 (provider=yahoo, cache_dir=data/cache/ohlcv, ttl=0)
2026-03-31 10:25:25,217 [INFO] backtesting.backtester: Loaded OHLCV for GLW: shape=(798, 9)
2026-03-31 10:25:25,217 [INFO] backtesting.backtester: Requesting OHLCV for INTU: 2020-11-27 → 2024-01-31 (provider=yahoo, cache_dir=data/cache/ohlcv, ttl=0)
2026-03-31 10:25:25,219 [INFO] backtesting.backtester: Loaded OHLCV for INTU: shape=(798, 9)
2026-03-31 10:25:25,219 [INFO] backtesting.backtester: Requesting OHLCV for CSCO: 2020-11-27 → 2024-01-31 (provider=yahoo, cache_dir=data/cache/ohlcv, ttl=0)
2026-03-31 10:25:25,220 [INFO] backtesting.backtester: Loaded OHLCV for CSCO: shape=(798, 9)
2026-03-31 10:25:25,220 [INFO] backtesting.backtester: Requesting OHLCV for COST: 2020-11-27 → 2024-01-31 (provider=yahoo, cache_dir=data/cache/ohlcv, ttl=0)
2026-03-31 10:25:25,222 [INFO] backtesting.backtester: Loaded OHLCV for COST: shape=(798, 9)
2026-03-31 10:25:25,222 [INFO] backtesting.backtester: Requesting OHLCV for BKNG: 2020-11-27 → 2024-01-31 (provider=yahoo, cache_dir=data/cache/ohlcv, ttl=0)
2026-03-31 10:25:25,224 [INFO] backtesting.backtester: Loaded OHLCV for BKNG: shape=(798, 9)
2026-03-31 10:25:25,224 [INFO] backtesting.backtester: Requesting OHLCV for CRWD: 2020-11-27 → 2024-01-31 (provider=yahoo, cache_dir=data/cache/ohlcv, ttl=0)
2026-03-31 10:25:25,225 [INFO] backtesting.backtester: Loaded OHLCV for CRWD: shape=(798, 9)
2026-03-31 10:25:25,225 [INFO] backtesting.backtester: Requesting OHLCV for C: 2020-11-27 → 2024-01-31 (provider=yahoo, cache_dir=data/cache/ohlcv, ttl=0)
2026-03-31 10:25:25,227 [INFO] backtesting.backtester: Loaded OHLCV for C: shape=(798, 9)
2026-03-31 10:25:25,227 [INFO] backtesting.backtester: Requesting OHLCV for PG: 2020-11-27 → 2024-01-31 (provider=yahoo, cache_dir=data/cache/ohlcv, ttl=0)
2026-03-31 10:25:25,228 [INFO] backtesting.backtester: Loaded OHLCV for PG: shape=(798, 9)
2026-03-31 10:25:25,229 [INFO] backtesting.backtester: Requesting OHLCV for MA: 2020-11-27 → 2024-01-31 (provider=yahoo, cache_dir=data/cache/ohlcv, ttl=0)
2026-03-31 10:25:25,230 [INFO] backtesting.backtester: Loaded OHLCV for MA: shape=(798, 9)
2026-03-31 10:25:25,230 [INFO] backtesting.backtester: Requesting OHLCV for ADBE: 2020-11-27 → 2024-01-31 (provider=yahoo, cache_dir=data/cache/ohlcv, ttl=0)
2026-03-31 10:25:25,232 [INFO] backtesting.backtester: Loaded OHLCV for ADBE: shape=(798, 9)
2026-03-31 10:25:25,232 [INFO] backtesting.backtester: Requesting OHLCV for ACN: 2020-11-27 → 2024-01-31 (provider=yahoo, cache_dir=data/cache/ohlcv, ttl=0)
2026-03-31 10:25:25,234 [INFO] backtesting.backtester: Loaded OHLCV for ACN: shape=(798, 9)
2026-03-31 10:25:25,234 [INFO] backtesting.backtester: Requesting OHLCV for QCOM: 2020-11-27 → 2024-01-31 (provider=yahoo, cache_dir=data/cache/ohlcv, ttl=0)
2026-03-31 10:25:25,235 [INFO] backtesting.backtester: Loaded OHLCV for QCOM: shape=(798, 9)
2026-03-31 10:25:25,235 [INFO] backtesting.backtester: Requesting OHLCV for GE: 2020-11-27 → 2024-01-31 (provider=yahoo, cache_dir=data/cache/ohlcv, ttl=0)
2026-03-31 10:25:25,237 [INFO] backtesting.backtester: Loaded OHLCV for GE: shape=(798, 9)
2026-03-31 10:25:25,237 [INFO] backtesting.backtester: Requesting OHLCV for DELL: 2020-11-27 → 2024-01-31 (provider=yahoo, cache_dir=data/cache/ohlcv, ttl=0)
2026-03-31 10:25:25,239 [INFO] backtesting.backtester: Loaded OHLCV for DELL: shape=(798, 9)
2026-03-31 10:25:25,239 [INFO] backtesting.backtester: Requesting OHLCV for ABBV: 2020-11-27 → 2024-01-31 (provider=yahoo, cache_dir=data/cache/ohlcv, ttl=0)
2026-03-31 10:25:25,240 [INFO] backtesting.backtester: Loaded OHLCV for ABBV: shape=(798, 9)
2026-03-31 10:25:25,240 [INFO] backtesting.backtester: Requesting OHLCV for WFC: 2020-11-27 → 2024-01-31 (provider=yahoo, cache_dir=data/cache/ohlcv, ttl=0)
2026-03-31 10:25:25,242 [INFO] backtesting.backtester: Loaded OHLCV for WFC: shape=(798, 9)
2026-03-31 10:25:25,242 [INFO] backtesting.backtester: Requesting OHLCV for BA: 2020-11-27 → 2024-01-31 (provider=yahoo, cache_dir=data/cache/ohlcv, ttl=0)
2026-03-31 10:25:25,244 [INFO] backtesting.backtester: Loaded OHLCV for BA: shape=(798, 9)
2026-03-31 10:25:25,244 [INFO] backtesting.backtester: Requesting OHLCV for KLAC: 2020-11-27 → 2024-01-31 (provider=yahoo, cache_dir=data/cache/ohlcv, ttl=0)
2026-03-31 10:25:25,245 [INFO] backtesting.backtester: Loaded OHLCV for KLAC: shape=(798, 9)
2026-03-31 10:25:25,245 [INFO] backtesting.backtester: Requesting OHLCV for IBM: 2020-11-27 → 2024-01-31 (provider=yahoo, cache_dir=data/cache/ohlcv, ttl=0)
2026-03-31 10:25:25,247 [INFO] backtesting.backtester: Loaded OHLCV for IBM: shape=(798, 9)
2026-03-31 10:25:25,247 [INFO] backtesting.backtester: Requesting OHLCV for HD: 2020-11-27 → 2024-01-31 (provider=yahoo, cache_dir=data/cache/ohlcv, ttl=0)
2026-03-31 10:25:25,249 [INFO] backtesting.backtester: Loaded OHLCV for HD: shape=(798, 9)
2026-03-31 10:25:25,249 [INFO] backtesting.backtester: Requesting OHLCV for COP: 2020-11-27 → 2024-01-31 (provider=yahoo, cache_dir=data/cache/ohlcv, ttl=0)
2026-03-31 10:25:25,251 [INFO] backtesting.backtester: Loaded OHLCV for COP: shape=(798, 9)
2026-03-31 10:25:25,251 [INFO] backtesting.backtester: Requesting OHLCV for STX: 2020-11-27 → 2024-01-31 (provider=yahoo, cache_dir=data/cache/ohlcv, ttl=0)
2026-03-31 10:25:25,252 [INFO] backtesting.backtester: Loaded OHLCV for STX: shape=(798, 9)
2026-03-31 10:25:25,252 [INFO] backtesting.backtester: Requesting OHLCV for UBER: 2020-11-27 → 2024-01-31 (provider=yahoo, cache_dir=data/cache/ohlcv, ttl=0)
2026-03-31 10:25:25,254 [INFO] backtesting.backtester: Loaded OHLCV for UBER: shape=(798, 9)
2026-03-31 10:25:25,254 [INFO] backtesting.backtester: Requesting OHLCV for LIN: 2020-11-27 → 2024-01-31 (provider=yahoo, cache_dir=data/cache/ohlcv, ttl=0)
2026-03-31 10:25:25,255 [INFO] backtesting.backtester: Loaded OHLCV for LIN: shape=(798, 9)
2026-03-31 10:25:25,255 [INFO] backtesting.backtester: Requesting OHLCV for VZ: 2020-11-27 → 2024-01-31 (provider=yahoo, cache_dir=data/cache/ohlcv, ttl=0)
2026-03-31 10:25:25,257 [INFO] backtesting.backtester: Loaded OHLCV for VZ: shape=(798, 9)
2026-03-31 10:25:25,257 [INFO] backtesting.backtester: Requesting OHLCV for APH: 2020-11-27 → 2024-01-31 (provider=yahoo, cache_dir=data/cache/ohlcv, ttl=0)
2026-03-31 10:25:25,259 [INFO] backtesting.backtester: Loaded OHLCV for APH: shape=(798, 9)
2026-03-31 10:25:25,259 [INFO] backtesting.backtester: Requesting OHLCV for ABT: 2020-11-27 → 2024-01-31 (provider=yahoo, cache_dir=data/cache/ohlcv, ttl=0)
2026-03-31 10:25:25,260 [INFO] backtesting.backtester: Loaded OHLCV for ABT: shape=(798, 9)
2026-03-31 10:25:25,260 [INFO] backtesting.backtester: Requesting OHLCV for NEM: 2020-11-27 → 2024-01-31 (provider=yahoo, cache_dir=data/cache/ohlcv, ttl=0)
2026-03-31 10:25:25,262 [INFO] backtesting.backtester: Loaded OHLCV for NEM: shape=(798, 9)
2026-03-31 10:25:25,262 [INFO] backtesting.backtester: Requesting OHLCV for AXP: 2020-11-27 → 2024-01-31 (provider=yahoo, cache_dir=data/cache/ohlcv, ttl=0)
2026-03-31 10:25:25,264 [INFO] backtesting.backtester: Loaded OHLCV for AXP: shape=(798, 9)
2026-03-31 10:25:25,264 [INFO] backtesting.backtester: Requesting OHLCV for KO: 2020-11-27 → 2024-01-31 (provider=yahoo, cache_dir=data/cache/ohlcv, ttl=0)
2026-03-31 10:25:25,265 [INFO] backtesting.backtester: Loaded OHLCV for KO: shape=(798, 9)
2026-03-31 10:25:25,265 [INFO] backtesting.backtester: Requesting OHLCV for ADI: 2020-11-27 → 2024-01-31 (provider=yahoo, cache_dir=data/cache/ohlcv, ttl=0)
2026-03-31 10:25:25,267 [INFO] backtesting.backtester: Loaded OHLCV for ADI: shape=(798, 9)

  [signals 122/295] F… 798 bars, 698 signals
  [signals 123/295] CCL… 798 bars, 698 signals
  [signals 124/295] ISRG… 798 bars, 727 signals
  [signals 125/295] VST… 798 bars, 773 signals
  [signals 126/295] DHR… 798 bars, 769 signals
  [signals 127/295] UPS… 798 bars, 770 signals
  [signals 128/295] SYK… 798 bars, 764 signals
  [signals 129/295] WDAY… 798 bars, 728 signals
  [signals 130/295] APO… 798 bars, 740 signals
  [signals 131/295] TJX… 798 bars, 790 signals
  [signals 132/295] UNP… 798 bars, 770 signals
  [signals 133/295] ELV… 798 bars, 760 signals
  [signals 134/295] MPC… 798 bars, 678 signals
  [signals 135/295] MDT… 798 bars, 782 signals
  [signals 136/295] CME… 798 bars, 767 signals
  [signals 137/295] CDNS… 798 bars, 751 signals
  [signals 138/295] FANG… 798 bars, 672 signals
  [signals 139/295] MCK… 798 bars, 740 signals
  [signals 140/295] LYB… 798 bars, 761 signals
  [signals 141/295] WELL… 798 bars, 731 signals
  [signals 142/295] BKR… 798 bars, 759 signals
  [signals 143/295] MMM… 798 bars, 779 signals
  [signals 144/295] VRTX… 798 bars, 737 signals
  [signals 145/295] MO… 798 bars, 754 signals
  [signals 146/295] MCO… 798 bars, 768 signals
  [signals 147/295] LOW… 798 bars, 758 signals
  [signals 148/295] PGR… 798 bars, 758 signals
  [signals 149/295] CRH… 798 bars, 753 signals
  [signals 150/295] PWR… 798 bars, 707 signals
  [signals 151/295] XYZ… 798 bars, 709 signals
  [signals 152/295] PSX… 798 bars, 714 signals
  [signals 153/295] ROST… 798 bars, 777 signals
  [signals 154/295] DASH… 789 bars, 704 signals
  [signals 155/295] EQIX… 798 bars, 744 signals
  [signals 156/295] TTD… 798 bars, 711 signals
  [signals 157/295] HAL… 798 bars, 703 signals
  [signals 158/295] DUK… 798 bars, 777 signals
  [signals 159/295] NOC… 798 bars, 782 signals
  [signals 160/295] GM… 798 bars, 739 signals
  [signals 161/295] CVS… 798 bars, 765 signals
  [signals 162/295] FIX… 798 bars, 705 signals
  [signals 163/295] MDLZ… 798 bars, 746 signals
  [signals 164/295] CB… 798 bars, 777 signals
  [signals 165/295] EXPE… 798 bars, 715 signals
  [signals 166/295] AMT… 798 bars, 764 signals
  [signals 167/295] HCA… 798 bars, 763 signals
  [signals 168/295] CL… 798 bars, 787 signals
  [signals 169/295] HWM… 798 bars, 736 signals
  [signals 170/295] PNC… 798 bars, 771 signals
  [signals 171/295] MPWR… 798 bars, 711 signals
  [signals 172/295] HLT… 798 bars, 750 signals
  [signals 173/295] MCHP… 798 bars, 750 signals
  [signals 174/295] EQT… 798 bars, 732 signals
  [signals 175/295] USB… 798 bars, 761 signals
  [signals 176/295] ADSK… 798 bars, 758 signals
  [signals 177/295] CMG… 798 bars, 735 signals
  [signals 178/295] JCI… 798 bars, 731 signals
  [signals 179/295] TT… 798 bars, 759 signals
  [signals 180/295] ORLY… 798 bars, 735 signals
  [signals 181/295] ICE… 798 bars, 784 signals
  [signals 182/295] SHW… 798 bars, 783 signals
  [signals 183/295] LHX… 798 bars, 770 signals
  [signals 184/295] DDOG… 798 bars, 743 signals
  [signals 185/295] KR… 798 bars, 774 signals
  [signals 186/295] AZO… 798 bars, 743 signals
  [signals 187/295] DOW… 798 bars, 775 signals
  [signals 188/295] WM… 798 bars, 764 signals
  [signals 189/295] ABNB… 788 bars, 715 signals
  [signals 190/295] NRG… 798 bars, 743 signals
  [signals 191/295] SO… 798 bars, 774 signals
  [signals 192/295] NXPI… 798 bars, 759 signals
  [signals 193/295] MRSH… 798 bars, 768 signals
  [signals 194/295] ZTS… 798 bars, 785 signals
  [signals 195/295] ULTA… 798 bars, 744 signals
  [signals 196/295] AEP… 798 bars, 780 signals
  [signals 197/295] CSX… 798 bars, 766 signals
  [signals 198/295] MSI… 798 bars, 756 signals
  [signals 199/295] KEYS… 798 bars, 731 signals
  [signals 200/295] KMB… 798 bars, 769 signals
  [signals 201/295] MAR… 798 bars, 741 signals
  [signals 202/295] FITB… 798 bars, 756 signals
  [signals 203/295] LULU… 798 bars, 731 signals
  [signals 204/295] ROP… 798 bars, 778 signals
  [signals 205/295] MNST… 798 bars, 765 signals
  [signals 206/295] URI… 798 bars, 735 signals
  [signals 207/295] LYV… 798 bars, 753 signals
  [signals 208/295] DG… 798 bars, 768 signals
  [signals 209/295] CMI… 798 bars, 767 signals
  [signals 210/295] CI… 798 bars, 755 signals
  [signals 211/295] AJG… 798 bars, 751 signals
  [signals 212/295] FTNT… 798 bars, 694 signals
  [signals 213/295] NCLH… 798 bars, 696 signals
  [signals 214/295] EA… 798 bars, 768 signals
  [signals 215/295] ARES… 798 bars, 729 signals
  [signals 216/295] AKAM… 798 bars, 771 signals
  [signals 217/295] WMB… 798 bars, 758 signals
  [signals 218/295] TDG… 798 bars, 731 signals
  [signals 219/295] COR… 798 bars, 739 signals
  [signals 220/295] PLD… 798 bars, 729 signals
  [signals 221/295] TEL… 798 bars, 764 signals
  [signals 222/295] CTAS… 798 bars, 753 signals
  [signals 223/295] AXON… 798 bars, 681 signals
  [signals 224/295] KMI… 798 bars, 770 signals
  [signals 225/295] MRNA… 798 bars, 696 signals
  [signals 226/295] ECL… 798 bars, 784 signals
  [signals 227/295] EL… 798 bars, 768 signals
  [signals 228/295] EXC… 798 bars, 772 signals
  [signals 229/295] FICO… 798 bars, 732 signals
  [signals 230/295] REGN… 798 bars, 753 signals
  [signals 231/295] OKE… 798 bars, 738 signals
  [signals 232/295] HBAN… 798 bars, 745 signals
  [signals 233/295] AON… 798 bars, 769 signals
  [signals 234/295] HPE… 798 bars, 730 signals
  [signals 235/295] GD… 798 bars, 761 signals
  [signals 236/295] TRV… 798 bars, 765 signals
  [signals 237/295] EBAY… 798 bars, 774 signals
  [signals 238/295] ODFL… 798 bars, 748 signals
  [signals 239/295] EXE… 747 bars, 708 signals
  [signals 240/295] TFC… 798 bars, 758 signals
  [signals 241/295] ON… 798 bars, 704 signals
  [signals 242/295] PCG… 798 bars, 780 signals
  [signals 243/295] LUV… 798 bars, 719 signals
  [signals 244/295] BDX… 798 bars, 776 signals
  [signals 245/295] O… 798 bars, 765 signals
  [signals 246/295] PAYX… 798 bars, 773 signals
  [signals 247/295] CTSH… 798 bars, 781 signals
  [signals 248/295] CAH… 798 bars, 725 signals
  [signals 249/295] RF… 798 bars, 738 signals
  [signals 250/295] APD… 798 bars, 754 signals
  [signals 251/295] TTWO… 798 bars, 763 signals
  [signals 252/295] VMC… 798 bars, 754 signals
  [signals 253/295] BK… 798 bars, 774 signals
  [signals 254/295] GIS… 798 bars, 764 signals
  [signals 255/295] EMR… 798 bars, 756 signals
  [signals 256/295] DPZ… 798 bars, 773 signals
  [signals 257/295] CTRA… 798 bars, 750 signals
  [signals 258/295] KHC… 798 bars, 748 signals
  [signals 259/295] VRSK… 798 bars, 769 signals
  [signals 260/295] PSA… 798 bars, 727 signals
  [signals 261/295] DHI… 798 bars, 715 signals
  [signals 262/295] OMC… 798 bars, 768 signals
  [signals 263/295] FSLR… 798 bars, 686 signals
  [signals 264/295] TRGP… 798 bars, 721 signals
  [signals 265/295] CARR… 798 bars, 759 signals
  [signals 266/295] NSC… 798 bars, 763 signals
  [signals 267/295] EW… 798 bars, 771 signals
  [signals 268/295] ROK… 798 bars, 758 signals
  [signals 269/295] FISV… 798 bars, 743 signals
  [signals 270/295] FAST… 798 bars, 757 signals
  [signals 271/295] MLM… 798 bars, 748 signals
  [signals 272/295] HSY… 798 bars, 781 signals
  [signals 273/295] ITW… 798 bars, 754 signals
  [signals 274/295] XEL… 798 bars, 786 signals
  [signals 275/295] APA… 798 bars, 681 signals
  [signals 276/295] WAT… 798 bars, 768 signals
  [signals 277/295] JBL… 798 bars, 718 signals
  [signals 278/295] PCAR… 798 bars, 737 signals
  [signals 279/295] ALB… 798 bars, 693 signals
  [signals 280/295] AIG… 798 bars, 751 signals
  [signals 281/295] BBY… 798 bars, 745 signals
  [signals 282/295] HPQ… 798 bars, 744 signals
  [signals 283/295] DLTR… 798 bars, 718 signals
  [signals 284/295] DLR… 798 bars, 786 signals
  [signals 285/295] AME… 798 bars, 745 signals
  [signals 286/295] IBKR… 798 bars, 729 signals
  [signals 287/295] DRI… 798 bars, 767 signals
  [signals 288/295] SPG… 798 bars, 712 signals2026-03-31 10:25:25,267 [INFO] backtesting.backtester: Requesting OHLCV for PANW: 2020-11-27 → 2024-01-31 (provider=yahoo, cache_dir=data/cache/ohlcv, ttl=0)
2026-03-31 10:25:25,269 [INFO] backtesting.backtester: Loaded OHLCV for PANW: shape=(798, 9)
2026-03-31 10:25:25,269 [INFO] backtesting.backtester: Requesting OHLCV for TXN: 2020-11-27 → 2024-01-31 (provider=yahoo, cache_dir=data/cache/ohlcv, ttl=0)
2026-03-31 10:25:25,270 [INFO] backtesting.backtester: Loaded OHLCV for TXN: shape=(798, 9)
2026-03-31 10:25:25,270 [INFO] backtesting.backtester: Requesting OHLCV for RTX: 2020-11-27 → 2024-01-31 (provider=yahoo, cache_dir=data/cache/ohlcv, ttl=0)
2026-03-31 10:25:25,272 [INFO] backtesting.backtester: Loaded OHLCV for RTX: shape=(798, 9)
2026-03-31 10:25:25,272 [INFO] backtesting.backtester: Requesting OHLCV for BX: 2020-11-27 → 2024-01-31 (provider=yahoo, cache_dir=data/cache/ohlcv, ttl=0)
2026-03-31 10:25:25,274 [INFO] backtesting.backtester: Loaded OHLCV for BX: shape=(798, 9)
2026-03-31 10:25:25,274 [INFO] backtesting.backtester: Requesting OHLCV for T: 2020-11-27 → 2024-01-31 (provider=yahoo, cache_dir=data/cache/ohlcv, ttl=0)
2026-03-31 10:25:25,275 [INFO] backtesting.backtester: Loaded OHLCV for T: shape=(798, 9)
2026-03-31 10:25:25,275 [INFO] backtesting.backtester: Requesting OHLCV for MRK: 2020-11-27 → 2024-01-31 (provider=yahoo, cache_dir=data/cache/ohlcv, ttl=0)
2026-03-31 10:25:25,277 [INFO] backtesting.backtester: Loaded OHLCV for MRK: shape=(798, 9)
2026-03-31 10:25:25,277 [INFO] backtesting.backtester: Requesting OHLCV for MS: 2020-11-27 → 2024-01-31 (provider=yahoo, cache_dir=data/cache/ohlcv, ttl=0)
2026-03-31 10:25:25,279 [INFO] backtesting.backtester: Loaded OHLCV for MS: shape=(798, 9)
2026-03-31 10:25:25,279 [INFO] backtesting.backtester: Requesting OHLCV for CIEN: 2020-11-27 → 2024-01-31 (provider=yahoo, cache_dir=data/cache/ohlcv, ttl=0)
2026-03-31 10:25:25,280 [INFO] backtesting.backtester: Loaded OHLCV for CIEN: shape=(798, 9)
2026-03-31 10:25:25,280 [INFO] backtesting.backtester: Requesting OHLCV for LMT: 2020-11-27 → 2024-01-31 (provider=yahoo, cache_dir=data/cache/ohlcv, ttl=0)
2026-03-31 10:25:25,282 [INFO] backtesting.backtester: Loaded OHLCV for LMT: shape=(798, 9)
2026-03-31 10:25:25,282 [INFO] backtesting.backtester: Requesting OHLCV for OXY: 2020-11-27 → 2024-01-31 (provider=yahoo, cache_dir=data/cache/ohlcv, ttl=0)
2026-03-31 10:25:25,284 [INFO] backtesting.backtester: Loaded OHLCV for OXY: shape=(798, 9)
2026-03-31 10:25:25,284 [INFO] backtesting.backtester: Requesting OHLCV for DIS: 2020-11-27 → 2024-01-31 (provider=yahoo, cache_dir=data/cache/ohlcv, ttl=0)
2026-03-31 10:25:25,285 [INFO] backtesting.backtester: Loaded OHLCV for DIS: shape=(798, 9)
2026-03-31 10:25:25,285 [INFO] backtesting.backtester: Requesting OHLCV for FCX: 2020-11-27 → 2024-01-31 (provider=yahoo, cache_dir=data/cache/ohlcv, ttl=0)
2026-03-31 10:25:25,287 [INFO] backtesting.backtester: Loaded OHLCV for FCX: shape=(798, 9)
2026-03-31 10:25:25,287 [INFO] backtesting.backtester: Requesting OHLCV for TMUS: 2020-11-27 → 2024-01-31 (provider=yahoo, cache_dir=data/cache/ohlcv, ttl=0)
2026-03-31 10:25:25,289 [INFO] backtesting.backtester: Loaded OHLCV for TMUS: shape=(798, 9)
2026-03-31 10:25:25,289 [INFO] backtesting.backtester: Requesting OHLCV for SMCI: 2020-11-27 → 2024-01-31 (provider=yahoo, cache_dir=data/cache/ohlcv, ttl=0)
2026-03-31 10:25:25,290 [INFO] backtesting.backtester: Loaded OHLCV for SMCI: shape=(798, 9)
2026-03-31 10:25:25,290 [INFO] backtesting.backtester: Requesting OHLCV for PFE: 2020-11-27 → 2024-01-31 (provider=yahoo, cache_dir=data/cache/ohlcv, ttl=0)
2026-03-31 10:25:25,292 [INFO] backtesting.backtester: Loaded OHLCV for PFE: shape=(798, 9)
2026-03-31 10:25:25,292 [INFO] backtesting.backtester: Requesting OHLCV for CMCSA: 2020-11-27 → 2024-01-31 (provider=yahoo, cache_dir=data/cache/ohlcv, ttl=0)
2026-03-31 10:25:25,294 [INFO] backtesting.backtester: Loaded OHLCV for CMCSA: shape=(798, 9)
2026-03-31 10:25:25,294 [INFO] backtesting.backtester: Requesting OHLCV for VLO: 2020-11-27 → 2024-01-31 (provider=yahoo, cache_dir=data/cache/ohlcv, ttl=0)
2026-03-31 10:25:25,295 [INFO] backtesting.backtester: Loaded OHLCV for VLO: shape=(798, 9)
2026-03-31 10:25:25,296 [INFO] backtesting.backtester: Requesting OHLCV for TER: 2020-11-27 → 2024-01-31 (provider=yahoo, cache_dir=data/cache/ohlcv, ttl=0)
2026-03-31 10:25:25,297 [INFO] backtesting.backtester: Loaded OHLCV for TER: shape=(798, 9)
2026-03-31 10:25:25,297 [INFO] backtesting.backtester: Requesting OHLCV for COF: 2020-11-27 → 2024-01-31 (provider=yahoo, cache_dir=data/cache/ohlcv, ttl=0)
2026-03-31 10:25:25,299 [INFO] backtesting.backtester: Loaded OHLCV for COF: shape=(798, 9)
2026-03-31 10:25:25,299 [INFO] backtesting.backtester: Requesting OHLCV for TMO: 2020-11-27 → 2024-01-31 (provider=yahoo, cache_dir=data/cache/ohlcv, ttl=0)
2026-03-31 10:25:25,301 [INFO] backtesting.backtester: Loaded OHLCV for TMO: shape=(798, 9)
2026-03-31 10:25:25,301 [INFO] backtesting.backtester: Requesting OHLCV for MCD: 2020-11-27 → 2024-01-31 (provider=yahoo, cache_dir=data/cache/ohlcv, ttl=0)
2026-03-31 10:25:25,302 [INFO] backtesting.backtester: Loaded OHLCV for MCD: shape=(798, 9)
2026-03-31 10:25:25,302 [INFO] backtesting.backtester: Requesting OHLCV for PEP: 2020-11-27 → 2024-01-31 (provider=yahoo, cache_dir=data/cache/ohlcv, ttl=0)
2026-03-31 10:25:25,304 [INFO] backtesting.backtester: Loaded OHLCV for PEP: shape=(798, 9)
2026-03-31 10:25:25,304 [INFO] backtesting.backtester: Requesting OHLCV for SLB: 2020-11-27 → 2024-01-31 (provider=yahoo, cache_dir=data/cache/ohlcv, ttl=0)
2026-03-31 10:25:25,305 [INFO] backtesting.backtester: Loaded OHLCV for SLB: shape=(798, 9)
2026-03-31 10:25:25,305 [INFO] backtesting.backtester: Requesting OHLCV for BLK: 2020-11-27 → 2024-01-31 (provider=yahoo, cache_dir=data/cache/ohlcv, ttl=0)
2026-03-31 10:25:25,307 [INFO] backtesting.backtester: Loaded OHLCV for BLK: shape=(798, 9)
2026-03-31 10:25:25,307 [INFO] backtesting.backtester: Requesting OHLCV for SNPS: 2020-11-27 → 2024-01-31 (provider=yahoo, cache_dir=data/cache/ohlcv, ttl=0)
2026-03-31 10:25:25,309 [INFO] backtesting.backtester: Loaded OHLCV for SNPS: shape=(798, 9)
2026-03-31 10:25:25,309 [INFO] backtesting.backtester: Requesting OHLCV for NEE: 2020-11-27 → 2024-01-31 (provider=yahoo, cache_dir=data/cache/ohlcv, ttl=0)
2026-03-31 10:25:25,310 [INFO] backtesting.backtester: Loaded OHLCV for NEE: shape=(798, 9)
2026-03-31 10:25:25,310 [INFO] backtesting.backtester: Requesting OHLCV for SPGI: 2020-11-27 → 2024-01-31 (provider=yahoo, cache_dir=data/cache/ohlcv, ttl=0)
2026-03-31 10:25:25,312 [INFO] backtesting.backtester: Loaded OHLCV for SPGI: shape=(798, 9)
2026-03-31 10:25:25,312 [INFO] backtesting.backtester: Requesting OHLCV for AMGN: 2020-11-27 → 2024-01-31 (provider=yahoo, cache_dir=data/cache/ohlcv, ttl=0)
2026-03-31 10:25:25,313 [INFO] backtesting.backtester: Loaded OHLCV for AMGN: shape=(798, 9)
2026-03-31 10:25:25,314 [INFO] backtesting.backtester: Requesting OHLCV for ETN: 2020-11-27 → 2024-01-31 (provider=yahoo, cache_dir=data/cache/ohlcv, ttl=0)
2026-03-31 10:25:25,315 [INFO] backtesting.backtester: Loaded OHLCV for ETN: shape=(798, 9)
2026-03-31 10:25:25,315 [INFO] backtesting.backtester: Requesting OHLCV for DAL: 2020-11-27 → 2024-01-31 (provider=yahoo, cache_dir=data/cache/ohlcv, ttl=0)
2026-03-31 10:25:25,317 [INFO] backtesting.backtester: Loaded OHLCV for DAL: shape=(798, 9)
2026-03-31 10:25:25,317 [INFO] backtesting.backtester: Requesting OHLCV for GILD: 2020-11-27 → 2024-01-31 (provider=yahoo, cache_dir=data/cache/ohlcv, ttl=0)
2026-03-31 10:25:25,318 [INFO] backtesting.backtester: Loaded OHLCV for GILD: shape=(798, 9)
2026-03-31 10:25:25,318 [INFO] backtesting.backtester: Requesting OHLCV for HON: 2020-11-27 → 2024-01-31 (provider=yahoo, cache_dir=data/cache/ohlcv, ttl=0)
2026-03-31 10:25:25,320 [INFO] backtesting.backtester: Loaded OHLCV for HON: shape=(798, 9)
2026-03-31 10:25:25,320 [INFO] backtesting.backtester: Requesting OHLCV for CEG: 2020-11-27 → 2024-01-31 (provider=yahoo, cache_dir=data/cache/ohlcv, ttl=0)
2026-03-31 10:25:25,338 [INFO] backtesting.backtester: Loaded OHLCV for CEG: shape=(510, 9)
2026-03-31 10:25:25,338 [WARNING] backtesting.backtester: Excluding CEG due to insufficient pre-history: first_date=2022-01-19 00:00:00, required=252 days before 2022-01-01 00:00:00
2026-03-31 10:25:25,338 [INFO] backtesting.backtester: Requesting OHLCV for ADP: 2020-11-27 → 2024-01-31 (provider=yahoo, cache_dir=data/cache/ohlcv, ttl=0)
2026-03-31 10:25:25,340 [INFO] backtesting.backtester: Loaded OHLCV for ADP: shape=(798, 9)
2026-03-31 10:25:25,340 [INFO] backtesting.backtester: Requesting OHLCV for BSX: 2020-11-27 → 2024-01-31 (provider=yahoo, cache_dir=data/cache/ohlcv, ttl=0)
2026-03-31 10:25:25,342 [INFO] backtesting.backtester: Loaded OHLCV for BSX: shape=(798, 9)
2026-03-31 10:25:25,342 [INFO] backtesting.backtester: Requesting OHLCV for PYPL: 2020-11-27 → 2024-01-31 (provider=yahoo, cache_dir=data/cache/ohlcv, ttl=0)
2026-03-31 10:25:25,344 [INFO] backtesting.backtester: Loaded OHLCV for PYPL: shape=(798, 9)
2026-03-31 10:25:25,344 [INFO] backtesting.backtester: Requesting OHLCV for PM: 2020-11-27 → 2024-01-31 (provider=yahoo, cache_dir=data/cache/ohlcv, ttl=0)
2026-03-31 10:25:25,346 [INFO] backtesting.backtester: Loaded OHLCV for PM: shape=(798, 9)
2026-03-31 10:25:25,346 [INFO] backtesting.backtester: Requesting OHLCV for CVNA: 2020-11-27 → 2024-01-31 (provider=yahoo, cache_dir=data/cache/ohlcv, ttl=0)
2026-03-31 10:25:25,347 [INFO] backtesting.backtester: Loaded OHLCV for CVNA: shape=(798, 9)
2026-03-31 10:25:25,347 [INFO] backtesting.backtester: Requesting OHLCV for UAL: 2020-11-27 → 2024-01-31 (provider=yahoo, cache_dir=data/cache/ohlcv, ttl=0)
2026-03-31 10:25:25,349 [INFO] backtesting.backtester: Loaded OHLCV for UAL: shape=(798, 9)
2026-03-31 10:25:25,349 [INFO] backtesting.backtester: Requesting OHLCV for NKE: 2020-11-27 → 2024-01-31 (provider=yahoo, cache_dir=data/cache/ohlcv, ttl=0)
2026-03-31 10:25:25,351 [INFO] backtesting.backtester: Loaded OHLCV for NKE: shape=(798, 9)
2026-03-31 10:25:25,351 [INFO] backtesting.backtester: Requesting OHLCV for ANET: 2020-11-27 → 2024-01-31 (provider=yahoo, cache_dir=data/cache/ohlcv, ttl=0)
2026-03-31 10:25:25,353 [INFO] backtesting.backtester: Loaded OHLCV for ANET: shape=(798, 9)
2026-03-31 10:25:25,353 [INFO] backtesting.backtester: Requesting OHLCV for DVN: 2020-11-27 → 2024-01-31 (provider=yahoo, cache_dir=data/cache/ohlcv, ttl=0)
2026-03-31 10:25:25,355 [INFO] backtesting.backtester: Loaded OHLCV for DVN: shape=(798, 9)
2026-03-31 10:25:25,355 [INFO] backtesting.backtester: Requesting OHLCV for BMY: 2020-11-27 → 2024-01-31 (provider=yahoo, cache_dir=data/cache/ohlcv, ttl=0)
2026-03-31 10:25:25,357 [INFO] backtesting.backtester: Loaded OHLCV for BMY: shape=(798, 9)
2026-03-31 10:25:25,357 [INFO] backtesting.backtester: Requesting OHLCV for CF: 2020-11-27 → 2024-01-31 (provider=yahoo, cache_dir=data/cache/ohlcv, ttl=0)
2026-03-31 10:25:25,359 [INFO] backtesting.backtester: Loaded OHLCV for CF: shape=(798, 9)
2026-03-31 10:25:25,359 [INFO] backtesting.backtester: Requesting OHLCV for SCHW: 2020-11-27 → 2024-01-31 (provider=yahoo, cache_dir=data/cache/ohlcv, ttl=0)
2026-03-31 10:25:25,361 [INFO] backtesting.backtester: Loaded OHLCV for SCHW: shape=(798, 9)
2026-03-31 10:25:25,361 [INFO] backtesting.backtester: Requesting OHLCV for SATS: 2020-11-27 → 2024-01-31 (provider=yahoo, cache_dir=data/cache/ohlcv, ttl=0)
2026-03-31 10:25:25,362 [INFO] backtesting.backtester: Loaded OHLCV for SATS: shape=(798, 9)
2026-03-31 10:25:25,363 [INFO] backtesting.backtester: Requesting OHLCV for WBD: 2020-11-27 → 2024-01-31 (provider=yahoo, cache_dir=data/cache/ohlcv, ttl=0)
2026-03-31 10:25:25,364 [INFO] backtesting.backtester: Loaded OHLCV for WBD: shape=(798, 9)
2026-03-31 10:25:25,364 [INFO] backtesting.backtester: Requesting OHLCV for PH: 2020-11-27 → 2024-01-31 (provider=yahoo, cache_dir=data/cache/ohlcv, ttl=0)
2026-03-31 10:25:25,366 [INFO] backtesting.backtester: Loaded OHLCV for PH: shape=(798, 9)
2026-03-31 10:25:25,366 [INFO] backtesting.backtester: Requesting OHLCV for EOG: 2020-11-27 → 2024-01-31 (provider=yahoo, cache_dir=data/cache/ohlcv, ttl=0)
2026-03-31 10:25:25,368 [INFO] backtesting.backtester: Loaded OHLCV for EOG: shape=(798, 9)
2026-03-31 10:25:25,368 [INFO] backtesting.backtester: Requesting OHLCV for KKR: 2020-11-27 → 2024-01-31 (provider=yahoo, cache_dir=data/cache/ohlcv, ttl=0)
2026-03-31 10:25:25,370 [INFO] backtesting.backtester: Loaded OHLCV for KKR: shape=(798, 9)
2026-03-31 10:25:25,370 [INFO] backtesting.backtester: Requesting OHLCV for TGT: 2020-11-27 → 2024-01-31 (provider=yahoo, cache_dir=data/cache/ohlcv, ttl=0)
2026-03-31 10:25:25,372 [INFO] backtesting.backtester: Loaded OHLCV for TGT: shape=(798, 9)
2026-03-31 10:25:25,372 [INFO] backtesting.backtester: Requesting OHLCV for RCL: 2020-11-27 → 2024-01-31 (provider=yahoo, cache_dir=data/cache/ohlcv, ttl=0)
2026-03-31 10:25:25,374 [INFO] backtesting.backtester: Loaded OHLCV for RCL: shape=(798, 9)
2026-03-31 10:25:25,374 [INFO] backtesting.backtester: Requesting OHLCV for SBUX: 2020-11-27 → 2024-01-31 (provider=yahoo, cache_dir=data/cache/ohlcv, ttl=0)
2026-03-31 10:25:25,376 [INFO] backtesting.backtester: Loaded OHLCV for SBUX: shape=(798, 9)
2026-03-31 10:25:25,376 [INFO] backtesting.backtester: Requesting OHLCV for DE: 2020-11-27 → 2024-01-31 (provider=yahoo, cache_dir=data/cache/ohlcv, ttl=0)
2026-03-31 10:25:25,377 [INFO] backtesting.backtester: Loaded OHLCV for DE: shape=(798, 9)
2026-03-31 10:25:25,377 [INFO] backtesting.backtester: Requesting OHLCV for FDX: 2020-11-27 → 2024-01-31 (provider=yahoo, cache_dir=data/cache/ohlcv, ttl=0)
2026-03-31 10:25:25,379 [INFO] backtesting.backtester: Loaded OHLCV for FDX: shape=(798, 9)
2026-03-31 10:25:25,379 [INFO] backtesting.backtester: Requesting OHLCV for F: 2020-11-27 → 2024-01-31 (provider=yahoo, cache_dir=data/cache/ohlcv, ttl=0)
2026-03-31 10:25:25,381 [INFO] backtesting.backtester: Loaded OHLCV for F: shape=(798, 9)
2026-03-31 10:25:25,381 [INFO] backtesting.backtester: Requesting OHLCV for CCL: 2020-11-27 → 2024-01-31 (provider=yahoo, cache_dir=data/cache/ohlcv, ttl=0)
2026-03-31 10:25:25,383 [INFO] backtesting.backtester: Loaded OHLCV for CCL: shape=(798, 9)
2026-03-31 10:25:25,383 [INFO] backtesting.backtester: Requesting OHLCV for ISRG: 2020-11-27 → 2024-01-31 (provider=yahoo, cache_dir=data/cache/ohlcv, ttl=0)
2026-03-31 10:25:25,385 [INFO] backtesting.backtester: Loaded OHLCV for ISRG: shape=(798, 9)
2026-03-31 10:25:25,385 [INFO] backtesting.backtester: Requesting OHLCV for VST: 2020-11-27 → 2024-01-31 (provider=yahoo, cache_dir=data/cache/ohlcv, ttl=0)
2026-03-31 10:25:25,386 [INFO] backtesting.backtester: Loaded OHLCV for VST: shape=(798, 9)
2026-03-31 10:25:25,386 [INFO] backtesting.backtester: Requesting OHLCV for DHR: 2020-11-27 → 2024-01-31 (provider=yahoo, cache_dir=data/cache/ohlcv, ttl=0)
2026-03-31 10:25:25,388 [INFO] backtesting.backtester: Loaded OHLCV for DHR: shape=(798, 9)
2026-03-31 10:25:25,388 [INFO] backtesting.backtester: Requesting OHLCV for UPS: 2020-11-27 → 2024-01-31 (provider=yahoo, cache_dir=data/cache/ohlcv, ttl=0)
2026-03-31 10:25:25,390 [INFO] backtesting.backtester: Loaded OHLCV for UPS: shape=(798, 9)
2026-03-31 10:25:25,390 [INFO] backtesting.backtester: Requesting OHLCV for SYK: 2020-11-27 → 2024-01-31 (provider=yahoo, cache_dir=data/cache/ohlcv, ttl=0)
2026-03-31 10:25:25,391 [INFO] backtesting.backtester: Loaded OHLCV for SYK: shape=(798, 9)
2026-03-31 10:25:25,391 [INFO] backtesting.backtester: Requesting OHLCV for WDAY: 2020-11-27 → 2024-01-31 (provider=yahoo, cache_dir=data/cache/ohlcv, ttl=0)
2026-03-31 10:25:25,393 [INFO] backtesting.backtester: Loaded OHLCV for WDAY: shape=(798, 9)
2026-03-31 10:25:25,393 [INFO] backtesting.backtester: Requesting OHLCV for APO: 2020-11-27 → 2024-01-31 (provider=yahoo, cache_dir=data/cache/ohlcv, ttl=0)
2026-03-31 10:25:25,395 [INFO] backtesting.backtester: Loaded OHLCV for APO: shape=(798, 9)
2026-03-31 10:25:25,395 [INFO] backtesting.backtester: Requesting OHLCV for TJX: 2020-11-27 → 2024-01-31 (provider=yahoo, cache_dir=data/cache/ohlcv, ttl=0)
2026-03-31 10:25:25,397 [INFO] backtesting.backtester: Loaded OHLCV for TJX: shape=(798, 9)
2026-03-31 10:25:25,397 [INFO] backtesting.backtester: Requesting OHLCV for UNP: 2020-11-27 → 2024-01-31 (provider=yahoo, cache_dir=data/cache/ohlcv, ttl=0)
2026-03-31 10:25:25,399 [INFO] backtesting.backtester: Loaded OHLCV for UNP: shape=(798, 9)
2026-03-31 10:25:25,399 [INFO] backtesting.backtester: Requesting OHLCV for ELV: 2020-11-27 → 2024-01-31 (provider=yahoo, cache_dir=data/cache/ohlcv, ttl=0)
2026-03-31 10:25:25,400 [INFO] backtesting.backtester: Loaded OHLCV for ELV: shape=(798, 9)
2026-03-31 10:25:25,401 [INFO] backtesting.backtester: Requesting OHLCV for MPC: 2020-11-27 → 2024-01-31 (provider=yahoo, cache_dir=data/cache/ohlcv, ttl=0)
2026-03-31 10:25:25,402 [INFO] backtesting.backtester: Loaded OHLCV for MPC: shape=(798, 9)
2026-03-31 10:25:25,402 [INFO] backtesting.backtester: Requesting OHLCV for MDT: 2020-11-27 → 2024-01-31 (provider=yahoo, cache_dir=data/cache/ohlcv, ttl=0)
2026-03-31 10:25:25,404 [INFO] backtesting.backtester: Loaded OHLCV for MDT: shape=(798, 9)
2026-03-31 10:25:25,404 [INFO] backtesting.backtester: Requesting OHLCV for CME: 2020-11-27 → 2024-01-31 (provider=yahoo, cache_dir=data/cache/ohlcv, ttl=0)
2026-03-31 10:25:25,406 [INFO] backtesting.backtester: Loaded OHLCV for CME: shape=(798, 9)
2026-03-31 10:25:25,406 [INFO] backtesting.backtester: Requesting OHLCV for CDNS: 2020-11-27 → 2024-01-31 (provider=yahoo, cache_dir=data/cache/ohlcv, ttl=0)
2026-03-31 10:25:25,407 [INFO] backtesting.backtester: Loaded OHLCV for CDNS: shape=(798, 9)
2026-03-31 10:25:25,407 [INFO] backtesting.backtester: Requesting OHLCV for FANG: 2020-11-27 → 2024-01-31 (provider=yahoo, cache_dir=data/cache/ohlcv, ttl=0)
2026-03-31 10:25:25,409 [INFO] backtesting.backtester: Loaded OHLCV for FANG: shape=(798, 9)
2026-03-31 10:25:25,409 [INFO] backtesting.backtester: Requesting OHLCV for MCK: 2020-11-27 → 2024-01-31 (provider=yahoo, cache_dir=data/cache/ohlcv, ttl=0)
2026-03-31 10:25:25,411 [INFO] backtesting.backtester: Loaded OHLCV for MCK: shape=(798, 9)
2026-03-31 10:25:25,411 [INFO] backtesting.backtester: Requesting OHLCV for LYB: 2020-11-27 → 2024-01-31 (provider=yahoo, cache_dir=data/cache/ohlcv, ttl=0)
2026-03-31 10:25:25,413 [INFO] backtesting.backtester: Loaded OHLCV for LYB: shape=(798, 9)
2026-03-31 10:25:25,413 [INFO] backtesting.backtester: Requesting OHLCV for WELL: 2020-11-27 → 2024-01-31 (provider=yahoo, cache_dir=data/cache/ohlcv, ttl=0)
2026-03-31 10:25:25,414 [INFO] backtesting.backtester: Loaded OHLCV for WELL: shape=(798, 9)
2026-03-31 10:25:25,414 [INFO] backtesting.backtester: Requesting OHLCV for BKR: 2020-11-27 → 2024-01-31 (provider=yahoo, cache_dir=data/cache/ohlcv, ttl=0)
2026-03-31 10:25:25,416 [INFO] backtesting.backtester: Loaded OHLCV for BKR: shape=(798, 9)
2026-03-31 10:25:25,416 [INFO] backtesting.backtester: Requesting OHLCV for MMM: 2020-11-27 → 2024-01-31 (provider=yahoo, cache_dir=data/cache/ohlcv, ttl=0)
2026-03-31 10:25:25,418 [INFO] backtesting.backtester: Loaded OHLCV for MMM: shape=(798, 9)
2026-03-31 10:25:25,418 [INFO] backtesting.backtester: Requesting OHLCV for VRTX: 2020-11-27 → 2024-01-31 (provider=yahoo, cache_dir=data/cache/ohlcv, ttl=0)
2026-03-31 10:25:25,420 [INFO] backtesting.backtester: Loaded OHLCV for VRTX: shape=(798, 9)
2026-03-31 10:25:25,420 [INFO] backtesting.backtester: Requesting OHLCV for MO: 2020-11-27 → 2024-01-31 (provider=yahoo, cache_dir=data/cache/ohlcv, ttl=0)
2026-03-31 10:25:25,421 [INFO] backtesting.backtester: Loaded OHLCV for MO: shape=(798, 9)
2026-03-31 10:25:25,421 [INFO] backtesting.backtester: Requesting OHLCV for MCO: 2020-11-27 → 2024-01-31 (provider=yahoo, cache_dir=data/cache/ohlcv, ttl=0)
2026-03-31 10:25:25,423 [INFO] backtesting.backtester: Loaded OHLCV for MCO: shape=(798, 9)
2026-03-31 10:25:25,423 [INFO] backtesting.backtester: Requesting OHLCV for LOW: 2020-11-27 → 2024-01-31 (provider=yahoo, cache_dir=data/cache/ohlcv, ttl=0)
2026-03-31 10:25:25,425 [INFO] backtesting.backtester: Loaded OHLCV for LOW: shape=(798, 9)
2026-03-31 10:25:25,425 [INFO] backtesting.backtester: Requesting OHLCV for PGR: 2020-11-27 → 2024-01-31 (provider=yahoo, cache_dir=data/cache/ohlcv, ttl=0)
2026-03-31 10:25:25,426 [INFO] backtesting.backtester: Loaded OHLCV for PGR: shape=(798, 9)
2026-03-31 10:25:25,427 [INFO] backtesting.backtester: Requesting OHLCV for CRH: 2020-11-27 → 2024-01-31 (provider=yahoo, cache_dir=data/cache/ohlcv, ttl=0)
2026-03-31 10:25:25,428 [INFO] backtesting.backtester: Loaded OHLCV for CRH: shape=(798, 9)
2026-03-31 10:25:25,428 [INFO] backtesting.backtester: Requesting OHLCV for PWR: 2020-11-27 → 2024-01-31 (provider=yahoo, cache_dir=data/cache/ohlcv, ttl=0)
2026-03-31 10:25:25,430 [INFO] backtesting.backtester: Loaded OHLCV for PWR: shape=(798, 9)

  [signals 289/295] OTIS… 798 bars, 772 signals
  [signals 290/295] SRE… 798 bars, 765 signals
  [signals 291/295] MOS… 798 bars, 711 signals
  [signals 292/295] CTVA… 798 bars, 754 signals
  [signals 293/295] KEY… 798 bars, 745 signals
  [signals 294/295] CPRT… 798 bars, 773 signals
  [signals 295/295] IQV… 798 bars, 763 signals

[WARN] Excluding tickers with insufficient history (<252 days before start_date): CEG, HOOD

Phase 2: Detecting market regimes (SPY + VIX)…
  Regimes: {'Bull': 272, 'Sideways': 45, 'Crisis': 48, 'Bear': 156}

Phase 3: Running day-by-day portfolio simulation…
Phase 4: Computing metrics…


Trade-level diagnostics:
  Avg P&L per long trade    : -41.34
  Avg P&L per short trade   :  nan
  Avg transaction cost / |P&L|:  51.63%
  Fraction of trades that are shorts:  0.00%
  P&L contribution:
    Longs  : -29969.54
    Shorts :  0.00
    Costs  : -17791.21  (negative = drag)

Sharpe by regime (daily equity):
  Bull    : -1.30
  Bear    : -2.23
  Sideways: -3.80
  Crisis  : -4.12
  Overall: -1.34
  CAPM (vs SPY):
    Portfolio Beta     : 0.218
    Portfolio Alpha    : -15.80% (ann.)
    Treynor Ratio      : -0.885
    Information Ratio : -0.856

  Position Sizing Comparison:
    Equal-weight Sharpe  : -0.380
    Kelly (half) Sharpe  : -0.514
    Kelly win_rate used  : 50.0%
    Kelly fraction       : 0.5
    Kelly avg position   : 11.6% of equity

  Execution cost scenario 4/4: total=30.0 bps per leg
Phase 1: Downloading data & generating signals [ensemble]…
  [1/300] NVDA… [1/300] NVDA OHLCV window: first_date=2020-11-27, last_date=2024-01-31, n=798
  [2/300] TSLA… [2/300] TSLA OHLCV window: first_date=2020-11-27, last_date=2024-01-31, n=798
  [3/300] MU… [3/300] MU OHLCV window: first_date=2020-11-27, last_date=2024-01-31, n=798
  [4/300] MSFT… [4/300] MSFT OHLCV window: first_date=2020-11-27, last_date=2024-01-31, n=798
  [5/300] SNDK… insufficient data
  [6/300] AAPL… [6/300] AAPL OHLCV window: first_date=2020-11-27, last_date=2024-01-31, n=798
  [7/300] AVGO… [7/300] AVGO OHLCV window: first_date=2020-11-27, last_date=2024-01-31, n=798
  [8/300] AMZN… [8/300] AMZN OHLCV window: first_date=2020-11-27, last_date=2024-01-31, n=798
  [9/300] GOOGL… [9/300] GOOGL OHLCV window: first_date=2020-11-27, last_date=2024-01-31, n=798
  [10/300] META… [10/300] META OHLCV window: first_date=2020-11-27, last_date=2024-01-31, n=798
  [11/300] PLTR… [11/300] PLTR OHLCV window: first_date=2020-11-27, last_date=2024-01-31, n=798
  [12/300] AMD… [12/300] AMD OHLCV window: first_date=2020-11-27, last_date=2024-01-31, n=798
  [13/300] GOOG… [13/300] GOOG OHLCV window: first_date=2020-11-27, last_date=2024-01-31, n=798
  [14/300] LITE… [14/300] LITE OHLCV window: first_date=2020-11-27, last_date=2024-01-31, n=798
  [15/300] NFLX… [15/300] NFLX OHLCV window: first_date=2020-11-27, last_date=2024-01-31, n=798
  [16/300] ORCL… [16/300] ORCL OHLCV window: first_date=2020-11-27, last_date=2024-01-31, n=798
  [17/300] INTC… [17/300] INTC OHLCV window: first_date=2020-11-27, last_date=2024-01-31, n=798
  [18/300] XOM… [18/300] XOM OHLCV window: first_date=2020-11-27, last_date=2024-01-31, n=798
  [19/300] JPM… [19/300] JPM OHLCV window: first_date=2020-11-27, last_date=2024-01-31, n=798
  [20/300] VRT… [20/300] VRT OHLCV window: first_date=2020-11-27, last_date=2024-01-31, n=798
  [21/300] CVX… [21/300] CVX OHLCV window: first_date=2020-11-27, last_date=2024-01-31, n=798
  [22/300] CRM… [22/300] CRM OHLCV window: first_date=2020-11-27, last_date=2024-01-31, n=798
  [23/300] LLY… [23/300] LLY OHLCV window: first_date=2020-11-27, last_date=2024-01-31, n=798
  [24/300] COHR… [24/300] COHR OHLCV window: first_date=2020-11-27, last_date=2024-01-31, n=798
  [25/300] WMT… [25/300] WMT OHLCV window: first_date=2020-11-27, last_date=2024-01-31, n=798
  [26/300] WDC… [26/300] WDC OHLCV window: first_date=2020-11-27, last_date=2024-01-31, n=798
  [27/300] COIN… [27/300] COIN OHLCV window: first_date=2021-04-14, last_date=2024-01-30, n=704
  [28/300] UNH… [28/300] UNH OHLCV window: first_date=2020-11-27, last_date=2024-01-31, n=798
  [29/300] LRCX… [29/300] LRCX OHLCV window: first_date=2020-11-27, last_date=2024-01-31, n=798
  [30/300] AMAT… [30/300] AMAT OHLCV window: first_date=2020-11-27, last_date=2024-01-31, n=798
  [31/300] APP… [31/300] APP OHLCV window: first_date=2021-04-15, last_date=2024-01-30, n=703
  [32/300] BAC… [32/300] BAC OHLCV window: first_date=2020-11-27, last_date=2024-01-31, n=798
  [33/300] V… [33/300] V OHLCV window: first_date=2020-11-27, last_date=2024-01-31, n=798
  [34/300] GEV… insufficient data
  [35/300] GS… [35/300] GS OHLCV window: first_date=2020-11-27, last_date=2024-01-31, n=798
  [36/300] HOOD… [36/300] HOOD OHLCV window: first_date=2021-07-29, last_date=2024-01-30, n=630
insufficient pre-history (<252d before start)
  [37/300] JNJ… [37/300] JNJ OHLCV window: first_date=2020-11-27, last_date=2024-01-31, n=798
  [38/300] CAT… [38/300] CAT OHLCV window: first_date=2020-11-27, last_date=2024-01-31, n=798
  [39/300] NOW… [39/300] NOW OHLCV window: first_date=2020-11-27, last_date=2024-01-31, n=798
  [40/300] GLW… [40/300] GLW OHLCV window: first_date=2020-11-27, last_date=2024-01-31, n=798
  [41/300] INTU… [41/300] INTU OHLCV window: first_date=2020-11-27, last_date=2024-01-31, n=798
  [42/300] CSCO… [42/300] CSCO OHLCV window: first_date=2020-11-27, last_date=2024-01-31, n=798
  [43/300] COST… [43/300] COST OHLCV window: first_date=2020-11-27, last_date=2024-01-31, n=798
  [44/300] BKNG… [44/300] BKNG OHLCV window: first_date=2020-11-27, last_date=2024-01-31, n=798
  [45/300] CRWD… [45/300] CRWD OHLCV window: first_date=2020-11-27, last_date=2024-01-31, n=798
  [46/300] C… [46/300] C OHLCV window: first_date=2020-11-27, last_date=2024-01-31, n=798
  [47/300] PG… [47/300] PG OHLCV window: first_date=2020-11-27, last_date=2024-01-31, n=798
  [48/300] MA… [48/300] MA OHLCV window: first_date=2020-11-27, last_date=2024-01-31, n=798
  [49/300] ADBE… [49/300] ADBE OHLCV window: first_date=2020-11-27, last_date=2024-01-31, n=798
  [50/300] ACN… [50/300] ACN OHLCV window: first_date=2020-11-27, last_date=2024-01-31, n=798
  [51/300] QCOM… [51/300] QCOM OHLCV window: first_date=2020-11-27, last_date=2024-01-31, n=798
  [52/300] GE… [52/300] GE OHLCV window: first_date=2020-11-27, last_date=2024-01-31, n=798
  [53/300] DELL… [53/300] DELL OHLCV window: first_date=2020-11-27, last_date=2024-01-31, n=798
  [54/300] ABBV… [54/300] ABBV OHLCV window: first_date=2020-11-27, last_date=2024-01-31, n=798
  [55/300] WFC… [55/300] WFC OHLCV window: first_date=2020-11-27, last_date=2024-01-31, n=798
  [56/300] BA… [56/300] BA OHLCV window: first_date=2020-11-27, last_date=2024-01-31, n=798
  [57/300] KLAC… [57/300] KLAC OHLCV window: first_date=2020-11-27, last_date=2024-01-31, n=798
  [58/300] IBM… [58/300] IBM OHLCV window: first_date=2020-11-27, last_date=2024-01-31, n=798
  [59/300] HD… [59/300] HD OHLCV window: first_date=2020-11-27, last_date=2024-01-31, n=798
  [60/300] COP… [60/300] COP OHLCV window: first_date=2020-11-27, last_date=2024-01-31, n=798
  [61/300] STX… [61/300] STX OHLCV window: first_date=2020-11-27, last_date=2024-01-31, n=798
  [62/300] UBER… [62/300] UBER OHLCV window: first_date=2020-11-27, last_date=2024-01-31, n=798
  [63/300] LIN… [63/300] LIN OHLCV window: first_date=2020-11-27, last_date=2024-01-31, n=798
  [64/300] VZ… [64/300] VZ OHLCV window: first_date=2020-11-27, last_date=2024-01-31, n=798
  [65/300] APH… [65/300] APH OHLCV window: first_date=2020-11-27, last_date=2024-01-31, n=798
  [66/300] ABT… [66/300] ABT OHLCV window: first_date=2020-11-27, last_date=2024-01-31, n=798
  [67/300] NEM… [67/300] NEM OHLCV window: first_date=2020-11-27, last_date=2024-01-31, n=798
  [68/300] AXP… [68/300] AXP OHLCV window: first_date=2020-11-27, last_date=2024-01-31, n=798
  [69/300] KO… [69/300] KO OHLCV window: first_date=2020-11-27, last_date=2024-01-31, n=798
  [70/300] ADI… [70/300] ADI OHLCV window: first_date=2020-11-27, last_date=2024-01-31, n=798
  [71/300] PANW…2026-03-31 10:25:25,430 [INFO] backtesting.backtester: Requesting OHLCV for XYZ: 2020-11-27 → 2024-01-31 (provider=yahoo, cache_dir=data/cache/ohlcv, ttl=0)
2026-03-31 10:25:25,432 [INFO] backtesting.backtester: Loaded OHLCV for XYZ: shape=(798, 9)
2026-03-31 10:25:25,432 [INFO] backtesting.backtester: Requesting OHLCV for PSX: 2020-11-27 → 2024-01-31 (provider=yahoo, cache_dir=data/cache/ohlcv, ttl=0)
2026-03-31 10:25:25,434 [INFO] backtesting.backtester: Loaded OHLCV for PSX: shape=(798, 9)
2026-03-31 10:25:25,434 [INFO] backtesting.backtester: Requesting OHLCV for ROST: 2020-11-27 → 2024-01-31 (provider=yahoo, cache_dir=data/cache/ohlcv, ttl=0)
2026-03-31 10:25:25,436 [INFO] backtesting.backtester: Loaded OHLCV for ROST: shape=(798, 9)
2026-03-31 10:25:25,436 [INFO] backtesting.backtester: Requesting OHLCV for DASH: 2020-11-27 → 2024-01-31 (provider=yahoo, cache_dir=data/cache/ohlcv, ttl=0)
2026-03-31 10:25:25,455 [INFO] backtesting.backtester: Loaded OHLCV for DASH: shape=(789, 9)
2026-03-31 10:25:25,455 [INFO] backtesting.backtester: Requesting OHLCV for EQIX: 2020-11-27 → 2024-01-31 (provider=yahoo, cache_dir=data/cache/ohlcv, ttl=0)
2026-03-31 10:25:25,457 [INFO] backtesting.backtester: Loaded OHLCV for EQIX: shape=(798, 9)
2026-03-31 10:25:25,457 [INFO] backtesting.backtester: Requesting OHLCV for TTD: 2020-11-27 → 2024-01-31 (provider=yahoo, cache_dir=data/cache/ohlcv, ttl=0)
2026-03-31 10:25:25,459 [INFO] backtesting.backtester: Loaded OHLCV for TTD: shape=(798, 9)
2026-03-31 10:25:25,459 [INFO] backtesting.backtester: Requesting OHLCV for HAL: 2020-11-27 → 2024-01-31 (provider=yahoo, cache_dir=data/cache/ohlcv, ttl=0)
2026-03-31 10:25:25,461 [INFO] backtesting.backtester: Loaded OHLCV for HAL: shape=(798, 9)
2026-03-31 10:25:25,461 [INFO] backtesting.backtester: Requesting OHLCV for DUK: 2020-11-27 → 2024-01-31 (provider=yahoo, cache_dir=data/cache/ohlcv, ttl=0)
2026-03-31 10:25:25,463 [INFO] backtesting.backtester: Loaded OHLCV for DUK: shape=(798, 9)
2026-03-31 10:25:25,463 [INFO] backtesting.backtester: Requesting OHLCV for NOC: 2020-11-27 → 2024-01-31 (provider=yahoo, cache_dir=data/cache/ohlcv, ttl=0)
2026-03-31 10:25:25,464 [INFO] backtesting.backtester: Loaded OHLCV for NOC: shape=(798, 9)
2026-03-31 10:25:25,464 [INFO] backtesting.backtester: Requesting OHLCV for GM: 2020-11-27 → 2024-01-31 (provider=yahoo, cache_dir=data/cache/ohlcv, ttl=0)
2026-03-31 10:25:25,466 [INFO] backtesting.backtester: Loaded OHLCV for GM: shape=(798, 9)
2026-03-31 10:25:25,466 [INFO] backtesting.backtester: Requesting OHLCV for CVS: 2020-11-27 → 2024-01-31 (provider=yahoo, cache_dir=data/cache/ohlcv, ttl=0)
2026-03-31 10:25:25,468 [INFO] backtesting.backtester: Loaded OHLCV for CVS: shape=(798, 9)
2026-03-31 10:25:25,468 [INFO] backtesting.backtester: Requesting OHLCV for FIX: 2020-11-27 → 2024-01-31 (provider=yahoo, cache_dir=data/cache/ohlcv, ttl=0)
2026-03-31 10:25:25,470 [INFO] backtesting.backtester: Loaded OHLCV for FIX: shape=(798, 9)
2026-03-31 10:25:25,470 [INFO] backtesting.backtester: Requesting OHLCV for MDLZ: 2020-11-27 → 2024-01-31 (provider=yahoo, cache_dir=data/cache/ohlcv, ttl=0)
2026-03-31 10:25:25,472 [INFO] backtesting.backtester: Loaded OHLCV for MDLZ: shape=(798, 9)
2026-03-31 10:25:25,472 [INFO] backtesting.backtester: Requesting OHLCV for CB: 2020-11-27 → 2024-01-31 (provider=yahoo, cache_dir=data/cache/ohlcv, ttl=0)
2026-03-31 10:25:25,473 [INFO] backtesting.backtester: Loaded OHLCV for CB: shape=(798, 9)
2026-03-31 10:25:25,473 [INFO] backtesting.backtester: Requesting OHLCV for EXPE: 2020-11-27 → 2024-01-31 (provider=yahoo, cache_dir=data/cache/ohlcv, ttl=0)
2026-03-31 10:25:25,475 [INFO] backtesting.backtester: Loaded OHLCV for EXPE: shape=(798, 9)
2026-03-31 10:25:25,475 [INFO] backtesting.backtester: Requesting OHLCV for AMT: 2020-11-27 → 2024-01-31 (provider=yahoo, cache_dir=data/cache/ohlcv, ttl=0)
2026-03-31 10:25:25,477 [INFO] backtesting.backtester: Loaded OHLCV for AMT: shape=(798, 9)
2026-03-31 10:25:25,477 [INFO] backtesting.backtester: Requesting OHLCV for HCA: 2020-11-27 → 2024-01-31 (provider=yahoo, cache_dir=data/cache/ohlcv, ttl=0)
2026-03-31 10:25:25,478 [INFO] backtesting.backtester: Loaded OHLCV for HCA: shape=(798, 9)
2026-03-31 10:25:25,479 [INFO] backtesting.backtester: Requesting OHLCV for CL: 2020-11-27 → 2024-01-31 (provider=yahoo, cache_dir=data/cache/ohlcv, ttl=0)
2026-03-31 10:25:25,480 [INFO] backtesting.backtester: Loaded OHLCV for CL: shape=(798, 9)
2026-03-31 10:25:25,480 [INFO] backtesting.backtester: Requesting OHLCV for HWM: 2020-11-27 → 2024-01-31 (provider=yahoo, cache_dir=data/cache/ohlcv, ttl=0)
2026-03-31 10:25:25,482 [INFO] backtesting.backtester: Loaded OHLCV for HWM: shape=(798, 9)
2026-03-31 10:25:25,482 [INFO] backtesting.backtester: Requesting OHLCV for PNC: 2020-11-27 → 2024-01-31 (provider=yahoo, cache_dir=data/cache/ohlcv, ttl=0)
2026-03-31 10:25:25,484 [INFO] backtesting.backtester: Loaded OHLCV for PNC: shape=(798, 9)
2026-03-31 10:25:25,484 [INFO] backtesting.backtester: Requesting OHLCV for MPWR: 2020-11-27 → 2024-01-31 (provider=yahoo, cache_dir=data/cache/ohlcv, ttl=0)
2026-03-31 10:25:25,486 [INFO] backtesting.backtester: Loaded OHLCV for MPWR: shape=(798, 9)
2026-03-31 10:25:25,486 [INFO] backtesting.backtester: Requesting OHLCV for HLT: 2020-11-27 → 2024-01-31 (provider=yahoo, cache_dir=data/cache/ohlcv, ttl=0)
2026-03-31 10:25:25,488 [INFO] backtesting.backtester: Loaded OHLCV for HLT: shape=(798, 9)
2026-03-31 10:25:25,488 [INFO] backtesting.backtester: Requesting OHLCV for MCHP: 2020-11-27 → 2024-01-31 (provider=yahoo, cache_dir=data/cache/ohlcv, ttl=0)
2026-03-31 10:25:25,489 [INFO] backtesting.backtester: Loaded OHLCV for MCHP: shape=(798, 9)
2026-03-31 10:25:25,489 [INFO] backtesting.backtester: Requesting OHLCV for EQT: 2020-11-27 → 2024-01-31 (provider=yahoo, cache_dir=data/cache/ohlcv, ttl=0)
2026-03-31 10:25:25,491 [INFO] backtesting.backtester: Loaded OHLCV for EQT: shape=(798, 9)
2026-03-31 10:25:25,491 [INFO] backtesting.backtester: Requesting OHLCV for USB: 2020-11-27 → 2024-01-31 (provider=yahoo, cache_dir=data/cache/ohlcv, ttl=0)
2026-03-31 10:25:25,493 [INFO] backtesting.backtester: Loaded OHLCV for USB: shape=(798, 9)
2026-03-31 10:25:25,493 [INFO] backtesting.backtester: Requesting OHLCV for ADSK: 2020-11-27 → 2024-01-31 (provider=yahoo, cache_dir=data/cache/ohlcv, ttl=0)
2026-03-31 10:25:25,494 [INFO] backtesting.backtester: Loaded OHLCV for ADSK: shape=(798, 9)
2026-03-31 10:25:25,494 [INFO] backtesting.backtester: Requesting OHLCV for CMG: 2020-11-27 → 2024-01-31 (provider=yahoo, cache_dir=data/cache/ohlcv, ttl=0)
2026-03-31 10:25:25,496 [INFO] backtesting.backtester: Loaded OHLCV for CMG: shape=(798, 9)
2026-03-31 10:25:25,496 [INFO] backtesting.backtester: Requesting OHLCV for JCI: 2020-11-27 → 2024-01-31 (provider=yahoo, cache_dir=data/cache/ohlcv, ttl=0)
2026-03-31 10:25:25,498 [INFO] backtesting.backtester: Loaded OHLCV for JCI: shape=(798, 9)
2026-03-31 10:25:25,498 [INFO] backtesting.backtester: Requesting OHLCV for TT: 2020-11-27 → 2024-01-31 (provider=yahoo, cache_dir=data/cache/ohlcv, ttl=0)
2026-03-31 10:25:25,500 [INFO] backtesting.backtester: Loaded OHLCV for TT: shape=(798, 9)
2026-03-31 10:25:25,500 [INFO] backtesting.backtester: Requesting OHLCV for ORLY: 2020-11-27 → 2024-01-31 (provider=yahoo, cache_dir=data/cache/ohlcv, ttl=0)
2026-03-31 10:25:25,502 [INFO] backtesting.backtester: Loaded OHLCV for ORLY: shape=(798, 9)
2026-03-31 10:25:25,502 [INFO] backtesting.backtester: Requesting OHLCV for ICE: 2020-11-27 → 2024-01-31 (provider=yahoo, cache_dir=data/cache/ohlcv, ttl=0)
2026-03-31 10:25:25,503 [INFO] backtesting.backtester: Loaded OHLCV for ICE: shape=(798, 9)
2026-03-31 10:25:25,503 [INFO] backtesting.backtester: Requesting OHLCV for SHW: 2020-11-27 → 2024-01-31 (provider=yahoo, cache_dir=data/cache/ohlcv, ttl=0)
2026-03-31 10:25:25,505 [INFO] backtesting.backtester: Loaded OHLCV for SHW: shape=(798, 9)
2026-03-31 10:25:25,505 [INFO] backtesting.backtester: Requesting OHLCV for LHX: 2020-11-27 → 2024-01-31 (provider=yahoo, cache_dir=data/cache/ohlcv, ttl=0)
2026-03-31 10:25:25,507 [INFO] backtesting.backtester: Loaded OHLCV for LHX: shape=(798, 9)
2026-03-31 10:25:25,507 [INFO] backtesting.backtester: Requesting OHLCV for DDOG: 2020-11-27 → 2024-01-31 (provider=yahoo, cache_dir=data/cache/ohlcv, ttl=0)
2026-03-31 10:25:25,508 [INFO] backtesting.backtester: Loaded OHLCV for DDOG: shape=(798, 9)
2026-03-31 10:25:25,508 [INFO] backtesting.backtester: Requesting OHLCV for KR: 2020-11-27 → 2024-01-31 (provider=yahoo, cache_dir=data/cache/ohlcv, ttl=0)
2026-03-31 10:25:25,510 [INFO] backtesting.backtester: Loaded OHLCV for KR: shape=(798, 9)
2026-03-31 10:25:25,510 [INFO] backtesting.backtester: Requesting OHLCV for AZO: 2020-11-27 → 2024-01-31 (provider=yahoo, cache_dir=data/cache/ohlcv, ttl=0)
2026-03-31 10:25:25,512 [INFO] backtesting.backtester: Loaded OHLCV for AZO: shape=(798, 9)
2026-03-31 10:25:25,512 [INFO] backtesting.backtester: Requesting OHLCV for DOW: 2020-11-27 → 2024-01-31 (provider=yahoo, cache_dir=data/cache/ohlcv, ttl=0)
2026-03-31 10:25:25,513 [INFO] backtesting.backtester: Loaded OHLCV for DOW: shape=(798, 9)
2026-03-31 10:25:25,513 [INFO] backtesting.backtester: Requesting OHLCV for WM: 2020-11-27 → 2024-01-31 (provider=yahoo, cache_dir=data/cache/ohlcv, ttl=0)
2026-03-31 10:25:25,515 [INFO] backtesting.backtester: Loaded OHLCV for WM: shape=(798, 9)
2026-03-31 10:25:25,515 [INFO] backtesting.backtester: Requesting OHLCV for ABNB: 2020-11-27 → 2024-01-31 (provider=yahoo, cache_dir=data/cache/ohlcv, ttl=0)
2026-03-31 10:25:25,534 [INFO] backtesting.backtester: Loaded OHLCV for ABNB: shape=(788, 9)
2026-03-31 10:25:25,534 [INFO] backtesting.backtester: Requesting OHLCV for NRG: 2020-11-27 → 2024-01-31 (provider=yahoo, cache_dir=data/cache/ohlcv, ttl=0)
2026-03-31 10:25:25,536 [INFO] backtesting.backtester: Loaded OHLCV for NRG: shape=(798, 9)
2026-03-31 10:25:25,536 [INFO] backtesting.backtester: Requesting OHLCV for SO: 2020-11-27 → 2024-01-31 (provider=yahoo, cache_dir=data/cache/ohlcv, ttl=0)
2026-03-31 10:25:25,538 [INFO] backtesting.backtester: Loaded OHLCV for SO: shape=(798, 9)
2026-03-31 10:25:25,538 [INFO] backtesting.backtester: Requesting OHLCV for NXPI: 2020-11-27 → 2024-01-31 (provider=yahoo, cache_dir=data/cache/ohlcv, ttl=0)
2026-03-31 10:25:25,540 [INFO] backtesting.backtester: Loaded OHLCV for NXPI: shape=(798, 9)
2026-03-31 10:25:25,540 [INFO] backtesting.backtester: Requesting OHLCV for MRSH: 2020-11-27 → 2024-01-31 (provider=yahoo, cache_dir=data/cache/ohlcv, ttl=0)
2026-03-31 10:25:25,541 [INFO] backtesting.backtester: Loaded OHLCV for MRSH: shape=(798, 9)
2026-03-31 10:25:25,541 [INFO] backtesting.backtester: Requesting OHLCV for ZTS: 2020-11-27 → 2024-01-31 (provider=yahoo, cache_dir=data/cache/ohlcv, ttl=0)
2026-03-31 10:25:25,543 [INFO] backtesting.backtester: Loaded OHLCV for ZTS: shape=(798, 9)
2026-03-31 10:25:25,543 [INFO] backtesting.backtester: Requesting OHLCV for ULTA: 2020-11-27 → 2024-01-31 (provider=yahoo, cache_dir=data/cache/ohlcv, ttl=0)
2026-03-31 10:25:25,545 [INFO] backtesting.backtester: Loaded OHLCV for ULTA: shape=(798, 9)
2026-03-31 10:25:25,545 [INFO] backtesting.backtester: Requesting OHLCV for AEP: 2020-11-27 → 2024-01-31 (provider=yahoo, cache_dir=data/cache/ohlcv, ttl=0)
2026-03-31 10:25:25,547 [INFO] backtesting.backtester: Loaded OHLCV for AEP: shape=(798, 9)
2026-03-31 10:25:25,547 [INFO] backtesting.backtester: Requesting OHLCV for CSX: 2020-11-27 → 2024-01-31 (provider=yahoo, cache_dir=data/cache/ohlcv, ttl=0)
2026-03-31 10:25:25,548 [INFO] backtesting.backtester: Loaded OHLCV for CSX: shape=(798, 9)
2026-03-31 10:25:25,548 [INFO] backtesting.backtester: Requesting OHLCV for MSI: 2020-11-27 → 2024-01-31 (provider=yahoo, cache_dir=data/cache/ohlcv, ttl=0)
2026-03-31 10:25:25,550 [INFO] backtesting.backtester: Loaded OHLCV for MSI: shape=(798, 9)
2026-03-31 10:25:25,550 [INFO] backtesting.backtester: Requesting OHLCV for KEYS: 2020-11-27 → 2024-01-31 (provider=yahoo, cache_dir=data/cache/ohlcv, ttl=0)
2026-03-31 10:25:25,552 [INFO] backtesting.backtester: Loaded OHLCV for KEYS: shape=(798, 9)
2026-03-31 10:25:25,552 [INFO] backtesting.backtester: Requesting OHLCV for KMB: 2020-11-27 → 2024-01-31 (provider=yahoo, cache_dir=data/cache/ohlcv, ttl=0)
2026-03-31 10:25:25,553 [INFO] backtesting.backtester: Loaded OHLCV for KMB: shape=(798, 9)
2026-03-31 10:25:25,553 [INFO] backtesting.backtester: Requesting OHLCV for MAR: 2020-11-27 → 2024-01-31 (provider=yahoo, cache_dir=data/cache/ohlcv, ttl=0)
2026-03-31 10:25:25,555 [INFO] backtesting.backtester: Loaded OHLCV for MAR: shape=(798, 9)
2026-03-31 10:25:25,555 [INFO] backtesting.backtester: Requesting OHLCV for FITB: 2020-11-27 → 2024-01-31 (provider=yahoo, cache_dir=data/cache/ohlcv, ttl=0)
2026-03-31 10:25:25,557 [INFO] backtesting.backtester: Loaded OHLCV for FITB: shape=(798, 9)
2026-03-31 10:25:25,557 [INFO] backtesting.backtester: Requesting OHLCV for LULU: 2020-11-27 → 2024-01-31 (provider=yahoo, cache_dir=data/cache/ohlcv, ttl=0)
2026-03-31 10:25:25,559 [INFO] backtesting.backtester: Loaded OHLCV for LULU: shape=(798, 9)
2026-03-31 10:25:25,559 [INFO] backtesting.backtester: Requesting OHLCV for ROP: 2020-11-27 → 2024-01-31 (provider=yahoo, cache_dir=data/cache/ohlcv, ttl=0)
2026-03-31 10:25:25,561 [INFO] backtesting.backtester: Loaded OHLCV for ROP: shape=(798, 9)
2026-03-31 10:25:25,561 [INFO] backtesting.backtester: Requesting OHLCV for MNST: 2020-11-27 → 2024-01-31 (provider=yahoo, cache_dir=data/cache/ohlcv, ttl=0)
2026-03-31 10:25:25,562 [INFO] backtesting.backtester: Loaded OHLCV for MNST: shape=(798, 9)
2026-03-31 10:25:25,563 [INFO] backtesting.backtester: Requesting OHLCV for URI: 2020-11-27 → 2024-01-31 (provider=yahoo, cache_dir=data/cache/ohlcv, ttl=0)
2026-03-31 10:25:25,564 [INFO] backtesting.backtester: Loaded OHLCV for URI: shape=(798, 9)
2026-03-31 10:25:25,564 [INFO] backtesting.backtester: Requesting OHLCV for LYV: 2020-11-27 → 2024-01-31 (provider=yahoo, cache_dir=data/cache/ohlcv, ttl=0)
2026-03-31 10:25:25,566 [INFO] backtesting.backtester: Loaded OHLCV for LYV: shape=(798, 9)
2026-03-31 10:25:25,566 [INFO] backtesting.backtester: Requesting OHLCV for DG: 2020-11-27 → 2024-01-31 (provider=yahoo, cache_dir=data/cache/ohlcv, ttl=0)
2026-03-31 10:25:25,568 [INFO] backtesting.backtester: Loaded OHLCV for DG: shape=(798, 9)
2026-03-31 10:25:25,568 [INFO] backtesting.backtester: Requesting OHLCV for CMI: 2020-11-27 → 2024-01-31 (provider=yahoo, cache_dir=data/cache/ohlcv, ttl=0)
2026-03-31 10:25:25,570 [INFO] backtesting.backtester: Loaded OHLCV for CMI: shape=(798, 9)
2026-03-31 10:25:25,570 [INFO] backtesting.backtester: Requesting OHLCV for CI: 2020-11-27 → 2024-01-31 (provider=yahoo, cache_dir=data/cache/ohlcv, ttl=0)
2026-03-31 10:25:25,572 [INFO] backtesting.backtester: Loaded OHLCV for CI: shape=(798, 9)
2026-03-31 10:25:25,572 [INFO] backtesting.backtester: Requesting OHLCV for AJG: 2020-11-27 → 2024-01-31 (provider=yahoo, cache_dir=data/cache/ohlcv, ttl=0)
2026-03-31 10:25:25,574 [INFO] backtesting.backtester: Loaded OHLCV for AJG: shape=(798, 9)
2026-03-31 10:25:25,574 [INFO] backtesting.backtester: Requesting OHLCV for FTNT: 2020-11-27 → 2024-01-31 (provider=yahoo, cache_dir=data/cache/ohlcv, ttl=0)
2026-03-31 10:25:25,576 [INFO] backtesting.backtester: Loaded OHLCV for FTNT: shape=(798, 9)
2026-03-31 10:25:25,576 [INFO] backtesting.backtester: Requesting OHLCV for NCLH: 2020-11-27 → 2024-01-31 (provider=yahoo, cache_dir=data/cache/ohlcv, ttl=0)
2026-03-31 10:25:25,577 [INFO] backtesting.backtester: Loaded OHLCV for NCLH: shape=(798, 9)
2026-03-31 10:25:25,577 [INFO] backtesting.backtester: Requesting OHLCV for EA: 2020-11-27 → 2024-01-31 (provider=yahoo, cache_dir=data/cache/ohlcv, ttl=0)
2026-03-31 10:25:25,579 [INFO] backtesting.backtester: Loaded OHLCV for EA: shape=(798, 9)
2026-03-31 10:25:25,579 [INFO] backtesting.backtester: Requesting OHLCV for ARES: 2020-11-27 → 2024-01-31 (provider=yahoo, cache_dir=data/cache/ohlcv, ttl=0)
2026-03-31 10:25:25,581 [INFO] backtesting.backtester: Loaded OHLCV for ARES: shape=(798, 9)
2026-03-31 10:25:25,581 [INFO] backtesting.backtester: Requesting OHLCV for AKAM: 2020-11-27 → 2024-01-31 (provider=yahoo, cache_dir=data/cache/ohlcv, ttl=0)
2026-03-31 10:25:25,582 [INFO] backtesting.backtester: Loaded OHLCV for AKAM: shape=(798, 9)
2026-03-31 10:25:25,582 [INFO] backtesting.backtester: Requesting OHLCV for WMB: 2020-11-27 → 2024-01-31 (provider=yahoo, cache_dir=data/cache/ohlcv, ttl=0)
2026-03-31 10:25:25,584 [INFO] backtesting.backtester: Loaded OHLCV for WMB: shape=(798, 9)
2026-03-31 10:25:25,584 [INFO] backtesting.backtester: Requesting OHLCV for TDG: 2020-11-27 → 2024-01-31 (provider=yahoo, cache_dir=data/cache/ohlcv, ttl=0)
2026-03-31 10:25:25,586 [INFO] backtesting.backtester: Loaded OHLCV for TDG: shape=(798, 9)
2026-03-31 10:25:25,586 [INFO] backtesting.backtester: Requesting OHLCV for COR: 2020-11-27 → 2024-01-31 (provider=yahoo, cache_dir=data/cache/ohlcv, ttl=0)
2026-03-31 10:25:25,588 [INFO] backtesting.backtester: Loaded OHLCV for COR: shape=(798, 9)
2026-03-31 10:25:25,588 [INFO] backtesting.backtester: Requesting OHLCV for PLD: 2020-11-27 → 2024-01-31 (provider=yahoo, cache_dir=data/cache/ohlcv, ttl=0)
2026-03-31 10:25:25,589 [INFO] backtesting.backtester: Loaded OHLCV for PLD: shape=(798, 9)
2026-03-31 10:25:25,589 [INFO] backtesting.backtester: Requesting OHLCV for TEL: 2020-11-27 → 2024-01-31 (provider=yahoo, cache_dir=data/cache/ohlcv, ttl=0)
2026-03-31 10:25:25,591 [INFO] backtesting.backtester: Loaded OHLCV for TEL: shape=(798, 9)
2026-03-31 10:25:25,591 [INFO] backtesting.backtester: Requesting OHLCV for CTAS: 2020-11-27 → 2024-01-31 (provider=yahoo, cache_dir=data/cache/ohlcv, ttl=0)
2026-03-31 10:25:25,593 [INFO] backtesting.backtester: Loaded OHLCV for CTAS: shape=(798, 9)
2026-03-31 10:25:25,593 [INFO] backtesting.backtester: Requesting OHLCV for AXON: 2020-11-27 → 2024-01-31 (provider=yahoo, cache_dir=data/cache/ohlcv, ttl=0)
2026-03-31 10:25:25,595 [INFO] backtesting.backtester: Loaded OHLCV for AXON: shape=(798, 9)
2026-03-31 10:25:25,595 [INFO] backtesting.backtester: Requesting OHLCV for KMI: 2020-11-27 → 2024-01-31 (provider=yahoo, cache_dir=data/cache/ohlcv, ttl=0)
2026-03-31 10:25:25,596 [INFO] backtesting.backtester: Loaded OHLCV for KMI: shape=(798, 9)
2026-03-31 10:25:25,596 [INFO] backtesting.backtester: Requesting OHLCV for MRNA: 2020-11-27 → 2024-01-31 (provider=yahoo, cache_dir=data/cache/ohlcv, ttl=0)
2026-03-31 10:25:25,598 [INFO] backtesting.backtester: Loaded OHLCV for MRNA: shape=(798, 9)
2026-03-31 10:25:25,598 [INFO] backtesting.backtester: Requesting OHLCV for ECL: 2020-11-27 → 2024-01-31 (provider=yahoo, cache_dir=data/cache/ohlcv, ttl=0)
2026-03-31 10:25:25,600 [INFO] backtesting.backtester: Loaded OHLCV for ECL: shape=(798, 9)
2026-03-31 10:25:25,600 [INFO] backtesting.backtester: Requesting OHLCV for EL: 2020-11-27 → 2024-01-31 (provider=yahoo, cache_dir=data/cache/ohlcv, ttl=0)
2026-03-31 10:25:25,602 [INFO] backtesting.backtester: Loaded OHLCV for EL: shape=(798, 9)
2026-03-31 10:25:25,602 [INFO] backtesting.backtester: Requesting OHLCV for EXC: 2020-11-27 → 2024-01-31 (provider=yahoo, cache_dir=data/cache/ohlcv, ttl=0)
2026-03-31 10:25:25,604 [INFO] backtesting.backtester: Loaded OHLCV for EXC: shape=(798, 9)
2026-03-31 10:25:25,604 [INFO] backtesting.backtester: Requesting OHLCV for FICO: 2020-11-27 → 2024-01-31 (provider=yahoo, cache_dir=data/cache/ohlcv, ttl=0)
2026-03-31 10:25:25,606 [INFO] backtesting.backtester: Loaded OHLCV for FICO: shape=(798, 9)
2026-03-31 10:25:25,606 [INFO] backtesting.backtester: Requesting OHLCV for REGN: 2020-11-27 → 2024-01-31 (provider=yahoo, cache_dir=data/cache/ohlcv, ttl=0)
2026-03-31 10:25:25,607 [INFO] backtesting.backtester: Loaded OHLCV for REGN: shape=(798, 9)
2026-03-31 10:25:25,607 [INFO] backtesting.backtester: Requesting OHLCV for OKE: 2020-11-27 → 2024-01-31 (provider=yahoo, cache_dir=data/cache/ohlcv, ttl=0)
2026-03-31 10:25:25,609 [INFO] backtesting.backtester: Loaded OHLCV for OKE: shape=(798, 9)
2026-03-31 10:25:25,609 [INFO] backtesting.backtester: Requesting OHLCV for HBAN: 2020-11-27 → 2024-01-31 (provider=yahoo, cache_dir=data/cache/ohlcv, ttl=0)
2026-03-31 10:25:25,611 [INFO] backtesting.backtester: Loaded OHLCV for HBAN: shape=(798, 9)
2026-03-31 10:25:25,611 [INFO] backtesting.backtester: Requesting OHLCV for AON: 2020-11-27 → 2024-01-31 (provider=yahoo, cache_dir=data/cache/ohlcv, ttl=0)
2026-03-31 10:25:25,613 [INFO] backtesting.backtester: Loaded OHLCV for AON: shape=(798, 9)
2026-03-31 10:25:25,613 [INFO] backtesting.backtester: Requesting OHLCV for HPE: 2020-11-27 → 2024-01-31 (provider=yahoo, cache_dir=data/cache/ohlcv, ttl=0)
2026-03-31 10:25:25,614 [INFO] backtesting.backtester: Loaded OHLCV for HPE: shape=(798, 9)
 [71/300] PANW OHLCV window: first_date=2020-11-27, last_date=2024-01-31, n=798
  [72/300] TXN… [72/300] TXN OHLCV window: first_date=2020-11-27, last_date=2024-01-31, n=798
  [73/300] RTX… [73/300] RTX OHLCV window: first_date=2020-11-27, last_date=2024-01-31, n=798
  [74/300] BX… [74/300] BX OHLCV window: first_date=2020-11-27, last_date=2024-01-31, n=798
  [75/300] T… [75/300] T OHLCV window: first_date=2020-11-27, last_date=2024-01-31, n=798
  [76/300] MRK… [76/300] MRK OHLCV window: first_date=2020-11-27, last_date=2024-01-31, n=798
  [77/300] MS… [77/300] MS OHLCV window: first_date=2020-11-27, last_date=2024-01-31, n=798
  [78/300] CIEN… [78/300] CIEN OHLCV window: first_date=2020-11-27, last_date=2024-01-31, n=798
  [79/300] LMT… [79/300] LMT OHLCV window: first_date=2020-11-27, last_date=2024-01-31, n=798
  [80/300] OXY… [80/300] OXY OHLCV window: first_date=2020-11-27, last_date=2024-01-31, n=798
  [81/300] DIS… [81/300] DIS OHLCV window: first_date=2020-11-27, last_date=2024-01-31, n=798
  [82/300] FCX… [82/300] FCX OHLCV window: first_date=2020-11-27, last_date=2024-01-31, n=798
  [83/300] TMUS… [83/300] TMUS OHLCV window: first_date=2020-11-27, last_date=2024-01-31, n=798
  [84/300] SMCI… [84/300] SMCI OHLCV window: first_date=2020-11-27, last_date=2024-01-31, n=798
  [85/300] PFE… [85/300] PFE OHLCV window: first_date=2020-11-27, last_date=2024-01-31, n=798
  [86/300] CMCSA… [86/300] CMCSA OHLCV window: first_date=2020-11-27, last_date=2024-01-31, n=798
  [87/300] VLO… [87/300] VLO OHLCV window: first_date=2020-11-27, last_date=2024-01-31, n=798
  [88/300] TER… [88/300] TER OHLCV window: first_date=2020-11-27, last_date=2024-01-31, n=798
  [89/300] COF… [89/300] COF OHLCV window: first_date=2020-11-27, last_date=2024-01-31, n=798
  [90/300] TMO… [90/300] TMO OHLCV window: first_date=2020-11-27, last_date=2024-01-31, n=798
  [91/300] MCD… [91/300] MCD OHLCV window: first_date=2020-11-27, last_date=2024-01-31, n=798
  [92/300] PEP… [92/300] PEP OHLCV window: first_date=2020-11-27, last_date=2024-01-31, n=798
  [93/300] SLB… [93/300] SLB OHLCV window: first_date=2020-11-27, last_date=2024-01-31, n=798
  [94/300] BLK… [94/300] BLK OHLCV window: first_date=2020-11-27, last_date=2024-01-31, n=798
  [95/300] SNPS… [95/300] SNPS OHLCV window: first_date=2020-11-27, last_date=2024-01-31, n=798
  [96/300] NEE… [96/300] NEE OHLCV window: first_date=2020-11-27, last_date=2024-01-31, n=798
  [97/300] SPGI… [97/300] SPGI OHLCV window: first_date=2020-11-27, last_date=2024-01-31, n=798
  [98/300] AMGN… [98/300] AMGN OHLCV window: first_date=2020-11-27, last_date=2024-01-31, n=798
  [99/300] ETN… [99/300] ETN OHLCV window: first_date=2020-11-27, last_date=2024-01-31, n=798
  [100/300] DAL… [100/300] DAL OHLCV window: first_date=2020-11-27, last_date=2024-01-31, n=798
  [101/300] GILD… [101/300] GILD OHLCV window: first_date=2020-11-27, last_date=2024-01-31, n=798
  [102/300] HON… [102/300] HON OHLCV window: first_date=2020-11-27, last_date=2024-01-31, n=798
  [103/300] CEG… [103/300] CEG OHLCV window: first_date=2022-01-19, last_date=2024-01-30, n=510
insufficient pre-history (<252d before start)
  [104/300] ADP… [104/300] ADP OHLCV window: first_date=2020-11-27, last_date=2024-01-31, n=798
  [105/300] BSX… [105/300] BSX OHLCV window: first_date=2020-11-27, last_date=2024-01-31, n=798
  [106/300] PYPL… [106/300] PYPL OHLCV window: first_date=2020-11-27, last_date=2024-01-31, n=798
  [107/300] PM… [107/300] PM OHLCV window: first_date=2020-11-27, last_date=2024-01-31, n=798
  [108/300] CVNA… [108/300] CVNA OHLCV window: first_date=2020-11-27, last_date=2024-01-31, n=798
  [109/300] UAL… [109/300] UAL OHLCV window: first_date=2020-11-27, last_date=2024-01-31, n=798
  [110/300] NKE… [110/300] NKE OHLCV window: first_date=2020-11-27, last_date=2024-01-31, n=798
  [111/300] ANET… [111/300] ANET OHLCV window: first_date=2020-11-27, last_date=2024-01-31, n=798
  [112/300] DVN… [112/300] DVN OHLCV window: first_date=2020-11-27, last_date=2024-01-31, n=798
  [113/300] BMY… [113/300] BMY OHLCV window: first_date=2020-11-27, last_date=2024-01-31, n=798
  [114/300] CF… [114/300] CF OHLCV window: first_date=2020-11-27, last_date=2024-01-31, n=798
  [115/300] SCHW… [115/300] SCHW OHLCV window: first_date=2020-11-27, last_date=2024-01-31, n=798
  [116/300] SATS… [116/300] SATS OHLCV window: first_date=2020-11-27, last_date=2024-01-31, n=798
  [117/300] WBD… [117/300] WBD OHLCV window: first_date=2020-11-27, last_date=2024-01-31, n=798
  [118/300] PH… [118/300] PH OHLCV window: first_date=2020-11-27, last_date=2024-01-31, n=798
  [119/300] EOG… [119/300] EOG OHLCV window: first_date=2020-11-27, last_date=2024-01-31, n=798
  [120/300] KKR… [120/300] KKR OHLCV window: first_date=2020-11-27, last_date=2024-01-31, n=798
  [121/300] TGT… [121/300] TGT OHLCV window: first_date=2020-11-27, last_date=2024-01-31, n=798
  [122/300] RCL… [122/300] RCL OHLCV window: first_date=2020-11-27, last_date=2024-01-31, n=798
  [123/300] SBUX… [123/300] SBUX OHLCV window: first_date=2020-11-27, last_date=2024-01-31, n=798
  [124/300] DE… [124/300] DE OHLCV window: first_date=2020-11-27, last_date=2024-01-31, n=798
  [125/300] FDX… [125/300] FDX OHLCV window: first_date=2020-11-27, last_date=2024-01-31, n=798
  [126/300] F… [126/300] F OHLCV window: first_date=2020-11-27, last_date=2024-01-31, n=798
  [127/300] CCL… [127/300] CCL OHLCV window: first_date=2020-11-27, last_date=2024-01-31, n=798
  [128/300] ISRG… [128/300] ISRG OHLCV window: first_date=2020-11-27, last_date=2024-01-31, n=798
  [129/300] VST… [129/300] VST OHLCV window: first_date=2020-11-27, last_date=2024-01-31, n=798
  [130/300] DHR… [130/300] DHR OHLCV window: first_date=2020-11-27, last_date=2024-01-31, n=798
  [131/300] UPS… [131/300] UPS OHLCV window: first_date=2020-11-27, last_date=2024-01-31, n=798
  [132/300] SYK… [132/300] SYK OHLCV window: first_date=2020-11-27, last_date=2024-01-31, n=798
  [133/300] WDAY… [133/300] WDAY OHLCV window: first_date=2020-11-27, last_date=2024-01-31, n=798
  [134/300] APO… [134/300] APO OHLCV window: first_date=2020-11-27, last_date=2024-01-31, n=798
  [135/300] TJX… [135/300] TJX OHLCV window: first_date=2020-11-27, last_date=2024-01-31, n=798
  [136/300] UNP… [136/300] UNP OHLCV window: first_date=2020-11-27, last_date=2024-01-31, n=798
  [137/300] ELV… [137/300] ELV OHLCV window: first_date=2020-11-27, last_date=2024-01-31, n=798
  [138/300] MPC… [138/300] MPC OHLCV window: first_date=2020-11-27, last_date=2024-01-31, n=798
  [139/300] MDT… [139/300] MDT OHLCV window: first_date=2020-11-27, last_date=2024-01-31, n=798
  [140/300] CME… [140/300] CME OHLCV window: first_date=2020-11-27, last_date=2024-01-31, n=798
  [141/300] CDNS… [141/300] CDNS OHLCV window: first_date=2020-11-27, last_date=2024-01-31, n=798
  [142/300] FANG… [142/300] FANG OHLCV window: first_date=2020-11-27, last_date=2024-01-31, n=798
  [143/300] MCK… [143/300] MCK OHLCV window: first_date=2020-11-27, last_date=2024-01-31, n=798
  [144/300] LYB… [144/300] LYB OHLCV window: first_date=2020-11-27, last_date=2024-01-31, n=798
  [145/300] WELL… [145/300] WELL OHLCV window: first_date=2020-11-27, last_date=2024-01-31, n=798
  [146/300] BKR… [146/300] BKR OHLCV window: first_date=2020-11-27, last_date=2024-01-31, n=798
  [147/300] MMM… [147/300] MMM OHLCV window: first_date=2020-11-27, last_date=2024-01-31, n=798
  [148/300] VRTX… [148/300] VRTX OHLCV window: first_date=2020-11-27, last_date=2024-01-31, n=798
  [149/300] MO… [149/300] MO OHLCV window: first_date=2020-11-27, last_date=2024-01-31, n=798
  [150/300] MCO… [150/300] MCO OHLCV window: first_date=2020-11-27, last_date=2024-01-31, n=798
  [151/300] LOW… [151/300] LOW OHLCV window: first_date=2020-11-27, last_date=2024-01-31, n=798
  [152/300] PGR… [152/300] PGR OHLCV window: first_date=2020-11-27, last_date=2024-01-31, n=798
  [153/300] CRH… [153/300] CRH OHLCV window: first_date=2020-11-27, last_date=2024-01-31, n=798
  [154/300] PWR… [154/300] PWR OHLCV window: first_date=2020-11-27, last_date=2024-01-31, n=7982026-03-31 10:25:25,614 [INFO] backtesting.backtester: Requesting OHLCV for GD: 2020-11-27 → 2024-01-31 (provider=yahoo, cache_dir=data/cache/ohlcv, ttl=0)
2026-03-31 10:25:25,616 [INFO] backtesting.backtester: Loaded OHLCV for GD: shape=(798, 9)
2026-03-31 10:25:25,616 [INFO] backtesting.backtester: Requesting OHLCV for TRV: 2020-11-27 → 2024-01-31 (provider=yahoo, cache_dir=data/cache/ohlcv, ttl=0)
2026-03-31 10:25:25,618 [INFO] backtesting.backtester: Loaded OHLCV for TRV: shape=(798, 9)
2026-03-31 10:25:25,618 [INFO] backtesting.backtester: Requesting OHLCV for EBAY: 2020-11-27 → 2024-01-31 (provider=yahoo, cache_dir=data/cache/ohlcv, ttl=0)
2026-03-31 10:25:25,620 [INFO] backtesting.backtester: Loaded OHLCV for EBAY: shape=(798, 9)
2026-03-31 10:25:25,620 [INFO] backtesting.backtester: Requesting OHLCV for ODFL: 2020-11-27 → 2024-01-31 (provider=yahoo, cache_dir=data/cache/ohlcv, ttl=0)
2026-03-31 10:25:25,621 [INFO] backtesting.backtester: Loaded OHLCV for ODFL: shape=(798, 9)
2026-03-31 10:25:25,621 [INFO] backtesting.backtester: Requesting OHLCV for KVUE: 2020-11-27 → 2024-01-31 (provider=yahoo, cache_dir=data/cache/ohlcv, ttl=0)
2026-03-31 10:25:25,640 [INFO] backtesting.backtester: Loaded OHLCV for KVUE: shape=(186, 9)
2026-03-31 10:25:25,640 [WARNING] backtesting.backtester: Skipping KVUE due to insufficient data (len=186 < 210 bars)
2026-03-31 10:25:25,640 [INFO] backtesting.backtester: Requesting OHLCV for EXE: 2020-11-27 → 2024-01-31 (provider=yahoo, cache_dir=data/cache/ohlcv, ttl=0)
2026-03-31 10:25:25,658 [INFO] backtesting.backtester: Loaded OHLCV for EXE: shape=(747, 9)
2026-03-31 10:25:25,658 [INFO] backtesting.backtester: Requesting OHLCV for TFC: 2020-11-27 → 2024-01-31 (provider=yahoo, cache_dir=data/cache/ohlcv, ttl=0)
2026-03-31 10:25:25,660 [INFO] backtesting.backtester: Loaded OHLCV for TFC: shape=(798, 9)
2026-03-31 10:25:25,660 [INFO] backtesting.backtester: Requesting OHLCV for ON: 2020-11-27 → 2024-01-31 (provider=yahoo, cache_dir=data/cache/ohlcv, ttl=0)
2026-03-31 10:25:25,662 [INFO] backtesting.backtester: Loaded OHLCV for ON: shape=(798, 9)
2026-03-31 10:25:25,662 [INFO] backtesting.backtester: Requesting OHLCV for PCG: 2020-11-27 → 2024-01-31 (provider=yahoo, cache_dir=data/cache/ohlcv, ttl=0)
2026-03-31 10:25:25,664 [INFO] backtesting.backtester: Loaded OHLCV for PCG: shape=(798, 9)
2026-03-31 10:25:25,664 [INFO] backtesting.backtester: Requesting OHLCV for LUV: 2020-11-27 → 2024-01-31 (provider=yahoo, cache_dir=data/cache/ohlcv, ttl=0)
2026-03-31 10:25:25,666 [INFO] backtesting.backtester: Loaded OHLCV for LUV: shape=(798, 9)
2026-03-31 10:25:25,666 [INFO] backtesting.backtester: Requesting OHLCV for BDX: 2020-11-27 → 2024-01-31 (provider=yahoo, cache_dir=data/cache/ohlcv, ttl=0)
2026-03-31 10:25:25,668 [INFO] backtesting.backtester: Loaded OHLCV for BDX: shape=(798, 9)
2026-03-31 10:25:25,668 [INFO] backtesting.backtester: Requesting OHLCV for O: 2020-11-27 → 2024-01-31 (provider=yahoo, cache_dir=data/cache/ohlcv, ttl=0)
2026-03-31 10:25:25,670 [INFO] backtesting.backtester: Loaded OHLCV for O: shape=(798, 9)
2026-03-31 10:25:25,670 [INFO] backtesting.backtester: Requesting OHLCV for PAYX: 2020-11-27 → 2024-01-31 (provider=yahoo, cache_dir=data/cache/ohlcv, ttl=0)
2026-03-31 10:25:25,672 [INFO] backtesting.backtester: Loaded OHLCV for PAYX: shape=(798, 9)
2026-03-31 10:25:25,672 [INFO] backtesting.backtester: Requesting OHLCV for CTSH: 2020-11-27 → 2024-01-31 (provider=yahoo, cache_dir=data/cache/ohlcv, ttl=0)
2026-03-31 10:25:25,674 [INFO] backtesting.backtester: Loaded OHLCV for CTSH: shape=(798, 9)
2026-03-31 10:25:25,674 [INFO] backtesting.backtester: Requesting OHLCV for CAH: 2020-11-27 → 2024-01-31 (provider=yahoo, cache_dir=data/cache/ohlcv, ttl=0)
2026-03-31 10:25:25,676 [INFO] backtesting.backtester: Loaded OHLCV for CAH: shape=(798, 9)
2026-03-31 10:25:25,676 [INFO] backtesting.backtester: Requesting OHLCV for RF: 2020-11-27 → 2024-01-31 (provider=yahoo, cache_dir=data/cache/ohlcv, ttl=0)
2026-03-31 10:25:25,678 [INFO] backtesting.backtester: Loaded OHLCV for RF: shape=(798, 9)
2026-03-31 10:25:25,678 [INFO] backtesting.backtester: Requesting OHLCV for APD: 2020-11-27 → 2024-01-31 (provider=yahoo, cache_dir=data/cache/ohlcv, ttl=0)
2026-03-31 10:25:25,680 [INFO] backtesting.backtester: Loaded OHLCV for APD: shape=(798, 9)
2026-03-31 10:25:25,680 [INFO] backtesting.backtester: Requesting OHLCV for TTWO: 2020-11-27 → 2024-01-31 (provider=yahoo, cache_dir=data/cache/ohlcv, ttl=0)
2026-03-31 10:25:25,682 [INFO] backtesting.backtester: Loaded OHLCV for TTWO: shape=(798, 9)
2026-03-31 10:25:25,682 [INFO] backtesting.backtester: Requesting OHLCV for VMC: 2020-11-27 → 2024-01-31 (provider=yahoo, cache_dir=data/cache/ohlcv, ttl=0)
2026-03-31 10:25:25,684 [INFO] backtesting.backtester: Loaded OHLCV for VMC: shape=(798, 9)
2026-03-31 10:25:25,684 [INFO] backtesting.backtester: Requesting OHLCV for BK: 2020-11-27 → 2024-01-31 (provider=yahoo, cache_dir=data/cache/ohlcv, ttl=0)
2026-03-31 10:25:25,686 [INFO] backtesting.backtester: Loaded OHLCV for BK: shape=(798, 9)
2026-03-31 10:25:25,686 [INFO] backtesting.backtester: Requesting OHLCV for GIS: 2020-11-27 → 2024-01-31 (provider=yahoo, cache_dir=data/cache/ohlcv, ttl=0)
2026-03-31 10:25:25,688 [INFO] backtesting.backtester: Loaded OHLCV for GIS: shape=(798, 9)
2026-03-31 10:25:25,688 [INFO] backtesting.backtester: Requesting OHLCV for EMR: 2020-11-27 → 2024-01-31 (provider=yahoo, cache_dir=data/cache/ohlcv, ttl=0)
2026-03-31 10:25:25,690 [INFO] backtesting.backtester: Loaded OHLCV for EMR: shape=(798, 9)
2026-03-31 10:25:25,690 [INFO] backtesting.backtester: Requesting OHLCV for DPZ: 2020-11-27 → 2024-01-31 (provider=yahoo, cache_dir=data/cache/ohlcv, ttl=0)
2026-03-31 10:25:25,692 [INFO] backtesting.backtester: Loaded OHLCV for DPZ: shape=(798, 9)
2026-03-31 10:25:25,692 [INFO] backtesting.backtester: Requesting OHLCV for CTRA: 2020-11-27 → 2024-01-31 (provider=yahoo, cache_dir=data/cache/ohlcv, ttl=0)
2026-03-31 10:25:25,694 [INFO] backtesting.backtester: Loaded OHLCV for CTRA: shape=(798, 9)
2026-03-31 10:25:25,694 [INFO] backtesting.backtester: Requesting OHLCV for KHC: 2020-11-27 → 2024-01-31 (provider=yahoo, cache_dir=data/cache/ohlcv, ttl=0)
2026-03-31 10:25:25,696 [INFO] backtesting.backtester: Loaded OHLCV for KHC: shape=(798, 9)
2026-03-31 10:25:25,696 [INFO] backtesting.backtester: Requesting OHLCV for VRSK: 2020-11-27 → 2024-01-31 (provider=yahoo, cache_dir=data/cache/ohlcv, ttl=0)
2026-03-31 10:25:25,698 [INFO] backtesting.backtester: Loaded OHLCV for VRSK: shape=(798, 9)
2026-03-31 10:25:25,698 [INFO] backtesting.backtester: Requesting OHLCV for PSA: 2020-11-27 → 2024-01-31 (provider=yahoo, cache_dir=data/cache/ohlcv, ttl=0)
2026-03-31 10:25:25,700 [INFO] backtesting.backtester: Loaded OHLCV for PSA: shape=(798, 9)
2026-03-31 10:25:25,700 [INFO] backtesting.backtester: Requesting OHLCV for DHI: 2020-11-27 → 2024-01-31 (provider=yahoo, cache_dir=data/cache/ohlcv, ttl=0)
2026-03-31 10:25:25,702 [INFO] backtesting.backtester: Loaded OHLCV for DHI: shape=(798, 9)
2026-03-31 10:25:25,702 [INFO] backtesting.backtester: Requesting OHLCV for OMC: 2020-11-27 → 2024-01-31 (provider=yahoo, cache_dir=data/cache/ohlcv, ttl=0)
2026-03-31 10:25:25,704 [INFO] backtesting.backtester: Loaded OHLCV for OMC: shape=(798, 9)
2026-03-31 10:25:25,704 [INFO] backtesting.backtester: Requesting OHLCV for FSLR: 2020-11-27 → 2024-01-31 (provider=yahoo, cache_dir=data/cache/ohlcv, ttl=0)
2026-03-31 10:25:25,706 [INFO] backtesting.backtester: Loaded OHLCV for FSLR: shape=(798, 9)
2026-03-31 10:25:25,706 [INFO] backtesting.backtester: Requesting OHLCV for TRGP: 2020-11-27 → 2024-01-31 (provider=yahoo, cache_dir=data/cache/ohlcv, ttl=0)
2026-03-31 10:25:25,708 [INFO] backtesting.backtester: Loaded OHLCV for TRGP: shape=(798, 9)
2026-03-31 10:25:25,708 [INFO] backtesting.backtester: Requesting OHLCV for CARR: 2020-11-27 → 2024-01-31 (provider=yahoo, cache_dir=data/cache/ohlcv, ttl=0)
2026-03-31 10:25:25,710 [INFO] backtesting.backtester: Loaded OHLCV for CARR: shape=(798, 9)
2026-03-31 10:25:25,710 [INFO] backtesting.backtester: Requesting OHLCV for NSC: 2020-11-27 → 2024-01-31 (provider=yahoo, cache_dir=data/cache/ohlcv, ttl=0)
2026-03-31 10:25:25,712 [INFO] backtesting.backtester: Loaded OHLCV for NSC: shape=(798, 9)
2026-03-31 10:25:25,712 [INFO] backtesting.backtester: Requesting OHLCV for EW: 2020-11-27 → 2024-01-31 (provider=yahoo, cache_dir=data/cache/ohlcv, ttl=0)
2026-03-31 10:25:25,713 [INFO] backtesting.backtester: Loaded OHLCV for EW: shape=(798, 9)
2026-03-31 10:25:25,714 [INFO] backtesting.backtester: Requesting OHLCV for ROK: 2020-11-27 → 2024-01-31 (provider=yahoo, cache_dir=data/cache/ohlcv, ttl=0)
2026-03-31 10:25:25,715 [INFO] backtesting.backtester: Loaded OHLCV for ROK: shape=(798, 9)
2026-03-31 10:25:25,715 [INFO] backtesting.backtester: Requesting OHLCV for FISV: 2020-11-27 → 2024-01-31 (provider=yahoo, cache_dir=data/cache/ohlcv, ttl=0)
2026-03-31 10:25:25,717 [INFO] backtesting.backtester: Loaded OHLCV for FISV: shape=(798, 9)
2026-03-31 10:25:25,717 [INFO] backtesting.backtester: Requesting OHLCV for FAST: 2020-11-27 → 2024-01-31 (provider=yahoo, cache_dir=data/cache/ohlcv, ttl=0)
2026-03-31 10:25:25,719 [INFO] backtesting.backtester: Loaded OHLCV for FAST: shape=(798, 9)
2026-03-31 10:25:25,720 [INFO] backtesting.backtester: Requesting OHLCV for MLM: 2020-11-27 → 2024-01-31 (provider=yahoo, cache_dir=data/cache/ohlcv, ttl=0)
2026-03-31 10:25:25,721 [INFO] backtesting.backtester: Loaded OHLCV for MLM: shape=(798, 9)
2026-03-31 10:25:25,721 [INFO] backtesting.backtester: Requesting OHLCV for HSY: 2020-11-27 → 2024-01-31 (provider=yahoo, cache_dir=data/cache/ohlcv, ttl=0)
2026-03-31 10:25:25,724 [INFO] backtesting.backtester: Loaded OHLCV for HSY: shape=(798, 9)
2026-03-31 10:25:25,724 [INFO] backtesting.backtester: Requesting OHLCV for ITW: 2020-11-27 → 2024-01-31 (provider=yahoo, cache_dir=data/cache/ohlcv, ttl=0)
2026-03-31 10:25:25,726 [INFO] backtesting.backtester: Loaded OHLCV for ITW: shape=(798, 9)
2026-03-31 10:25:25,726 [INFO] backtesting.backtester: Requesting OHLCV for XEL: 2020-11-27 → 2024-01-31 (provider=yahoo, cache_dir=data/cache/ohlcv, ttl=0)
2026-03-31 10:25:25,727 [INFO] backtesting.backtester: Loaded OHLCV for XEL: shape=(798, 9)
2026-03-31 10:25:25,727 [INFO] backtesting.backtester: Requesting OHLCV for APA: 2020-11-27 → 2024-01-31 (provider=yahoo, cache_dir=data/cache/ohlcv, ttl=0)
2026-03-31 10:25:25,729 [INFO] backtesting.backtester: Loaded OHLCV for APA: shape=(798, 9)
2026-03-31 10:25:25,729 [INFO] backtesting.backtester: Requesting OHLCV for WAT: 2020-11-27 → 2024-01-31 (provider=yahoo, cache_dir=data/cache/ohlcv, ttl=0)
2026-03-31 10:25:25,731 [INFO] backtesting.backtester: Loaded OHLCV for WAT: shape=(798, 9)
2026-03-31 10:25:25,731 [INFO] backtesting.backtester: Requesting OHLCV for JBL: 2020-11-27 → 2024-01-31 (provider=yahoo, cache_dir=data/cache/ohlcv, ttl=0)
2026-03-31 10:25:25,733 [INFO] backtesting.backtester: Loaded OHLCV for JBL: shape=(798, 9)
2026-03-31 10:25:25,733 [INFO] backtesting.backtester: Requesting OHLCV for PCAR: 2020-11-27 → 2024-01-31 (provider=yahoo, cache_dir=data/cache/ohlcv, ttl=0)
2026-03-31 10:25:25,735 [INFO] backtesting.backtester: Loaded OHLCV for PCAR: shape=(798, 9)
2026-03-31 10:25:25,735 [INFO] backtesting.backtester: Requesting OHLCV for ALB: 2020-11-27 → 2024-01-31 (provider=yahoo, cache_dir=data/cache/ohlcv, ttl=0)
2026-03-31 10:25:25,737 [INFO] backtesting.backtester: Loaded OHLCV for ALB: shape=(798, 9)
2026-03-31 10:25:25,737 [INFO] backtesting.backtester: Requesting OHLCV for AIG: 2020-11-27 → 2024-01-31 (provider=yahoo, cache_dir=data/cache/ohlcv, ttl=0)
2026-03-31 10:25:25,738 [INFO] backtesting.backtester: Loaded OHLCV for AIG: shape=(798, 9)
2026-03-31 10:25:25,738 [INFO] backtesting.backtester: Requesting OHLCV for BBY: 2020-11-27 → 2024-01-31 (provider=yahoo, cache_dir=data/cache/ohlcv, ttl=0)
2026-03-31 10:25:25,740 [INFO] backtesting.backtester: Loaded OHLCV for BBY: shape=(798, 9)
2026-03-31 10:25:25,740 [INFO] backtesting.backtester: Requesting OHLCV for HPQ: 2020-11-27 → 2024-01-31 (provider=yahoo, cache_dir=data/cache/ohlcv, ttl=0)
2026-03-31 10:25:25,742 [INFO] backtesting.backtester: Loaded OHLCV for HPQ: shape=(798, 9)
2026-03-31 10:25:25,742 [INFO] backtesting.backtester: Requesting OHLCV for DLTR: 2020-11-27 → 2024-01-31 (provider=yahoo, cache_dir=data/cache/ohlcv, ttl=0)
2026-03-31 10:25:25,744 [INFO] backtesting.backtester: Loaded OHLCV for DLTR: shape=(798, 9)
2026-03-31 10:25:25,744 [INFO] backtesting.backtester: Requesting OHLCV for DLR: 2020-11-27 → 2024-01-31 (provider=yahoo, cache_dir=data/cache/ohlcv, ttl=0)
2026-03-31 10:25:25,745 [INFO] backtesting.backtester: Loaded OHLCV for DLR: shape=(798, 9)
2026-03-31 10:25:25,745 [INFO] backtesting.backtester: Requesting OHLCV for AME: 2020-11-27 → 2024-01-31 (provider=yahoo, cache_dir=data/cache/ohlcv, ttl=0)
2026-03-31 10:25:25,747 [INFO] backtesting.backtester: Loaded OHLCV for AME: shape=(798, 9)
2026-03-31 10:25:25,747 [INFO] backtesting.backtester: Requesting OHLCV for IBKR: 2020-11-27 → 2024-01-31 (provider=yahoo, cache_dir=data/cache/ohlcv, ttl=0)
2026-03-31 10:25:25,749 [INFO] backtesting.backtester: Loaded OHLCV for IBKR: shape=(798, 9)
2026-03-31 10:25:25,749 [INFO] backtesting.backtester: Requesting OHLCV for DRI: 2020-11-27 → 2024-01-31 (provider=yahoo, cache_dir=data/cache/ohlcv, ttl=0)
2026-03-31 10:25:25,751 [INFO] backtesting.backtester: Loaded OHLCV for DRI: shape=(798, 9)
2026-03-31 10:25:25,751 [INFO] backtesting.backtester: Requesting OHLCV for SPG: 2020-11-27 → 2024-01-31 (provider=yahoo, cache_dir=data/cache/ohlcv, ttl=0)
2026-03-31 10:25:25,753 [INFO] backtesting.backtester: Loaded OHLCV for SPG: shape=(798, 9)
2026-03-31 10:25:25,753 [INFO] backtesting.backtester: Requesting OHLCV for OTIS: 2020-11-27 → 2024-01-31 (provider=yahoo, cache_dir=data/cache/ohlcv, ttl=0)
2026-03-31 10:25:25,754 [INFO] backtesting.backtester: Loaded OHLCV for OTIS: shape=(798, 9)
2026-03-31 10:25:25,754 [INFO] backtesting.backtester: Requesting OHLCV for SRE: 2020-11-27 → 2024-01-31 (provider=yahoo, cache_dir=data/cache/ohlcv, ttl=0)
2026-03-31 10:25:25,756 [INFO] backtesting.backtester: Loaded OHLCV for SRE: shape=(798, 9)
2026-03-31 10:25:25,756 [INFO] backtesting.backtester: Requesting OHLCV for MOS: 2020-11-27 → 2024-01-31 (provider=yahoo, cache_dir=data/cache/ohlcv, ttl=0)
2026-03-31 10:25:25,758 [INFO] backtesting.backtester: Loaded OHLCV for MOS: shape=(798, 9)
2026-03-31 10:25:25,758 [INFO] backtesting.backtester: Requesting OHLCV for CTVA: 2020-11-27 → 2024-01-31 (provider=yahoo, cache_dir=data/cache/ohlcv, ttl=0)
2026-03-31 10:25:25,760 [INFO] backtesting.backtester: Loaded OHLCV for CTVA: shape=(798, 9)
2026-03-31 10:25:25,760 [INFO] backtesting.backtester: Requesting OHLCV for KEY: 2020-11-27 → 2024-01-31 (provider=yahoo, cache_dir=data/cache/ohlcv, ttl=0)
2026-03-31 10:25:25,761 [INFO] backtesting.backtester: Loaded OHLCV for KEY: shape=(798, 9)
2026-03-31 10:25:25,761 [INFO] backtesting.backtester: Requesting OHLCV for CPRT: 2020-11-27 → 2024-01-31 (provider=yahoo, cache_dir=data/cache/ohlcv, ttl=0)
2026-03-31 10:25:25,763 [INFO] backtesting.backtester: Loaded OHLCV for CPRT: shape=(798, 9)
2026-03-31 10:25:25,763 [INFO] backtesting.backtester: Requesting OHLCV for IQV: 2020-11-27 → 2024-01-31 (provider=yahoo, cache_dir=data/cache/ohlcv, ttl=0)
2026-03-31 10:25:25,765 [INFO] backtesting.backtester: Loaded OHLCV for IQV: shape=(798, 9)
2026-03-31 10:25:33,411 [WARNING] backtesting.signals: SignalEngine: all-NaN feature columns detected: ['delisted_date']
2026-03-31 10:25:33,423 [WARNING] backtesting.signals: SignalEngine: ensemble normalize=true ignored in backtest to avoid lookahead bias.

  [155/300] XYZ… [155/300] XYZ OHLCV window: first_date=2020-11-27, last_date=2024-01-31, n=798
  [156/300] PSX… [156/300] PSX OHLCV window: first_date=2020-11-27, last_date=2024-01-31, n=798
  [157/300] ROST… [157/300] ROST OHLCV window: first_date=2020-11-27, last_date=2024-01-31, n=798
  [158/300] DASH… [158/300] DASH OHLCV window: first_date=2020-12-09, last_date=2024-01-30, n=789
  [159/300] EQIX… [159/300] EQIX OHLCV window: first_date=2020-11-27, last_date=2024-01-31, n=798
  [160/300] TTD… [160/300] TTD OHLCV window: first_date=2020-11-27, last_date=2024-01-31, n=798
  [161/300] HAL… [161/300] HAL OHLCV window: first_date=2020-11-27, last_date=2024-01-31, n=798
  [162/300] DUK… [162/300] DUK OHLCV window: first_date=2020-11-27, last_date=2024-01-31, n=798
  [163/300] NOC… [163/300] NOC OHLCV window: first_date=2020-11-27, last_date=2024-01-31, n=798
  [164/300] GM… [164/300] GM OHLCV window: first_date=2020-11-27, last_date=2024-01-31, n=798
  [165/300] CVS… [165/300] CVS OHLCV window: first_date=2020-11-27, last_date=2024-01-31, n=798
  [166/300] FIX… [166/300] FIX OHLCV window: first_date=2020-11-27, last_date=2024-01-31, n=798
  [167/300] MDLZ… [167/300] MDLZ OHLCV window: first_date=2020-11-27, last_date=2024-01-31, n=798
  [168/300] CB… [168/300] CB OHLCV window: first_date=2020-11-27, last_date=2024-01-31, n=798
  [169/300] EXPE… [169/300] EXPE OHLCV window: first_date=2020-11-27, last_date=2024-01-31, n=798
  [170/300] AMT… [170/300] AMT OHLCV window: first_date=2020-11-27, last_date=2024-01-31, n=798
  [171/300] HCA… [171/300] HCA OHLCV window: first_date=2020-11-27, last_date=2024-01-31, n=798
  [172/300] CL… [172/300] CL OHLCV window: first_date=2020-11-27, last_date=2024-01-31, n=798
  [173/300] HWM… [173/300] HWM OHLCV window: first_date=2020-11-27, last_date=2024-01-31, n=798
  [174/300] PNC… [174/300] PNC OHLCV window: first_date=2020-11-27, last_date=2024-01-31, n=798
  [175/300] MPWR… [175/300] MPWR OHLCV window: first_date=2020-11-27, last_date=2024-01-31, n=798
  [176/300] HLT… [176/300] HLT OHLCV window: first_date=2020-11-27, last_date=2024-01-31, n=798
  [177/300] MCHP… [177/300] MCHP OHLCV window: first_date=2020-11-27, last_date=2024-01-31, n=798
  [178/300] EQT… [178/300] EQT OHLCV window: first_date=2020-11-27, last_date=2024-01-31, n=798
  [179/300] USB… [179/300] USB OHLCV window: first_date=2020-11-27, last_date=2024-01-31, n=798
  [180/300] ADSK… [180/300] ADSK OHLCV window: first_date=2020-11-27, last_date=2024-01-31, n=798
  [181/300] CMG… [181/300] CMG OHLCV window: first_date=2020-11-27, last_date=2024-01-31, n=798
  [182/300] JCI… [182/300] JCI OHLCV window: first_date=2020-11-27, last_date=2024-01-31, n=798
  [183/300] TT… [183/300] TT OHLCV window: first_date=2020-11-27, last_date=2024-01-31, n=798
  [184/300] ORLY… [184/300] ORLY OHLCV window: first_date=2020-11-27, last_date=2024-01-31, n=798
  [185/300] ICE… [185/300] ICE OHLCV window: first_date=2020-11-27, last_date=2024-01-31, n=798
  [186/300] SHW… [186/300] SHW OHLCV window: first_date=2020-11-27, last_date=2024-01-31, n=798
  [187/300] LHX… [187/300] LHX OHLCV window: first_date=2020-11-27, last_date=2024-01-31, n=798
  [188/300] DDOG… [188/300] DDOG OHLCV window: first_date=2020-11-27, last_date=2024-01-31, n=798
  [189/300] KR… [189/300] KR OHLCV window: first_date=2020-11-27, last_date=2024-01-31, n=798
  [190/300] AZO… [190/300] AZO OHLCV window: first_date=2020-11-27, last_date=2024-01-31, n=798
  [191/300] DOW… [191/300] DOW OHLCV window: first_date=2020-11-27, last_date=2024-01-31, n=798
  [192/300] WM… [192/300] WM OHLCV window: first_date=2020-11-27, last_date=2024-01-31, n=798
  [193/300] ABNB… [193/300] ABNB OHLCV window: first_date=2020-12-10, last_date=2024-01-30, n=788
  [194/300] NRG… [194/300] NRG OHLCV window: first_date=2020-11-27, last_date=2024-01-31, n=798
  [195/300] SO… [195/300] SO OHLCV window: first_date=2020-11-27, last_date=2024-01-31, n=798
  [196/300] NXPI… [196/300] NXPI OHLCV window: first_date=2020-11-27, last_date=2024-01-31, n=798
  [197/300] MRSH… [197/300] MRSH OHLCV window: first_date=2020-11-27, last_date=2024-01-31, n=798
  [198/300] ZTS… [198/300] ZTS OHLCV window: first_date=2020-11-27, last_date=2024-01-31, n=798
  [199/300] ULTA… [199/300] ULTA OHLCV window: first_date=2020-11-27, last_date=2024-01-31, n=798
  [200/300] AEP… [200/300] AEP OHLCV window: first_date=2020-11-27, last_date=2024-01-31, n=798
  [201/300] CSX… [201/300] CSX OHLCV window: first_date=2020-11-27, last_date=2024-01-31, n=798
  [202/300] MSI… [202/300] MSI OHLCV window: first_date=2020-11-27, last_date=2024-01-31, n=798
  [203/300] KEYS… [203/300] KEYS OHLCV window: first_date=2020-11-27, last_date=2024-01-31, n=798
  [204/300] KMB… [204/300] KMB OHLCV window: first_date=2020-11-27, last_date=2024-01-31, n=798
  [205/300] MAR… [205/300] MAR OHLCV window: first_date=2020-11-27, last_date=2024-01-31, n=798
  [206/300] FITB… [206/300] FITB OHLCV window: first_date=2020-11-27, last_date=2024-01-31, n=798
  [207/300] LULU… [207/300] LULU OHLCV window: first_date=2020-11-27, last_date=2024-01-31, n=798
  [208/300] ROP… [208/300] ROP OHLCV window: first_date=2020-11-27, last_date=2024-01-31, n=798
  [209/300] MNST… [209/300] MNST OHLCV window: first_date=2020-11-27, last_date=2024-01-31, n=798
  [210/300] URI… [210/300] URI OHLCV window: first_date=2020-11-27, last_date=2024-01-31, n=798
  [211/300] LYV… [211/300] LYV OHLCV window: first_date=2020-11-27, last_date=2024-01-31, n=798
  [212/300] DG… [212/300] DG OHLCV window: first_date=2020-11-27, last_date=2024-01-31, n=798
  [213/300] CMI… [213/300] CMI OHLCV window: first_date=2020-11-27, last_date=2024-01-31, n=798
  [214/300] CI… [214/300] CI OHLCV window: first_date=2020-11-27, last_date=2024-01-31, n=798
  [215/300] AJG… [215/300] AJG OHLCV window: first_date=2020-11-27, last_date=2024-01-31, n=798
  [216/300] FTNT… [216/300] FTNT OHLCV window: first_date=2020-11-27, last_date=2024-01-31, n=798
  [217/300] NCLH… [217/300] NCLH OHLCV window: first_date=2020-11-27, last_date=2024-01-31, n=798
  [218/300] EA… [218/300] EA OHLCV window: first_date=2020-11-27, last_date=2024-01-31, n=798
  [219/300] ARES… [219/300] ARES OHLCV window: first_date=2020-11-27, last_date=2024-01-31, n=798
  [220/300] AKAM… [220/300] AKAM OHLCV window: first_date=2020-11-27, last_date=2024-01-31, n=798
  [221/300] WMB… [221/300] WMB OHLCV window: first_date=2020-11-27, last_date=2024-01-31, n=798
  [222/300] TDG… [222/300] TDG OHLCV window: first_date=2020-11-27, last_date=2024-01-31, n=798
  [223/300] COR… [223/300] COR OHLCV window: first_date=2020-11-27, last_date=2024-01-31, n=798
  [224/300] PLD… [224/300] PLD OHLCV window: first_date=2020-11-27, last_date=2024-01-31, n=798
  [225/300] TEL… [225/300] TEL OHLCV window: first_date=2020-11-27, last_date=2024-01-31, n=798
  [226/300] CTAS… [226/300] CTAS OHLCV window: first_date=2020-11-27, last_date=2024-01-31, n=798
  [227/300] AXON… [227/300] AXON OHLCV window: first_date=2020-11-27, last_date=2024-01-31, n=798
  [228/300] KMI… [228/300] KMI OHLCV window: first_date=2020-11-27, last_date=2024-01-31, n=798
  [229/300] MRNA… [229/300] MRNA OHLCV window: first_date=2020-11-27, last_date=2024-01-31, n=798
  [230/300] ECL… [230/300] ECL OHLCV window: first_date=2020-11-27, last_date=2024-01-31, n=798
  [231/300] EL… [231/300] EL OHLCV window: first_date=2020-11-27, last_date=2024-01-31, n=798
  [232/300] EXC… [232/300] EXC OHLCV window: first_date=2020-11-27, last_date=2024-01-31, n=798
  [233/300] FICO… [233/300] FICO OHLCV window: first_date=2020-11-27, last_date=2024-01-31, n=798
  [234/300] REGN… [234/300] REGN OHLCV window: first_date=2020-11-27, last_date=2024-01-31, n=798
  [235/300] OKE… [235/300] OKE OHLCV window: first_date=2020-11-27, last_date=2024-01-31, n=798
  [236/300] HBAN… [236/300] HBAN OHLCV window: first_date=2020-11-27, last_date=2024-01-31, n=798
  [237/300] AON… [237/300] AON OHLCV window: first_date=2020-11-27, last_date=2024-01-31, n=798
  [238/300] HPE… [238/300] HPE OHLCV window: first_date=2020-11-27, last_date=2024-01-31, n=798
  [239/300] GD… [239/300] GD OHLCV window: first_date=2020-11-27, last_date=2024-01-31, n=798
  [240/300] TRV… [240/300] TRV OHLCV window: first_date=2020-11-27, last_date=2024-01-31, n=798
  [241/300] EBAY… [241/300] EBAY OHLCV window: first_date=2020-11-27, last_date=2024-01-31, n=798
  [242/300] ODFL… [242/300] ODFL OHLCV window: first_date=2020-11-27, last_date=2024-01-31, n=798
  [243/300] KVUE… insufficient data
  [244/300] EXE… [244/300] EXE OHLCV window: first_date=2021-02-10, last_date=2024-01-30, n=747
  [245/300] TFC… [245/300] TFC OHLCV window: first_date=2020-11-27, last_date=2024-01-31, n=798
  [246/300] ON… [246/300] ON OHLCV window: first_date=2020-11-27, last_date=2024-01-31, n=798
  [247/300] PCG… [247/300] PCG OHLCV window: first_date=2020-11-27, last_date=2024-01-31, n=798
  [248/300] LUV… [248/300] LUV OHLCV window: first_date=2020-11-27, last_date=2024-01-31, n=798
  [249/300] BDX… [249/300] BDX OHLCV window: first_date=2020-11-27, last_date=2024-01-31, n=798
  [250/300] O… [250/300] O OHLCV window: first_date=2020-11-27, last_date=2024-01-31, n=798
  [251/300] PAYX… [251/300] PAYX OHLCV window: first_date=2020-11-27, last_date=2024-01-31, n=798
  [252/300] CTSH… [252/300] CTSH OHLCV window: first_date=2020-11-27, last_date=2024-01-31, n=798
  [253/300] CAH… [253/300] CAH OHLCV window: first_date=2020-11-27, last_date=2024-01-31, n=798
  [254/300] RF… [254/300] RF OHLCV window: first_date=2020-11-27, last_date=2024-01-31, n=798
  [255/300] APD… [255/300] APD OHLCV window: first_date=2020-11-27, last_date=2024-01-31, n=798
  [256/300] TTWO… [256/300] TTWO OHLCV window: first_date=2020-11-27, last_date=2024-01-31, n=798
  [257/300] VMC… [257/300] VMC OHLCV window: first_date=2020-11-27, last_date=2024-01-31, n=798
  [258/300] BK… [258/300] BK OHLCV window: first_date=2020-11-27, last_date=2024-01-31, n=798
  [259/300] GIS… [259/300] GIS OHLCV window: first_date=2020-11-27, last_date=2024-01-31, n=798
  [260/300] EMR… [260/300] EMR OHLCV window: first_date=2020-11-27, last_date=2024-01-31, n=798
  [261/300] DPZ… [261/300] DPZ OHLCV window: first_date=2020-11-27, last_date=2024-01-31, n=798
  [262/300] CTRA… [262/300] CTRA OHLCV window: first_date=2020-11-27, last_date=2024-01-31, n=798
  [263/300] KHC… [263/300] KHC OHLCV window: first_date=2020-11-27, last_date=2024-01-31, n=798
  [264/300] VRSK… [264/300] VRSK OHLCV window: first_date=2020-11-27, last_date=2024-01-31, n=798
  [265/300] PSA… [265/300] PSA OHLCV window: first_date=2020-11-27, last_date=2024-01-31, n=798
  [266/300] DHI… [266/300] DHI OHLCV window: first_date=2020-11-27, last_date=2024-01-31, n=798
  [267/300] OMC… [267/300] OMC OHLCV window: first_date=2020-11-27, last_date=2024-01-31, n=798
  [268/300] FSLR… [268/300] FSLR OHLCV window: first_date=2020-11-27, last_date=2024-01-31, n=798
  [269/300] TRGP… [269/300] TRGP OHLCV window: first_date=2020-11-27, last_date=2024-01-31, n=798
  [270/300] CARR… [270/300] CARR OHLCV window: first_date=2020-11-27, last_date=2024-01-31, n=798
  [271/300] NSC… [271/300] NSC OHLCV window: first_date=2020-11-27, last_date=2024-01-31, n=798
  [272/300] EW… [272/300] EW OHLCV window: first_date=2020-11-27, last_date=2024-01-31, n=798
  [273/300] ROK… [273/300] ROK OHLCV window: first_date=2020-11-27, last_date=2024-01-31, n=798
  [274/300] FISV… [274/300] FISV OHLCV window: first_date=2020-11-27, last_date=2024-01-31, n=798
  [275/300] FAST… [275/300] FAST OHLCV window: first_date=2020-11-27, last_date=2024-01-31, n=798
  [276/300] MLM… [276/300] MLM OHLCV window: first_date=2020-11-27, last_date=2024-01-31, n=798
  [277/300] HSY… [277/300] HSY OHLCV window: first_date=2020-11-27, last_date=2024-01-31, n=798
  [278/300] ITW… [278/300] ITW OHLCV window: first_date=2020-11-27, last_date=2024-01-31, n=798
  [279/300] XEL… [279/300] XEL OHLCV window: first_date=2020-11-27, last_date=2024-01-31, n=798
  [280/300] APA… [280/300] APA OHLCV window: first_date=2020-11-27, last_date=2024-01-31, n=798
  [281/300] WAT… [281/300] WAT OHLCV window: first_date=2020-11-27, last_date=2024-01-31, n=798
  [282/300] JBL… [282/300] JBL OHLCV window: first_date=2020-11-27, last_date=2024-01-31, n=798
  [283/300] PCAR… [283/300] PCAR OHLCV window: first_date=2020-11-27, last_date=2024-01-31, n=798
  [284/300] ALB… [284/300] ALB OHLCV window: first_date=2020-11-27, last_date=2024-01-31, n=798
  [285/300] AIG… [285/300] AIG OHLCV window: first_date=2020-11-27, last_date=2024-01-31, n=798
  [286/300] BBY… [286/300] BBY OHLCV window: first_date=2020-11-27, last_date=2024-01-31, n=798
  [287/300] HPQ… [287/300] HPQ OHLCV window: first_date=2020-11-27, last_date=2024-01-31, n=798
  [288/300] DLTR… [288/300] DLTR OHLCV window: first_date=2020-11-27, last_date=2024-01-31, n=798
  [289/300] DLR… [289/300] DLR OHLCV window: first_date=2020-11-27, last_date=2024-01-31, n=798
  [290/300] AME… [290/300] AME OHLCV window: first_date=2020-11-27, last_date=2024-01-31, n=798
  [291/300] IBKR… [291/300] IBKR OHLCV window: first_date=2020-11-27, last_date=2024-01-31, n=798
  [292/300] DRI… [292/300] DRI OHLCV window: first_date=2020-11-27, last_date=2024-01-31, n=798
  [293/300] SPG… [293/300] SPG OHLCV window: first_date=2020-11-27, last_date=2024-01-31, n=798
  [294/300] OTIS… [294/300] OTIS OHLCV window: first_date=2020-11-27, last_date=2024-01-31, n=798
  [295/300] SRE… [295/300] SRE OHLCV window: first_date=2020-11-27, last_date=2024-01-31, n=798
  [296/300] MOS… [296/300] MOS OHLCV window: first_date=2020-11-27, last_date=2024-01-31, n=798
  [297/300] CTVA… [297/300] CTVA OHLCV window: first_date=2020-11-27, last_date=2024-01-31, n=798
  [298/300] KEY… [298/300] KEY OHLCV window: first_date=2020-11-27, last_date=2024-01-31, n=798
  [299/300] CPRT… [299/300] CPRT OHLCV window: first_date=2020-11-27, last_date=2024-01-31, n=798
  [300/300] IQV… [300/300] IQV OHLCV window: first_date=2020-11-27, last_date=2024-01-31, n=798
  [signals 1/295] NVDA… 798 bars, 657 signals
  [signals 2/295] TSLA… 798 bars, 692 signals
  [signals 3/295] MU… 798 bars, 764 signals
  [signals 4/295] MSFT… 798 bars, 755 signals
  [signals 5/295] AAPL… 798 bars, 774 signals
  [signals 6/295] AVGO… 798 bars, 760 signals
  [signals 7/295] AMZN… 798 bars, 768 signals
  [signals 8/295] GOOGL… 798 bars, 769 signals
  [signals 9/295] META… 798 bars, 743 signals
  [signals 10/295] PLTR… 798 bars, 719 signals
  [signals 11/295] AMD… 798 bars, 723 signals
  [signals 12/295] GOOG… 798 bars, 759 signals
  [signals 13/295] LITE… 798 bars, 751 signals
  [signals 14/295] NFLX… 798 bars, 718 signals
  [signals 15/295] ORCL… 798 bars, 736 signals
  [signals 16/295] INTC… 798 bars, 755 signals
  [signals 17/295] XOM… 798 bars, 700 signals
  [signals 18/295] JPM… 798 bars, 723 signals
  [signals 19/295] VRT… 798 bars, 678 signals
  [signals 20/295] CVX… 798 bars, 726 signals
  [signals 21/295] CRM… 798 bars, 756 signals
  [signals 22/295] LLY… 798 bars, 692 signals
  [signals 23/295] COHR… 798 bars, 740 signals
  [signals 24/295] WMT… 798 bars, 784 signals
  [signals 25/295] WDC… 798 bars, 739 signals
  [signals 26/295] COIN… 704 bars, 579 signals
  [signals 27/295] UNH… 798 bars, 766 signals
  [signals 28/295] LRCX… 798 bars, 741 signals
  [signals 29/295] AMAT… 798 bars, 737 signals
  [signals 30/295] APP… 703 bars, 548 signals
  [signals 31/295] BAC… 798 bars, 752 signals
  [signals 32/295] V… 798 bars, 777 signals
  [signals 33/295] GS… 798 bars, 728 signals
  [signals 34/295] JNJ… 798 bars, 785 signals
  [signals 35/295] CAT… 798 bars, 723 signals
  [signals 36/295] NOW… 798 bars, 732 signals
  [signals 37/295] GLW… 798 bars, 784 signals
  [signals 38/295] INTU… 798 bars, 756 signals
  [signals 39/295] CSCO… 798 bars, 782 signals
  [signals 40/295] COST… 798 bars, 772 signals
  [signals 41/295] BKNG… 798 bars, 717 signals
  [signals 42/295] CRWD… 798 bars, 713 signals
  [signals 43/295] C… 798 bars, 741 signals
  [signals 44/295] PG… 798 bars, 781 signals
  [signals 45/295] MA… 798 bars, 771 signals2026-03-31 10:26:04,524 [INFO] backtesting.backtester: Loaded SPY for vol scaling: shape=(798, 9)
2026-03-31 10:26:04,524 [WARNING] backtesting.backtester: Excluding tickers with insufficient history (<252 days before start_date): CEG, HOOD
2026-03-31 10:26:06,951 [INFO] backtesting.backtester: Precomputed regime score std: {'Bull': 0.010381173398400362, 'Bear': 0.0109369383327073, 'Sideways': 0.009652856663939377, 'Crisis': 0.01355957241432667}
2026-03-31 10:26:10,205 [INFO] backtesting.backtester: Signal inclusion summary: days=501, avg_candidates_per_day=282.04, max_candidates_on_day=295
2026-03-31 10:26:40,585 [INFO] backtesting.backtester: Precomputed regime score std: {'Bull': 0.010381173398400362, 'Bear': 0.0109369383327073, 'Sideways': 0.009652856663939377, 'Crisis': 0.01355957241432667}
2026-03-31 10:26:43,469 [INFO] backtesting.backtester: Signal inclusion summary: days=501, avg_candidates_per_day=282.04, max_candidates_on_day=295
2026-03-31 10:27:13,247 [INFO] backtesting.backtester: Precomputed regime score std: {'Bull': 0.010381173398400362, 'Bear': 0.0109369383327073, 'Sideways': 0.009652856663939377, 'Crisis': 0.01355957241432667}
2026-03-31 10:27:18,314 [INFO] backtesting.backtester: Signal inclusion summary: days=501, avg_candidates_per_day=282.04, max_candidates_on_day=295

  [signals 46/295] ADBE… 798 bars, 783 signals
  [signals 47/295] ACN… 798 bars, 773 signals
  [signals 48/295] QCOM… 798 bars, 767 signals
  [signals 49/295] GE… 798 bars, 708 signals
  [signals 50/295] DELL… 798 bars, 745 signals
  [signals 51/295] ABBV… 798 bars, 754 signals
  [signals 52/295] WFC… 798 bars, 762 signals
  [signals 53/295] BA… 798 bars, 709 signals
  [signals 54/295] KLAC… 798 bars, 741 signals
  [signals 55/295] IBM… 798 bars, 746 signals
  [signals 56/295] HD… 798 bars, 762 signals
  [signals 57/295] COP… 798 bars, 671 signals
  [signals 58/295] STX… 798 bars, 733 signals
  [signals 59/295] UBER… 798 bars, 736 signals
  [signals 60/295] LIN… 798 bars, 743 signals
  [signals 61/295] VZ… 798 bars, 783 signals
  [signals 62/295] APH… 798 bars, 767 signals
  [signals 63/295] ABT… 798 bars, 760 signals
  [signals 64/295] NEM… 798 bars, 782 signals
  [signals 65/295] AXP… 798 bars, 739 signals
  [signals 66/295] KO… 798 bars, 785 signals
  [signals 67/295] ADI… 798 bars, 764 signals
  [signals 68/295] PANW… 798 bars, 742 signals
  [signals 69/295] TXN… 798 bars, 779 signals
  [signals 70/295] RTX… 798 bars, 755 signals
  [signals 71/295] BX… 798 bars, 699 signals
  [signals 72/295] T… 798 bars, 760 signals
  [signals 73/295] MRK… 798 bars, 756 signals
  [signals 74/295] MS… 798 bars, 726 signals
  [signals 75/295] CIEN… 798 bars, 752 signals
  [signals 76/295] LMT… 798 bars, 764 signals
  [signals 77/295] OXY… 798 bars, 685 signals
  [signals 78/295] DIS… 798 bars, 760 signals
  [signals 79/295] FCX… 798 bars, 718 signals
  [signals 80/295] TMUS… 798 bars, 770 signals
  [signals 81/295] SMCI… 798 bars, 657 signals
  [signals 82/295] PFE… 798 bars, 789 signals
  [signals 83/295] CMCSA… 798 bars, 783 signals
  [signals 84/295] VLO… 798 bars, 704 signals
  [signals 85/295] TER… 798 bars, 741 signals
  [signals 86/295] COF… 798 bars, 743 signals
  [signals 87/295] TMO… 798 bars, 764 signals
  [signals 88/295] MCD… 798 bars, 754 signals
  [signals 89/295] PEP… 798 bars, 787 signals
  [signals 90/295] SLB… 798 bars, 699 signals
  [signals 91/295] BLK… 798 bars, 766 signals
  [signals 92/295] SNPS… 798 bars, 749 signals
  [signals 93/295] NEE… 798 bars, 737 signals
  [signals 94/295] SPGI… 798 bars, 780 signals
  [signals 95/295] AMGN… 798 bars, 756 signals
  [signals 96/295] ETN… 798 bars, 757 signals
  [signals 97/295] DAL… 798 bars, 720 signals
  [signals 98/295] GILD… 798 bars, 785 signals
  [signals 99/295] HON… 798 bars, 780 signals
  [signals 100/295] ADP… 798 bars, 760 signals
  [signals 101/295] BSX… 798 bars, 759 signals
  [signals 102/295] PYPL… 798 bars, 762 signals
  [signals 103/295] PM… 798 bars, 747 signals
  [signals 104/295] CVNA… 798 bars, 623 signals
  [signals 105/295] UAL… 798 bars, 727 signals
  [signals 106/295] NKE… 798 bars, 760 signals
  [signals 107/295] ANET… 798 bars, 730 signals
  [signals 108/295] DVN… 798 bars, 666 signals
  [signals 109/295] BMY… 798 bars, 769 signals
  [signals 110/295] CF… 798 bars, 725 signals
  [signals 111/295] SCHW… 798 bars, 731 signals
  [signals 112/295] SATS… 798 bars, 748 signals
  [signals 113/295] WBD… 798 bars, 724 signals
  [signals 114/295] PH… 798 bars, 737 signals
  [signals 115/295] EOG… 798 bars, 676 signals
  [signals 116/295] KKR… 798 bars, 716 signals
  [signals 117/295] TGT… 798 bars, 752 signals
  [signals 118/295] RCL… 798 bars, 668 signals
  [signals 119/295] SBUX… 798 bars, 769 signals
  [signals 120/295] DE… 798 bars, 704 signals
  [signals 121/295] FDX… 798 bars, 776 signals
  [signals 122/295] F… 798 bars, 698 signals
  [signals 123/295] CCL… 798 bars, 698 signals
  [signals 124/295] ISRG… 798 bars, 727 signals
  [signals 125/295] VST… 798 bars, 773 signals
  [signals 126/295] DHR… 798 bars, 769 signals
  [signals 127/295] UPS… 798 bars, 770 signals
  [signals 128/295] SYK… 798 bars, 764 signals
  [signals 129/295] WDAY… 798 bars, 728 signals
  [signals 130/295] APO… 798 bars, 740 signals
  [signals 131/295] TJX… 798 bars, 790 signals
  [signals 132/295] UNP… 798 bars, 770 signals
  [signals 133/295] ELV… 798 bars, 760 signals
  [signals 134/295] MPC… 798 bars, 678 signals
  [signals 135/295] MDT… 798 bars, 782 signals
  [signals 136/295] CME… 798 bars, 767 signals
  [signals 137/295] CDNS… 798 bars, 751 signals
  [signals 138/295] FANG… 798 bars, 672 signals
  [signals 139/295] MCK… 798 bars, 740 signals
  [signals 140/295] LYB… 798 bars, 761 signals
  [signals 141/295] WELL… 798 bars, 731 signals
  [signals 142/295] BKR… 798 bars, 759 signals
  [signals 143/295] MMM… 798 bars, 779 signals
  [signals 144/295] VRTX… 798 bars, 737 signals
  [signals 145/295] MO… 798 bars, 754 signals
  [signals 146/295] MCO… 798 bars, 768 signals
  [signals 147/295] LOW… 798 bars, 758 signals
  [signals 148/295] PGR… 798 bars, 758 signals
  [signals 149/295] CRH… 798 bars, 753 signals
  [signals 150/295] PWR… 798 bars, 707 signals
  [signals 151/295] XYZ… 798 bars, 709 signals
  [signals 152/295] PSX… 798 bars, 714 signals
  [signals 153/295] ROST… 798 bars, 777 signals
  [signals 154/295] DASH… 789 bars, 704 signals
  [signals 155/295] EQIX… 798 bars, 744 signals
  [signals 156/295] TTD… 798 bars, 711 signals
  [signals 157/295] HAL… 798 bars, 703 signals
  [signals 158/295] DUK… 798 bars, 777 signals
  [signals 159/295] NOC… 798 bars, 782 signals
  [signals 160/295] GM… 798 bars, 739 signals
  [signals 161/295] CVS… 798 bars, 765 signals
  [signals 162/295] FIX… 798 bars, 705 signals
  [signals 163/295] MDLZ… 798 bars, 746 signals
  [signals 164/295] CB… 798 bars, 777 signals
  [signals 165/295] EXPE… 798 bars, 715 signals
  [signals 166/295] AMT… 798 bars, 764 signals
  [signals 167/295] HCA… 798 bars, 763 signals
  [signals 168/295] CL… 798 bars, 787 signals
  [signals 169/295] HWM… 798 bars, 736 signals
  [signals 170/295] PNC… 798 bars, 771 signals
  [signals 171/295] MPWR… 798 bars, 711 signals
  [signals 172/295] HLT… 798 bars, 750 signals
  [signals 173/295] MCHP… 798 bars, 750 signals
  [signals 174/295] EQT… 798 bars, 732 signals
  [signals 175/295] USB… 798 bars, 761 signals
  [signals 176/295] ADSK… 798 bars, 758 signals
  [signals 177/295] CMG… 798 bars, 735 signals
  [signals 178/295] JCI… 798 bars, 731 signals
  [signals 179/295] TT… 798 bars, 759 signals
  [signals 180/295] ORLY… 798 bars, 735 signals
  [signals 181/295] ICE… 798 bars, 784 signals
  [signals 182/295] SHW… 798 bars, 783 signals
  [signals 183/295] LHX… 798 bars, 770 signals
  [signals 184/295] DDOG… 798 bars, 743 signals
  [signals 185/295] KR… 798 bars, 774 signals
  [signals 186/295] AZO… 798 bars, 743 signals
  [signals 187/295] DOW… 798 bars, 775 signals
  [signals 188/295] WM… 798 bars, 764 signals
  [signals 189/295] ABNB… 788 bars, 715 signals
  [signals 190/295] NRG… 798 bars, 743 signals
  [signals 191/295] SO… 798 bars, 774 signals
  [signals 192/295] NXPI… 798 bars, 759 signals
  [signals 193/295] MRSH… 798 bars, 768 signals
  [signals 194/295] ZTS… 798 bars, 785 signals
  [signals 195/295] ULTA… 798 bars, 744 signals
  [signals 196/295] AEP… 798 bars, 780 signals
  [signals 197/295] CSX… 798 bars, 766 signals
  [signals 198/295] MSI… 798 bars, 756 signals
  [signals 199/295] KEYS… 798 bars, 731 signals
  [signals 200/295] KMB… 798 bars, 769 signals
  [signals 201/295] MAR… 798 bars, 741 signals
  [signals 202/295] FITB… 798 bars, 756 signals
  [signals 203/295] LULU… 798 bars, 731 signals
  [signals 204/295] ROP… 798 bars, 778 signals
  [signals 205/295] MNST… 798 bars, 765 signals
  [signals 206/295] URI… 798 bars, 735 signals
  [signals 207/295] LYV… 798 bars, 753 signals
  [signals 208/295] DG… 798 bars, 768 signals
  [signals 209/295] CMI… 798 bars, 767 signals
  [signals 210/295] CI… 798 bars, 755 signals
  [signals 211/295] AJG… 798 bars, 751 signals
  [signals 212/295] FTNT… 798 bars, 694 signals
  [signals 213/295] NCLH… 798 bars, 696 signals
  [signals 214/295] EA… 798 bars, 768 signals
  [signals 215/295] ARES… 798 bars, 729 signals
  [signals 216/295] AKAM… 798 bars, 771 signals
  [signals 217/295] WMB… 798 bars, 758 signals
  [signals 218/295] TDG… 798 bars, 731 signals
  [signals 219/295] COR… 798 bars, 739 signals
  [signals 220/295] PLD… 798 bars, 729 signals
  [signals 221/295] TEL… 798 bars, 764 signals
  [signals 222/295] CTAS… 798 bars, 753 signals
  [signals 223/295] AXON… 798 bars, 681 signals
  [signals 224/295] KMI… 798 bars, 770 signals
  [signals 225/295] MRNA… 798 bars, 696 signals
  [signals 226/295] ECL… 798 bars, 784 signals
  [signals 227/295] EL… 798 bars, 768 signals
  [signals 228/295] EXC… 798 bars, 772 signals
  [signals 229/295] FICO… 798 bars, 732 signals
  [signals 230/295] REGN… 798 bars, 753 signals
  [signals 231/295] OKE… 798 bars, 738 signals
  [signals 232/295] HBAN… 798 bars, 745 signals
  [signals 233/295] AON… 798 bars, 769 signals
  [signals 234/295] HPE… 798 bars, 730 signals
  [signals 235/295] GD… 798 bars, 761 signals
  [signals 236/295] TRV… 798 bars, 765 signals
  [signals 237/295] EBAY… 798 bars, 774 signals
  [signals 238/295] ODFL… 798 bars, 748 signals
  [signals 239/295] EXE… 747 bars, 708 signals
  [signals 240/295] TFC… 798 bars, 758 signals
  [signals 241/295] ON… 798 bars, 704 signals
  [signals 242/295] PCG… 798 bars, 780 signals
  [signals 243/295] LUV… 798 bars, 719 signals
  [signals 244/295] BDX… 798 bars, 776 signals
  [signals 245/295] O… 798 bars, 765 signals
  [signals 246/295] PAYX… 798 bars, 773 signals
  [signals 247/295] CTSH… 798 bars, 781 signals
  [signals 248/295] CAH… 798 bars, 725 signals
  [signals 249/295] RF… 798 bars, 738 signals
  [signals 250/295] APD… 798 bars, 754 signals
  [signals 251/295] TTWO… 798 bars, 763 signals
  [signals 252/295] VMC… 798 bars, 754 signals
  [signals 253/295] BK… 798 bars, 774 signals
  [signals 254/295] GIS… 798 bars, 764 signals
  [signals 255/295] EMR… 798 bars, 756 signals
  [signals 256/295] DPZ… 798 bars, 773 signals
  [signals 257/295] CTRA… 798 bars, 750 signals
  [signals 258/295] KHC… 798 bars, 748 signals
  [signals 259/295] VRSK… 798 bars, 769 signals
  [signals 260/295] PSA… 798 bars, 727 signals
  [signals 261/295] DHI… 798 bars, 715 signals
  [signals 262/295] OMC… 798 bars, 768 signals
  [signals 263/295] FSLR… 798 bars, 686 signals
  [signals 264/295] TRGP… 798 bars, 721 signals
  [signals 265/295] CARR… 798 bars, 759 signals
  [signals 266/295] NSC… 798 bars, 763 signals
  [signals 267/295] EW… 798 bars, 771 signals
  [signals 268/295] ROK… 798 bars, 758 signals
  [signals 269/295] FISV… 798 bars, 743 signals
  [signals 270/295] FAST… 798 bars, 757 signals
  [signals 271/295] MLM… 798 bars, 748 signals
  [signals 272/295] HSY… 798 bars, 781 signals
  [signals 273/295] ITW… 798 bars, 754 signals
  [signals 274/295] XEL… 798 bars, 786 signals
  [signals 275/295] APA… 798 bars, 681 signals
  [signals 276/295] WAT… 798 bars, 768 signals
  [signals 277/295] JBL… 798 bars, 718 signals
  [signals 278/295] PCAR… 798 bars, 737 signals
  [signals 279/295] ALB… 798 bars, 693 signals
  [signals 280/295] AIG… 798 bars, 751 signals
  [signals 281/295] BBY… 798 bars, 745 signals
  [signals 282/295] HPQ… 798 bars, 744 signals
  [signals 283/295] DLTR… 798 bars, 718 signals
  [signals 284/295] DLR… 798 bars, 786 signals
  [signals 285/295] AME… 798 bars, 745 signals
  [signals 286/295] IBKR… 798 bars, 729 signals
  [signals 287/295] DRI… 798 bars, 767 signals
  [signals 288/295] SPG… 798 bars, 712 signals
  [signals 289/295] OTIS… 798 bars, 772 signals
  [signals 290/295] SRE… 798 bars, 765 signals
  [signals 291/295] MOS… 798 bars, 711 signals
  [signals 292/295] CTVA… 798 bars, 754 signals
  [signals 293/295] KEY… 798 bars, 745 signals
  [signals 294/295] CPRT… 798 bars, 773 signals
  [signals 295/295] IQV… 798 bars, 763 signals

[WARN] Excluding tickers with insufficient history (<252 days before start_date): CEG, HOOD

Phase 2: Detecting market regimes (SPY + VIX)…
  Regimes: {'Bull': 272, 'Sideways': 45, 'Crisis': 48, 'Bear': 156}

Phase 3: Running day-by-day portfolio simulation…
Phase 4: Computing metrics…


Trade-level diagnostics:
  Avg P&L per long trade    : -52.72
  Avg P&L per short trade   :  nan
  Avg transaction cost / |P&L|:  75.93%
  Fraction of trades that are shorts:  0.00%
  P&L contribution:
    Longs  : -38328.72
    Shorts :  0.00
    Costs  : -25157.57  (negative = drag)

Sharpe by regime (daily equity):
  Bull    : -2.00
  Bear    : -2.32
  Sideways: -4.67
  Crisis  : -4.13
  Overall: -1.89
  CAPM (vs SPY):
    Portfolio Beta     : 0.218
    Portfolio Alpha    : -22.24% (ann.)
    Treynor Ratio      : -1.179
    Information Ratio : -1.201

  Position Sizing Comparison:
    Equal-weight Sharpe  : -0.483
    Kelly (half) Sharpe  : -0.621
    Kelly win_rate used  : 46.0%
    Kelly fraction       : 0.5
    Kelly avg position   : 7.5% of equity

  Saved → output/research/cost_sensitivity.csv
  Experiment snapshot → output/experiments/20260331_142821

=================================================================
  OUTPUTS PRODUCED
=================================================================
  Result    : 725 trades  |  Sharpe -0.340  |  Return -22.96%

  → output/backtests/latest_summary.txt
  → output/experiments/20260331_142821
  → output/backtests/trades.csv
  → output/backtests/daily_equity.csv
  → output/backtests/equity_curve.png
  → output/backtests/regime_returns.png
  → output/backtests/position_count.png
=================================================================
  Backtest complete.
=================================================================
