{
  "active_features": [
    "f_trend",
    "ret_5d",
    "ret_10d",
    "sector_relative_20d",
    "sector_relative_60d",
    "ma_crossover",
    "cs_momentum_percentile",
    "rolling_vol_5",
    "rolling_vol_10",
    "rolling_vol_20",
    "rolling_vol_60",
    "vol_of_vol_20",
    "jump_indicator",
    "relative_volume",
    "volume_zscore",
    "rolling_corr_market_20",
    "is_high_vol_regime",
    "vix_zscore",
    "vol_spike",
    "vix_term_zscore",
    "rsi_zscore",
    "bb_position",
    "dist_high",
    "dist_low",
    "overnight_gap",
    "intraday_rev"
  ],
  "scaler_mean": [
    0.3540770296232699,
    3.6832258326549695e-05,
    4.081870169305179e-05,
    -4.7612215954333535e-05,
    -0.00016144986930673145,
    0.3993117567626432,
    0.5101210411419871,
    0.010435929542627643,
    0.007291267736810798,
    3.781049232307227e-05,
    -2.708214896502538e-18,
    0.046515020072463276,
    0.05565477486895791,
    0.0013435608549978186,
    0.00010605396456915671,
    0.603791674224416,
    0.1245008784539211,
    0.0040364668533636626,
    -0.017009386842662098,
    -0.024376278018517647,
    0.0001064073789679386,
    4.410939188327371e-05,
    3.121024674866043e-06,
    4.644240863263751e-05,
    -5.102139885350743e-05,
    4.8854081010749646e-05
  ],
  "scaler_scale": [
    0.6430585535767097,
    1.000077921175986,
    1.0000917774361555,
    0.9898172048712442,
    0.9897881994656944,
    0.9168152054318972,
    0.2886187830275738,
    1.1107365917015015,
    1.1561577935979075,
    0.9998948340845224,
    0.9998475294313788,
    1.22384146761888,
    0.2292538350894997,
    0.9961610664319817,
    0.9999678781655437,
    0.26609463943509326,
    0.33015210088400626,
    0.38871104920163746,
    0.4112263060456962,
    1.0931391964320578,
    0.9897557783744709,
    0.9897973623086125,
    0.9898221056754689,
    0.9896396328355148,
    0.9896325954932029,
    0.9896444406593059
  ]
}