{
  "active_features": [
    "f_trend",
    "ret_5d",
    "ret_10d",
    "sector_relative_strength",
    "cs_momentum_percentile",
    "rolling_vol_5",
    "rolling_vol_10",
    "rolling_vol_20",
    "rolling_vol_60",
    "vol_of_vol_20",
    "jump_indicator",
    "relative_volume",
    "volume_zscore",
    "rolling_corr_market_20",
    "is_high_vol_regime",
    "vix_zscore",
    "vol_spike"
  ],
  "scaler_mean": [
    0.35405541547516856,
    0.003562952314965751,
    0.007060388330749905,
    0.0020712203645823148,
    0.5102177848917345,
    0.010359535497560518,
    0.007261565222045874,
    0.004595456603805213,
    -0.006431121176269206,
    0.04670687740667216,
    0.05564996368917938,
    0.0013247938385331846,
    0.0022125422037164427,
    0.6037938832416498,
    0.12453885257806827,
    -0.11369176394496111,
    0.9119439739580971
  ],
  "scaler_scale": [
    0.6431535684309535,
    0.03928862207027666,
    0.05509635308024927,
    0.05539824393820734,
    0.2886019781908105,
    1.1107593428963085,
    1.1562633876592667,
    1.2183091183556582,
    1.3757738396700134,
    1.2239649024390822,
    0.2292445097064974,
    0.9962302483618174,
    1.0521077609481482,
    0.2661171288221927,
    0.3301952858182661,
    1.2601320963447562,
    0.46921577424947214
  ]
}