{
  "active_features": [
    "f_trend",
    "ret_5d",
    "ret_10d",
    "sector_relative_20d",
    "sector_relative_60d",
    "ma_crossover",
    "cs_momentum_percentile",
    "rolling_vol_5",
    "rolling_vol_10",
    "rolling_vol_20",
    "rolling_vol_60",
    "vol_of_vol_20",
    "vol_rank",
    "jump_indicator",
    "relative_volume",
    "volume_zscore",
    "rolling_corr_market_20",
    "is_high_vol_regime",
    "vix_zscore",
    "vol_spike",
    "vix_term_zscore",
    "rsi_zscore",
    "bb_position",
    "dist_high",
    "dist_low",
    "overnight_gap",
    "intraday_rev"
  ],
  "scaler_mean": [
    0.3310025341818697,
    -0.0001609286262508155,
    -0.00020916303335839024,
    -0.00014064762650125228,
    -0.00019395555335981193,
    0.34209114316828393,
    0.5018967244029541,
    0.02090171015017275,
    0.02393803181044398,
    2.7092838377492318e-05,
    9.625209430462915e-19,
    0.059761831458331444,
    0.5015569437319625,
    0.055993751779271864,
    0.0018668322583559034,
    -7.59643169449391e-05,
    0.4987193166680993,
    0.12109208399962325,
    -0.004314701204031287,
    -0.005006831345663974,
    -0.0009440864864889222,
    1.9393109970848612e-05,
    1.000390646362455e-05,
    0.0004949804472086073,
    -0.0006638565257417653,
    -8.580486761002444e-05,
    -2.3275442574704915e-05
  ],
  "scaler_scale": [
    0.6776651030240696,
    0.998683174442998,
    0.9986687492234021,
    0.997139721369197,
    0.9970253013766534,
    0.939666775918898,
    0.28869419712507194,
    1.102012845592984,
    1.14664922094059,
    0.9993142658268178,
    0.9995517082099244,
    1.2148085123520342,
    0.28856881093986636,
    0.229909659520763,
    0.9930627828275546,
    0.9998881280209989,
    0.2743282720235637,
    0.32623425815240714,
    0.7651653260224954,
    0.7550641682487398,
    1.1026028529529925,
    0.9979606890886004,
    0.9980290874511759,
    0.9972493497454512,
    0.996563607164469,
    0.9974238060848457,
    0.996837377317382
  ]
}