{
  "active_features": [
    "f_trend",
    "ret_5d",
    "ret_10d",
    "sector_relative_strength",
    "cs_momentum_percentile",
    "rolling_vol_5",
    "rolling_vol_10",
    "rolling_vol_20",
    "rolling_vol_60",
    "vol_of_vol_20",
    "jump_indicator",
    "relative_volume",
    "volume_zscore",
    "rolling_corr_market_20",
    "is_high_vol_regime"
  ],
  "scaler_mean": [
    0.4274784774428382,
    0.004981132298846841,
    0.009865605694479904,
    0.0022976855040538775,
    0.5253783384143559,
    0.009729596344448197,
    0.005864234599207036,
    0.0044606379273614905,
    -0.005039664576583089,
    0.03250392236861615,
    0.05575129155333248,
    -0.000758044806939311,
    0.007513778477142324,
    0.6553441719608024,
    0.12466456123697037
  ],
  "scaler_scale": [
    0.6809647146823761,
    0.045838752125281906,
    0.06434662772503626,
    0.06687237696467901,
    0.2883694177729597,
    1.1094607653590138,
    1.155069564842949,
    1.214298394552367,
    1.3802419106887247,
    1.206820496109364,
    0.22944080945522266,
    0.9901889030323195,
    1.0673023597437281,
    0.2546630309545618,
    0.3303381727995783
  ]
}