{
  "active_features": [
    "f_trend",
    "ret_5d",
    "ret_10d",
    "sector_relative_20d",
    "sector_relative_60d",
    "ma_crossover",
    "cs_momentum_percentile",
    "rolling_vol_5",
    "rolling_vol_10",
    "rolling_vol_20",
    "rolling_vol_60",
    "vol_of_vol_20",
    "vol_rank",
    "jump_indicator",
    "relative_volume",
    "volume_zscore",
    "rolling_corr_market_20",
    "is_high_vol_regime",
    "vix_zscore",
    "vol_spike",
    "vix_term_zscore",
    "rsi_zscore",
    "bb_position",
    "dist_high",
    "dist_low",
    "overnight_gap",
    "intraday_rev"
  ],
  "scaler_mean": [
    0.22273315256502063,
    5.231061596338438e-05,
    -4.7086022422457496e-05,
    -0.00017640426847745534,
    -0.00019382011057345435,
    0.17259794092760322,
    0.5034638317866383,
    0.05105985319777398,
    0.06261057179279021,
    -0.0003923766579631411,
    -2.9944282626055737e-18,
    0.08354881666514902,
    0.5032680133858005,
    0.05614873785512743,
    0.002817886236634101,
    -8.08843584186474e-05,
    0.4621278819397798,
    0.142297903723385,
    -0.013535962761569978,
    0.0016560626539836578,
    0.04451451692546936,
    4.7462123780920444e-05,
    -1.3983261739641347e-05,
    0.0006050238463064672,
    -0.0004855955144446608,
    -6.248241869947345e-05,
    7.21955013926304e-05
  ],
  "scaler_scale": [
    0.700787827547727,
    0.9985088437259008,
    0.9986096663288784,
    0.9952085875375907,
    0.994784215210049,
    0.9849923607762405,
    0.28871333600740756,
    1.1349955244171086,
    1.184530300967073,
    0.9993825971969673,
    0.9996542373112876,
    1.2513456376799403,
    0.28851426925286044,
    0.23020872505707426,
    0.9965272446441532,
    0.9999232542463707,
    0.2928909935502348,
    0.34935542119640167,
    0.27106347758159516,
    0.2774163636104351,
    1.1386862949364327,
    0.9960829662687133,
    0.9962807496960271,
    0.995044012963536,
    0.9953624663807723,
    0.9957180942558167,
    0.9953824756037216
  ]
}