{
  "n_dates": 301,
  "factor_correlations_before": {
    "sector_Financials": 0.030322101596336637,
    "sector_Technology": -0.050930057472612394,
    "size_factor": -0.04253319972152204,
    "sector_Consumer Staples": -0.03742148695443848,
    "market_beta": 0.010137558136730252,
    "sector_Energy": 0.0589322063338608,
    "sector_Healthcare": 0.029571557401654444
  },
  "factor_correlations_after": {
    "sector_Financials": 1.5365926607223259e-16,
    "sector_Technology": -2.8987977822626423e-16,
    "size_factor": -5.586489192874264e-17,
    "sector_Consumer Staples": 3.270023310930766e-17,
    "market_beta": -9.749141286502717e-17,
    "sector_Energy": -2.6244530254309574e-18,
    "sector_Healthcare": 1.8837953917706356e-16
  },
  "signal_ic_after_neutralization": 0.0007875102059620533
}