date,factor,corr_before,corr_after
2013-01-08 00:00:00,market_beta,-0.19431042396851875,4.0701001189329805e-16
2013-01-08 00:00:00,sector_Consumer Discretionary,0.10872394384579707,-4.7802934765875984e-17
2013-01-08 00:00:00,sector_Consumer Staples,0.11624053960894047,-4.1924761589430076e-17
2013-01-08 00:00:00,sector_Energy,0.041989858832171705,-2.094163120857204e-16
2013-01-08 00:00:00,sector_Financials,-0.1858077393528888,5.602390660781585e-17
2013-01-08 00:00:00,sector_Healthcare,0.04711207628248425,-1.1856222096072657e-16
2013-01-08 00:00:00,sector_Industrials,0.047262992730233135,3.485535901609712e-17
2013-01-08 00:00:00,sector_Other,-0.09693008970008529,1.330122610342235e-16
2013-01-08 00:00:00,sector_Technology,0.10192599762497026,8.729373297580653e-18
2013-01-08 00:00:00,sector_Utilities,0.010370610538151718,-6.277392214876645e-17
2013-01-08 00:00:00,size_factor,0.12151100789927897,-2.0193405243281047e-16
2013-01-08 00:00:00,smb_beta,-0.3300343349723826,7.628535509392507e-16
2013-01-08 00:00:00,rmw_beta,0.12448079620111288,3.226705899695421e-17
2013-01-15 00:00:00,market_beta,0.09066207908892646,1.2597076802624824e-16
2013-01-15 00:00:00,sector_Consumer Discretionary,0.11581166821030403,7.39314735743822e-17
2013-01-15 00:00:00,sector_Consumer Staples,0.11932948228751722,-1.1966229901964207e-17
2013-01-15 00:00:00,sector_Energy,0.06372179666201624,1.241762060040722e-17
2013-01-15 00:00:00,sector_Financials,-0.053831805367709866,6.971518559899781e-17
2013-01-15 00:00:00,sector_Healthcare,-0.14321370689528032,-3.020991375956572e-16
2013-01-15 00:00:00,sector_Industrials,-0.04217045374273834,3.381811306257193e-17
2013-01-15 00:00:00,sector_Other,-0.05955135514102632,-5.59125442922205e-17
2013-01-15 00:00:00,sector_Technology,0.11056704608244468,1.7600693377692728e-16
2013-01-15 00:00:00,sector_Utilities,0.013961960120118489,-2.683917080048482e-17
2013-01-15 00:00:00,size_factor,-0.00207704699272681,-2.1853634529446246e-16
2013-01-15 00:00:00,smb_beta,-0.012852312466822217,1.4895989741954928e-16
2013-01-15 00:00:00,rmw_beta,-0.05874410959143526,4.63186825417796e-17
2013-01-23 00:00:00,market_beta,0.026675279859971864,2.214026629152203e-16
2013-01-23 00:00:00,sector_Consumer Discretionary,3.2124312584101926e-05,-1.754866808600565e-19
2013-01-23 00:00:00,sector_Consumer Staples,-0.026301841386013467,1.0404877053121809e-16
2013-01-23 00:00:00,sector_Energy,-0.04222018205316843,1.6257887063008748e-17
2013-01-23 00:00:00,sector_Financials,0.05336973434321077,8.97346666871145e-17
2013-01-23 00:00:00,sector_Healthcare,-0.031209659757437783,1.3883476732723378e-16
2013-01-23 00:00:00,sector_Industrials,-0.05524639735804883,9.080073783334488e-17
2013-01-23 00:00:00,sector_Other,0.01759120494761939,-1.991410275269723e-16
2013-01-23 00:00:00,sector_Technology,0.043117029759633364,-1.3234024443043505e-17
2013-01-23 00:00:00,sector_Utilities,-0.05331212654053806,-3.304565494148883e-17
2013-01-23 00:00:00,size_factor,-0.05007532880729965,3.868174975472424e-17
2013-01-23 00:00:00,smb_beta,0.034422081171526155,1.3577134585100331e-18
2013-01-23 00:00:00,rmw_beta,0.04337839134644493,-3.8632128429800057e-16
2013-01-30 00:00:00,market_beta,0.1911666487533169,-1.2900508316120807e-16
2013-01-30 00:00:00,sector_Consumer Discretionary,-0.03269317223911734,-1.4979493189216045e-16
2013-01-30 00:00:00,sector_Consumer Staples,-0.021941496242031587,9.118576111609303e-17
2013-01-30 00:00:00,sector_Energy,-0.07455705270819946,3.5764385273459133e-16
2013-01-30 00:00:00,sector_Financials,0.15433824482074415,-3.2296005184566223e-16
2013-01-30 00:00:00,sector_Healthcare,-0.04047191196432268,-1.911396225209021e-16
2013-01-30 00:00:00,sector_Industrials,-0.009178470120772135,3.3378387830238616e-17
2013-01-30 00:00:00,sector_Other,-0.011180377279269321,1.7828324279816045e-16
2013-01-30 00:00:00,sector_Technology,0.0024502519562740474,8.430243016161863e-17
2013-01-30 00:00:00,sector_Utilities,0.024139021427092313,-5.84736258556588e-17
2013-01-30 00:00:00,size_factor,-0.04473209496801698,-4.1038652297755434e-16
2013-01-30 00:00:00,smb_beta,0.051955744000411606,1.942966661754623e-16
2013-01-30 00:00:00,rmw_beta,-0.17072922625603745,2.343688852748124e-16
2013-02-06 00:00:00,market_beta,0.13285874875233755,-5.8462588337633424e-18
2013-02-06 00:00:00,sector_Consumer Discretionary,0.04451467370113555,-2.4830855830076304e-16
2013-02-06 00:00:00,sector_Consumer Staples,-0.0092945247141135,-5.233098390492356e-16
2013-02-06 00:00:00,sector_Energy,0.009320367261921928,-1.9427431564530603e-16
2013-02-06 00:00:00,sector_Financials,0.10209707835373669,3.418174364076672e-16
2013-02-06 00:00:00,sector_Healthcare,-0.001132972059584288,2.721772116726586e-16
2013-02-06 00:00:00,sector_Industrials,-0.02925560187411719,1.580335387374341e-16
2013-02-06 00:00:00,sector_Other,-0.06767738507536625,1.0731768325487178e-16
2013-02-06 00:00:00,sector_Technology,0.04871221988177737,-2.488298139824626e-16
2013-02-06 00:00:00,sector_Utilities,0.003417859803918147,-9.958928613718386e-17
2013-02-06 00:00:00,size_factor,0.016591239275970605,-3.306675405054674e-16
2013-02-06 00:00:00,smb_beta,0.08910373848991951,2.2472489070707495e-16
2013-02-06 00:00:00,rmw_beta,-0.10987954577335651,-6.080499705293203e-16
2013-02-13 00:00:00,market_beta,0.12214484698873485,-1.4357273327071297e-16
2013-02-13 00:00:00,sector_Consumer Discretionary,0.06301776812260965,2.0510426800713429e-16
2013-02-13 00:00:00,sector_Consumer Staples,-0.05531830230504451,7.105609112403353e-18
2013-02-13 00:00:00,sector_Energy,0.020189035634950506,-7.597407175396493e-17
2013-02-13 00:00:00,sector_Financials,0.08958339243452171,-3.647124253425465e-17
2013-02-13 00:00:00,sector_Healthcare,0.03434887549298282,-5.64213239205136e-17
2013-02-13 00:00:00,sector_Industrials,0.026469896669768643,-3.2903244064000337e-17
2013-02-13 00:00:00,sector_Other,-0.1072978606399695,1.6758472943922436e-16
2013-02-13 00:00:00,sector_Technology,0.0542616378733908,-4.15064278110457e-16
2013-02-13 00:00:00,sector_Utilities,0.006332366027060953,4.3732574362112715e-17
2013-02-13 00:00:00,size_factor,-0.044639692620883804,5.576540341554697e-17
2013-02-13 00:00:00,smb_beta,0.20639430675277579,-1.1842381642179111e-16
2013-02-13 00:00:00,rmw_beta,-0.156444393056313,-7.837252302488015e-17
2013-02-21 00:00:00,market_beta,0.15045504727138223,2.354045786314344e-16
2013-02-21 00:00:00,sector_Consumer Discretionary,0.12299794511825718,8.618205167927624e-17
2013-02-21 00:00:00,sector_Consumer Staples,-0.027232244355483284,3.5819711245645154e-17
2013-02-21 00:00:00,sector_Energy,0.03911751861593291,-1.2683200879357526e-17
2013-02-21 00:00:00,sector_Financials,0.08350136107681677,-6.019374647407764e-17
2013-02-21 00:00:00,sector_Healthcare,0.017587464029234792,2.6362224733172687e-19
2013-02-21 00:00:00,sector_Industrials,0.04185187583860471,3.943997143999811e-16
2013-02-21 00:00:00,sector_Other,-0.12318210916211518,-2.4877566362617266e-16
2013-02-21 00:00:00,sector_Technology,0.04186427272867616,1.0324570884428116e-16
2013-02-21 00:00:00,sector_Utilities,-0.02228839708750955,-8.213467855686051e-17
2013-02-21 00:00:00,size_factor,0.005374547776209411,7.063907445747497e-16
2013-02-21 00:00:00,smb_beta,-0.0422503346997958,-1.3966736000527353e-16
2013-02-21 00:00:00,rmw_beta,-0.08285312690349422,-5.525092279905871e-16
2013-02-28 00:00:00,market_beta,0.17067198655771645,2.69098723427058e-18
2013-02-28 00:00:00,sector_Consumer Discretionary,0.07015578740454008,-1.5425719480217972e-16
2013-02-28 00:00:00,sector_Consumer Staples,-0.06568859023430644,3.6127954249890444e-17
2013-02-28 00:00:00,sector_Energy,0.022685474197595534,4.17219393128639e-16
2013-02-28 00:00:00,sector_Financials,0.0995868846727534,-1.4818981850059638e-16
2013-02-28 00:00:00,sector_Healthcare,0.07289717418351689,-1.323406400513347e-16
2013-02-28 00:00:00,sector_Industrials,0.0014545714958286303,5.227942449288826e-18
2013-02-28 00:00:00,sector_Other,-0.09647041251120841,2.976210347241422e-16
2013-02-28 00:00:00,sector_Technology,0.029277677060427647,-3.454228232215056e-16
2013-02-28 00:00:00,sector_Utilities,-0.04296231544464279,-5.615271984179467e-17
2013-02-28 00:00:00,size_factor,0.054472610545993234,1.2883950331034046e-17
2013-02-28 00:00:00,smb_beta,-0.05388543976823691,-1.73141533879329e-16
2013-02-28 00:00:00,rmw_beta,-0.17088885276630625,-2.029353631992955e-17
2013-03-07 00:00:00,market_beta,0.3912200717497115,3.008677655014274e-16
2013-03-07 00:00:00,sector_Consumer Discretionary,0.0652820780752582,-6.508075953937226e-16
2013-03-07 00:00:00,sector_Consumer Staples,-0.14597895926809093,-7.381863674689749e-16
2013-03-07 00:00:00,sector_Energy,0.013802462763854748,-3.8429275894212103e-16
2013-03-07 00:00:00,sector_Financials,0.12774037771225455,-3.886070288697896e-16
2013-03-07 00:00:00,sector_Healthcare,-0.083024028751628,-7.350058036675795e-16
2013-03-07 00:00:00,sector_Industrials,0.0008093329792495819,-4.011425807458442e-16
2013-03-07 00:00:00,sector_Other,0.03623000716087128,1.943695218608451e-15
2013-03-07 00:00:00,sector_Technology,-0.016676317917874096,-1.238968626498863e-15
2013-03-07 00:00:00,sector_Utilities,-0.14366443102098975,-1.670531200111503e-16
2013-03-07 00:00:00,size_factor,-0.061282462194848564,-1.1998721049850587e-15
2013-03-07 00:00:00,smb_beta,0.2540902158318922,1.1423530475946294e-16
2013-03-07 00:00:00,rmw_beta,-0.33399403453237314,-3.921714687280866e-16
2013-03-14 00:00:00,market_beta,0.2454503918351618,6.33345105344826e-17
2013-03-14 00:00:00,sector_Consumer Discretionary,0.008896223093956544,-2.06643040928748e-16
2013-03-14 00:00:00,sector_Consumer Staples,-0.07955360654090059,-2.988233934498037e-17
2013-03-14 00:00:00,sector_Energy,-0.003450705381749087,1.1819646205360987e-16
2013-03-14 00:00:00,sector_Financials,0.09986070876441079,-2.7810736141953723e-16
2013-03-14 00:00:00,sector_Healthcare,-0.04478404329924304,-2.91726419741696e-16
2013-03-14 00:00:00,sector_Industrials,0.01888770137318514,-1.8899526935169395e-16
2013-03-14 00:00:00,sector_Other,0.016250417377929448,5.475994659756103e-16
2013-03-14 00:00:00,sector_Technology,-0.021616961742557502,-1.9349856619667707e-16
2013-03-14 00:00:00,sector_Utilities,0.006239311509603607,-1.013552821995877e-16
2013-03-14 00:00:00,size_factor,-0.044452688019384574,-1.1726151957393813e-16
2013-03-14 00:00:00,smb_beta,0.0890689200946693,-4.6741828611476943e-17
2013-03-14 00:00:00,rmw_beta,-0.2653744506999494,3.429940275656855e-16
2013-03-21 00:00:00,market_beta,0.11970498722398201,-2.8340475456692933e-16
2013-03-21 00:00:00,sector_Consumer Discretionary,0.08269870348325802,-2.5987945511042746e-16
2013-03-21 00:00:00,sector_Consumer Staples,-0.06990521837245699,-4.925880860557042e-18
2013-03-21 00:00:00,sector_Energy,-0.07359663094731832,5.715053648702256e-17
2013-03-21 00:00:00,sector_Financials,-0.04678434527939593,-2.0817274867916867e-17
2013-03-21 00:00:00,sector_Healthcare,-0.02570905065069412,8.571819063259885e-18
2013-03-21 00:00:00,sector_Industrials,0.010158767992069332,-1.0434687466225344e-16
2013-03-21 00:00:00,sector_Other,0.07665143761829052,3.0290257006136197e-16
2013-03-21 00:00:00,sector_Technology,-0.046152614764510956,-2.8508429107563044e-16
2013-03-21 00:00:00,sector_Utilities,-0.0901275721867059,4.431861831906334e-17
2013-03-21 00:00:00,size_factor,-0.11161062149203539,-1.0827812235880314e-16
2013-03-21 00:00:00,smb_beta,0.19172843204285628,1.5527355950780188e-16
2013-03-21 00:00:00,rmw_beta,-0.0780811842108732,3.853031738939132e-16
2013-03-28 00:00:00,market_beta,0.19853473612844244,2.550461992950476e-16
2013-03-28 00:00:00,sector_Consumer Discretionary,0.038973592048499844,1.2775926590198954e-16
2013-03-28 00:00:00,sector_Consumer Staples,-0.011335779973247903,-7.512497468850876e-17
2013-03-28 00:00:00,sector_Energy,-0.01318408278232567,-5.476367201934447e-16
2013-03-28 00:00:00,sector_Financials,0.016829284679827333,1.6307831761117881e-16
2013-03-28 00:00:00,sector_Healthcare,-0.0968615804946794,-2.384478468138913e-16
2013-03-28 00:00:00,sector_Industrials,0.031809270513841574,5.4757915936533196e-17
2013-03-28 00:00:00,sector_Other,0.04491858736566152,2.886448762091906e-16
2013-03-28 00:00:00,sector_Technology,-0.013811790442630532,-3.1167724324176534e-16
2013-03-28 00:00:00,sector_Utilities,-0.10690675576273034,-2.5631287258618364e-16
2013-03-28 00:00:00,size_factor,-0.05937728815715593,-1.3787660061390236e-16
2013-03-28 00:00:00,smb_beta,0.13742017461005482,7.445891943258707e-17
2013-03-28 00:00:00,rmw_beta,-0.2481445016293154,-3.918586376655506e-16
2013-04-05 00:00:00,market_beta,0.41941088593980763,1.0710810387821673e-16
2013-04-05 00:00:00,sector_Consumer Discretionary,0.0879123744086825,-9.567342617443542e-17
2013-04-05 00:00:00,sector_Consumer Staples,-0.11870872359478005,4.4444153672254774e-17
2013-04-05 00:00:00,sector_Energy,-0.03443596183926544,-3.778077348940106e-17
2013-04-05 00:00:00,sector_Financials,0.07494859625829742,8.178336518762041e-17
2013-04-05 00:00:00,sector_Healthcare,-0.2242405081350509,5.0078800709600154e-17
2013-04-05 00:00:00,sector_Industrials,0.0325679749816713,-1.2016058811749582e-16
2013-04-05 00:00:00,sector_Other,0.10885981029981204,-2.3352784577208714e-17
2013-04-05 00:00:00,sector_Technology,-0.023408655832580266,3.982599058865902e-17
2013-04-05 00:00:00,sector_Utilities,-0.12460296969551249,2.0218058853939527e-17
2013-04-05 00:00:00,size_factor,-0.1163729628693365,1.9936453743921617e-16
2013-04-05 00:00:00,smb_beta,0.2805382856957782,1.30298483411193e-16
2013-04-05 00:00:00,rmw_beta,-0.3013000777550656,-2.1606496248901876e-16
2013-04-12 00:00:00,market_beta,0.34528043337882136,1.0755400016066014e-17
2013-04-12 00:00:00,sector_Consumer Discretionary,0.0690826518246297,-1.50536084822989e-16
2013-04-12 00:00:00,sector_Consumer Staples,-0.03839372851825696,1.3696715312280017e-16
2013-04-12 00:00:00,sector_Energy,0.029702493351337535,2.797741278337453e-16
2013-04-12 00:00:00,sector_Financials,0.09045617246054606,2.638413025245752e-16
2013-04-12 00:00:00,sector_Healthcare,-0.21501047431437825,2.1220263781028524e-16
2013-04-12 00:00:00,sector_Industrials,0.052532899155723754,1.280455410078234e-16
2013-04-12 00:00:00,sector_Other,0.062447763092507914,-2.2334811038652367e-16
2013-04-12 00:00:00,sector_Technology,-0.029193646115016923,-8.838047058725943e-17
2013-04-12 00:00:00,sector_Utilities,-0.08917268241005138,-1.175281396131222e-16
2013-04-12 00:00:00,size_factor,-0.1032771194703917,4.756640928835493e-16
2013-04-12 00:00:00,smb_beta,0.3331861146426913,1.8969294855247926e-17
2013-04-12 00:00:00,rmw_beta,-0.18378393707810214,-1.3137749507970745e-16
2013-04-19 00:00:00,market_beta,0.2923486287642206,4.23886257617881e-15
2013-04-19 00:00:00,sector_Consumer Discretionary,-0.07215529112152017,-2.1433163454225843e-16
2013-04-19 00:00:00,sector_Consumer Staples,-0.07643434583633268,-7.321026915934858e-16
2013-04-19 00:00:00,sector_Energy,-0.023700379886247,-2.9916447834457115e-16
2013-04-19 00:00:00,sector_Financials,0.017616172807830347,5.934996621331088e-16
2013-04-19 00:00:00,sector_Healthcare,-0.1632381662988005,-6.94552971822863e-16
2013-04-19 00:00:00,sector_Industrials,0.05460574679987394,-4.209467690227663e-16
2013-04-19 00:00:00,sector_Other,0.09146429245036407,8.036707978001023e-16
2013-04-19 00:00:00,sector_Technology,0.05530347677229371,-2.911388787550073e-16
2013-04-19 00:00:00,sector_Utilities,-0.02323452625466087,-1.3232679510512304e-16
2013-04-19 00:00:00,size_factor,-0.23461336672291452,-1.0858917605524908e-15
2013-04-19 00:00:00,smb_beta,0.43666521941692826,3.652362531932644e-15
2013-04-19 00:00:00,rmw_beta,-0.15413666956491998,-4.583749857624316e-15
2013-04-26 00:00:00,market_beta,0.1735824180401119,2.1941158870385734e-15
2013-04-26 00:00:00,sector_Consumer Discretionary,-0.028613320942985198,-6.75592026587993e-17
2013-04-26 00:00:00,sector_Consumer Staples,0.012277360374997609,1.8096113016296994e-16
2013-04-26 00:00:00,sector_Energy,-0.05443616258540371,-5.107219895369635e-17
2013-04-26 00:00:00,sector_Financials,0.029655436351260948,2.1893134875240856e-16
2013-04-26 00:00:00,sector_Healthcare,0.020055679478677976,9.230438904781913e-17
2013-04-26 00:00:00,sector_Industrials,-0.0214444895325229,-2.042021872284305e-16
2013-04-26 00:00:00,sector_Other,0.06647404641193273,4.81540062911468e-16
2013-04-26 00:00:00,sector_Technology,-0.08322136016945712,-8.840590859041956e-16
2013-04-26 00:00:00,sector_Utilities,0.0160663559708095,-2.9703278232050053e-16
2013-04-26 00:00:00,size_factor,-0.25213847616739576,-1.9992242937031205e-16
2013-04-26 00:00:00,smb_beta,0.19572704795860144,1.9599628650898156e-15
2013-04-26 00:00:00,rmw_beta,-0.09035107568899978,-2.134314445552512e-15
2013-05-03 00:00:00,market_beta,0.1869897014529051,7.56618485318811e-17
2013-05-03 00:00:00,sector_Consumer Discretionary,-0.051820481917306045,1.5225005482895595e-16
2013-05-03 00:00:00,sector_Consumer Staples,-0.00972961970651566,-3.0208001255510545e-16
2013-05-03 00:00:00,sector_Energy,-0.07227599128238608,-3.3243875020118e-16
2013-05-03 00:00:00,sector_Financials,0.08333568876798862,-1.9316231532268357e-16
2013-05-03 00:00:00,sector_Healthcare,0.04661241640199803,-6.886656459330457e-17
2013-05-03 00:00:00,sector_Industrials,0.06811895597239864,9.695867089425111e-17
2013-05-03 00:00:00,sector_Other,0.020848340025630865,4.3389484833039093e-16
2013-05-03 00:00:00,sector_Technology,-0.10419833938613075,-2.208400060979392e-16
2013-05-03 00:00:00,sector_Utilities,0.006187998244529029,-2.455526962655553e-16
2013-05-03 00:00:00,size_factor,-0.10627790365294562,3.5267086940741953e-17
2013-05-03 00:00:00,smb_beta,0.2706176004214371,-9.37629069416828e-17
2013-05-03 00:00:00,rmw_beta,-0.05399607045452592,-2.231900091424575e-16
2013-05-10 00:00:00,market_beta,-0.18402570410213728,-5.750344880197826e-17
2013-05-10 00:00:00,sector_Consumer Discretionary,0.07088470274406984,7.41411761428126e-17
2013-05-10 00:00:00,sector_Consumer Staples,0.07511280080119269,-4.435974665826608e-17
2013-05-10 00:00:00,sector_Energy,-0.11139006393541778,7.229920483306434e-17
2013-05-10 00:00:00,sector_Financials,-0.13022981501113448,-1.6570542859904924e-16
2013-05-10 00:00:00,sector_Healthcare,0.13251825869091338,5.2453516966605513e-17
2013-05-10 00:00:00,sector_Industrials,-0.010610702050105034,-3.932471928903958e-17
2013-05-10 00:00:00,sector_Other,-0.015346296308399086,1.703728499643592e-16
2013-05-10 00:00:00,sector_Technology,-0.025174665259244097,-1.7320397404386504e-16
2013-05-10 00:00:00,sector_Utilities,0.04772719370641952,-5.175392935307535e-17
2013-05-10 00:00:00,size_factor,-0.011549821125643584,-3.612390541494602e-16
2013-05-10 00:00:00,smb_beta,-0.2310823938363174,1.338165581586311e-16
2013-05-10 00:00:00,rmw_beta,0.15430599444584284,1.6369163768865064e-16
2013-05-17 00:00:00,market_beta,-0.23013221810360546,-1.6537568881753786e-17
2013-05-17 00:00:00,sector_Consumer Discretionary,0.08210077803954385,-2.790408979530656e-16
2013-05-17 00:00:00,sector_Consumer Staples,0.07697147481605561,-1.329758482868465e-16
2013-05-17 00:00:00,sector_Energy,0.0061421814216673235,-9.292605723046665e-17
2013-05-17 00:00:00,sector_Financials,-0.18020543194790234,-3.167269090681236e-16
2013-05-17 00:00:00,sector_Healthcare,0.12560944716121658,-6.445185136495442e-17
2013-05-17 00:00:00,sector_Industrials,-0.029373413969130634,-1.5806174661509183e-16
2013-05-17 00:00:00,sector_Other,0.02514013202841101,7.432172435343919e-16
2013-05-17 00:00:00,sector_Technology,-0.0886642892829301,-5.851258152113715e-16
2013-05-17 00:00:00,sector_Utilities,0.044858754428580186,-3.0036148722886944e-17
2013-05-17 00:00:00,size_factor,-0.034161226698274594,-2.917119049385684e-16
2013-05-17 00:00:00,smb_beta,-0.16638873821501504,1.0803812636937316e-18
2013-05-17 00:00:00,rmw_beta,0.24026866909622732,8.007935044496655e-17
2013-05-24 00:00:00,market_beta,-0.025551126764559205,2.883325415454418e-16
2013-05-24 00:00:00,sector_Consumer Discretionary,-0.0347035316921175,2.38410391499531e-17
2013-05-24 00:00:00,sector_Consumer Staples,0.11313329861093757,-1.140904557644234e-16
2013-05-24 00:00:00,sector_Energy,-0.029251007309928797,1.939526733430209e-17
2013-05-24 00:00:00,sector_Financials,-0.17785998853573376,7.542197494870977e-17
2013-05-24 00:00:00,sector_Healthcare,0.03445560739807811,-2.3062917959522824e-17
2013-05-24 00:00:00,sector_Industrials,-0.09677072446098496,3.632543636185748e-17
2013-05-24 00:00:00,sector_Other,0.09606937151742946,-1.9004204776918834e-16
2013-05-24 00:00:00,sector_Technology,-0.03873680058979066,2.923055047734092e-16
2013-05-24 00:00:00,sector_Utilities,0.016572135601580183,-4.309381672040602e-18
2013-05-24 00:00:00,size_factor,-0.1030883238960529,1.5789316543561095e-16
2013-05-24 00:00:00,smb_beta,-0.05307947336569682,4.0377482783916515e-16
2013-05-24 00:00:00,rmw_beta,-0.04188703668955127,-5.255116147263054e-17
2013-06-03 00:00:00,market_beta,-0.2825245502454077,-5.099776423666032e-16
2013-06-03 00:00:00,sector_Consumer Discretionary,0.05083193145518275,-2.3451170048228663e-17
2013-06-03 00:00:00,sector_Consumer Staples,0.08569263613532124,-1.7348270979973572e-16
2013-06-03 00:00:00,sector_Energy,-0.01184096304558678,4.980544319695575e-16
2013-06-03 00:00:00,sector_Financials,-0.20375188051046375,-2.3014537365807576e-16
2013-06-03 00:00:00,sector_Healthcare,-0.01880567735698081,1.9503845225260662e-17
2013-06-03 00:00:00,sector_Industrials,0.026916073201684668,6.64820459376087e-17
2013-06-03 00:00:00,sector_Other,0.036116486303638895,1.5733302647707907e-16
2013-06-03 00:00:00,sector_Technology,0.0009119058973584818,-1.1596182129253514e-16
2013-06-03 00:00:00,sector_Utilities,0.07574489540676696,3.741182859070754e-17
2013-06-03 00:00:00,size_factor,-0.040848028067008546,-2.933284315169653e-16
2013-06-03 00:00:00,smb_beta,-0.274104315985539,-2.7974077511002144e-16
2013-06-03 00:00:00,rmw_beta,0.3022102955900339,6.462846536679408e-16
2013-06-10 00:00:00,market_beta,0.08021850828429058,5.420238362017768e-16
2013-06-10 00:00:00,sector_Consumer Discretionary,0.022751405774141222,-1.403266006732613e-16
2013-06-10 00:00:00,sector_Consumer Staples,-0.034739731930175065,-1.1782251458327604e-16
2013-06-10 00:00:00,sector_Energy,-0.006810001752254998,-8.250923228073599e-17
2013-06-10 00:00:00,sector_Financials,-0.06256444139469237,-1.2149465089016371e-17
2013-06-10 00:00:00,sector_Healthcare,-0.08460988190943745,-7.810370414367668e-17
2013-06-10 00:00:00,sector_Industrials,0.06335419569190125,-4.9619788151473396e-17
2013-06-10 00:00:00,sector_Other,0.011319536280017946,-2.3481976813847693e-16
2013-06-10 00:00:00,sector_Technology,0.05913600327695403,7.659601398486137e-16
2013-06-10 00:00:00,sector_Utilities,0.0230563470539904,-1.094068022006105e-17
2013-06-10 00:00:00,size_factor,0.010314509128798695,-1.6653038440675754e-16
2013-06-10 00:00:00,smb_beta,-0.0844732843818099,5.0913718150618755e-16
2013-06-10 00:00:00,rmw_beta,-0.005925128604101008,-3.093048804492656e-16
2013-06-17 00:00:00,market_beta,-0.058950628612883714,5.476413655234677e-16
2013-06-17 00:00:00,sector_Consumer Discretionary,0.04102544483603743,-6.623008783217942e-18
2013-06-17 00:00:00,sector_Consumer Staples,0.08311699321140369,-1.5721244439203944e-16
2013-06-17 00:00:00,sector_Energy,-0.05795550827468036,1.632489960643927e-16
2013-06-17 00:00:00,sector_Financials,-0.10639281068219486,1.834478827922107e-16
2013-06-17 00:00:00,sector_Healthcare,-0.04739860906778289,3.924137076595702e-16
2013-06-17 00:00:00,sector_Industrials,0.008335043329437257,1.150334490594334e-16
2013-06-17 00:00:00,sector_Other,0.007583850390167645,-3.1855354418442202e-16
2013-06-17 00:00:00,sector_Technology,0.03411281279200028,7.874522287200541e-17
2013-06-17 00:00:00,sector_Utilities,0.028070757703439395,3.415637058992287e-17
2013-06-17 00:00:00,size_factor,0.00010780352436727245,-6.844129117054986e-17
2013-06-17 00:00:00,smb_beta,-0.2410942956555892,5.873365415024415e-16
2013-06-17 00:00:00,rmw_beta,0.007875916462004001,-5.349950623074887e-16
2013-06-24 00:00:00,market_beta,0.058383417307124014,1.4320395700224434e-16
2013-06-24 00:00:00,sector_Consumer Discretionary,-0.022580138405662805,2.454462635514508e-16
2013-06-24 00:00:00,sector_Consumer Staples,-0.0015636135651780475,1.2987343047623693e-16
2013-06-24 00:00:00,sector_Energy,0.003978110200768967,1.2726579868844692e-17
2013-06-24 00:00:00,sector_Financials,-0.10059619736995744,2.4113853679709365e-16
2013-06-24 00:00:00,sector_Healthcare,-0.011379388443886718,1.0789682277107194e-16
2013-06-24 00:00:00,sector_Industrials,0.04185464487319782,2.2745966510075407e-16
2013-06-24 00:00:00,sector_Other,0.024152854165306135,-5.312516673177038e-16
2013-06-24 00:00:00,sector_Technology,0.04251152182769687,1.9465423520861594e-16
2013-06-24 00:00:00,sector_Utilities,-0.03324210452828539,8.672837231299807e-17
2013-06-24 00:00:00,size_factor,-0.03133418072814752,4.3932259749144208e-16
2013-06-24 00:00:00,smb_beta,-0.12903325734276352,-1.3188310577063747e-16
2013-06-24 00:00:00,rmw_beta,0.06399357099963825,-5.579713373358599e-17
2013-07-01 00:00:00,market_beta,0.04142302214451025,-1.5220398382180945e-16
2013-07-01 00:00:00,sector_Consumer Discretionary,-0.012964353080628195,-1.7886145640989562e-16
2013-07-01 00:00:00,sector_Consumer Staples,-0.0963303151054593,2.1277290220646887e-16
2013-07-01 00:00:00,sector_Energy,0.015431618988589375,-4.233368664838134e-17
2013-07-01 00:00:00,sector_Financials,0.03903109192265508,-1.1589766617351318e-16
2013-07-01 00:00:00,sector_Healthcare,-0.0705869015850168,-8.241870142128472e-17
2013-07-01 00:00:00,sector_Industrials,0.029323516692703708,-1.2015167410462272e-17
2013-07-01 00:00:00,sector_Other,-0.0029551110112945506,1.8739892020853202e-16
2013-07-01 00:00:00,sector_Technology,0.08815398485875361,-3.177357773739306e-16
2013-07-01 00:00:00,sector_Utilities,-0.0525837157231676,-9.076831427305702e-18
2013-07-01 00:00:00,size_factor,0.0771420145733562,-9.076810184392861e-18
2013-07-01 00:00:00,smb_beta,-0.08867906057160732,-3.494988426987425e-16
2013-07-01 00:00:00,rmw_beta,-0.0692637931605632,9.42710140318039e-17
2013-07-09 00:00:00,market_beta,0.30351936196758045,-3.308273463176084e-17
2013-07-09 00:00:00,sector_Consumer Discretionary,0.010537195654369152,-3.240453674879896e-16
2013-07-09 00:00:00,sector_Consumer Staples,-0.06852056984732657,-8.822989929392447e-17
2013-07-09 00:00:00,sector_Energy,-0.01271558960431819,-5.1184079653693045e-17
2013-07-09 00:00:00,sector_Financials,0.07570963718213447,-2.7306104417217257e-16
2013-07-09 00:00:00,sector_Healthcare,-0.031430667910771565,1.5133503652915588e-16
2013-07-09 00:00:00,sector_Industrials,0.03533342467369664,1.9443863482162145e-17
2013-07-09 00:00:00,sector_Other,0.015543278267108218,1.935556304389468e-16
2013-07-09 00:00:00,sector_Technology,-0.04167611071184856,5.509955444894505e-18
2013-07-09 00:00:00,sector_Utilities,-0.03620714238891203,6.856919214363218e-18
2013-07-09 00:00:00,size_factor,0.05128499019308623,2.063360510017014e-16
2013-07-09 00:00:00,smb_beta,0.039644465049880284,-2.942253513533109e-16
2013-07-09 00:00:00,rmw_beta,-0.1341388336202374,-4.837902395051929e-17
2013-07-16 00:00:00,market_beta,0.07979096233840506,9.437368396606997e-17
2013-07-16 00:00:00,sector_Consumer Discretionary,-0.05411487377522926,-1.587882563468111e-16
2013-07-16 00:00:00,sector_Consumer Staples,-0.06751633405688477,2.9255074691896076e-16
2013-07-16 00:00:00,sector_Energy,-0.0469940927817522,-5.4466382881222935e-17
2013-07-16 00:00:00,sector_Financials,0.03614611082975108,-6.348061880724084e-17
2013-07-16 00:00:00,sector_Healthcare,0.02278067928797092,-9.696490125501624e-17
2013-07-16 00:00:00,sector_Industrials,0.0523481025773361,-7.977292913052713e-17
2013-07-16 00:00:00,sector_Other,-0.009741588540144043,6.380551015328491e-17
2013-07-16 00:00:00,sector_Technology,0.05248976817633967,8.23673908490424e-17
2013-07-16 00:00:00,sector_Utilities,-0.028413269944155932,6.709411259696789e-17
2013-07-16 00:00:00,size_factor,0.06309717901689697,-2.2202966168495443e-16
2013-07-16 00:00:00,smb_beta,0.013356837324671404,-4.892225492944177e-17
2013-07-16 00:00:00,rmw_beta,0.026036507501027147,-2.6996364133259562e-17
2013-07-23 00:00:00,market_beta,-0.1301833971882699,-7.547881324143125e-17
2013-07-23 00:00:00,sector_Consumer Discretionary,-0.034618372043630184,-1.7631189963727103e-16
2013-07-23 00:00:00,sector_Consumer Staples,-0.057367847312637235,-1.798531096494792e-16
2013-07-23 00:00:00,sector_Energy,-0.1009441894832074,2.4274967899338357e-16
2013-07-23 00:00:00,sector_Financials,-0.013499821615063218,-2.03018385722594e-16
2013-07-23 00:00:00,sector_Healthcare,-0.023161177873679713,3.456799540682007e-16
2013-07-23 00:00:00,sector_Industrials,-0.011300334617063187,2.368635246960748e-16
2013-07-23 00:00:00,sector_Other,-0.015123505265093895,-3.020519705943375e-16
2013-07-23 00:00:00,sector_Technology,0.15359129687244238,4.298725021925376e-16
2013-07-23 00:00:00,sector_Utilities,-0.034984069740354035,-1.8843355334725227e-17
2013-07-23 00:00:00,size_factor,0.06809750498732589,-1.5968402592399723e-17
2013-07-23 00:00:00,smb_beta,0.0581609898600934,3.714108593727761e-16
2013-07-23 00:00:00,rmw_beta,0.04937364104871687,2.8016902284422814e-16
2013-07-30 00:00:00,market_beta,-0.031130183670456446,-3.055789012778425e-17
2013-07-30 00:00:00,sector_Consumer Discretionary,0.10273422248375641,3.0776809192024014e-17
2013-07-30 00:00:00,sector_Consumer Staples,0.10144250192102024,-3.16614418615074e-17
2013-07-30 00:00:00,sector_Energy,0.011342018166618686,-1.4779189400877788e-17
2013-07-30 00:00:00,sector_Financials,0.02900964789608172,1.713919991923912e-16
2013-07-30 00:00:00,sector_Healthcare,-0.09473176659742988,-2.896766183533373e-17
2013-07-30 00:00:00,sector_Industrials,0.0493339041711495,8.538089340993888e-17
2013-07-30 00:00:00,sector_Other,0.01585113060881438,-3.950173168276768e-16
2013-07-30 00:00:00,sector_Technology,-0.14129280397743782,3.6740329979413606e-16
2013-07-30 00:00:00,sector_Utilities,-0.02462708232455925,5.2889929472647097e-17
2013-07-30 00:00:00,size_factor,0.007505502719210373,-1.1081611402781542e-16
2013-07-30 00:00:00,smb_beta,0.050827673617384134,2.246829147143382e-16
2013-07-30 00:00:00,rmw_beta,-0.010549762230191969,-2.8062049669141182e-16
2013-08-06 00:00:00,market_beta,-0.12806158575602763,-2.0827959966598377e-16
2013-08-06 00:00:00,sector_Consumer Discretionary,0.10537489467485261,1.8359538313761976e-16
2013-08-06 00:00:00,sector_Consumer Staples,0.062228753308639716,1.4111616607091823e-16
2013-08-06 00:00:00,sector_Energy,0.06781015254344029,2.9328220133145226e-17
2013-08-06 00:00:00,sector_Financials,-0.06722801412375112,2.0478748267363926e-16
2013-08-06 00:00:00,sector_Healthcare,-0.015615993220878966,1.4969845224681236e-16
2013-08-06 00:00:00,sector_Industrials,-0.020834509977623854,4.9490863728608924e-17
2013-08-06 00:00:00,sector_Other,-0.0894287260171267,-4.1190938976316703e-16
2013-08-06 00:00:00,sector_Technology,0.08704746456909997,1.153298094853737e-16
2013-08-06 00:00:00,sector_Utilities,0.024994175513648513,1.000858385492969e-16
2013-08-06 00:00:00,size_factor,0.09592607853417713,1.5457847918875007e-17
2013-08-06 00:00:00,smb_beta,0.00231568877017903,-5.3580769998782455e-18
2013-08-06 00:00:00,rmw_beta,0.11775681109413974,9.841067317269768e-17
2013-08-13 00:00:00,market_beta,-0.0011413123653054057,7.365162103013626e-17
2013-08-13 00:00:00,sector_Consumer Discretionary,0.00271352456079403,-1.7359590946449733e-16
2013-08-13 00:00:00,sector_Consumer Staples,0.06166698195179167,-8.577636826746892e-17
2013-08-13 00:00:00,sector_Energy,0.03643023679359892,5.1063607492428034e-17
2013-08-13 00:00:00,sector_Financials,0.043234129896367046,-1.915107908734698e-16
2013-08-13 00:00:00,sector_Healthcare,-0.06327224197118866,-1.3026168308804476e-16
2013-08-13 00:00:00,sector_Industrials,0.056068343521428976,-9.011152568746931e-17
2013-08-13 00:00:00,sector_Other,0.00011378780183442121,2.500590184540194e-16
2013-08-13 00:00:00,sector_Technology,-0.0960000252297197,-8.071049946810806e-17
2013-08-13 00:00:00,sector_Utilities,0.07208799749172475,1.25431657233158e-16
2013-08-13 00:00:00,size_factor,0.09310341231155653,-2.440960202335223e-17
2013-08-13 00:00:00,smb_beta,-0.008107871036239984,-4.8160174555930415e-17
2013-08-13 00:00:00,rmw_beta,0.01937597278613643,8.104695228948592e-17
2013-08-20 00:00:00,market_beta,0.07128822867748394,-3.8729443133845736e-17
2013-08-20 00:00:00,sector_Consumer Discretionary,0.014312896488277315,-1.9674793829472056e-16
2013-08-20 00:00:00,sector_Consumer Staples,0.0640137394013088,-2.3265046834182785e-16
2013-08-20 00:00:00,sector_Energy,0.23758382960452362,-7.174808744063429e-16
2013-08-20 00:00:00,sector_Financials,0.05621782638474049,-5.125915438820434e-16
2013-08-20 00:00:00,sector_Healthcare,0.011050013003946129,-3.3859711432902577e-16
2013-08-20 00:00:00,sector_Industrials,0.07577590509765791,-5.58013342278369e-17
2013-08-20 00:00:00,sector_Other,-0.054992530291686735,1.1359446686498458e-15
2013-08-20 00:00:00,sector_Technology,-0.14671953194890414,-5.819885478701873e-16
2013-08-20 00:00:00,sector_Utilities,0.044174625517724976,-3.035450374773192e-17
2013-08-20 00:00:00,size_factor,0.11950948102395101,-7.624509155467833e-16
2013-08-20 00:00:00,smb_beta,-0.039610741864596864,-1.0940818376183415e-16
2013-08-20 00:00:00,rmw_beta,0.001624194544629797,3.8729632883980333e-17
2013-08-27 00:00:00,market_beta,-0.026964613082112596,-2.2002974627365744e-16
2013-08-27 00:00:00,sector_Consumer Discretionary,0.0440317403672952,4.637112716728494e-16
2013-08-27 00:00:00,sector_Consumer Staples,0.04299030633319216,6.097112041282284e-16
2013-08-27 00:00:00,sector_Energy,0.2738725829390581,3.9760916001886454e-16
2013-08-27 00:00:00,sector_Financials,0.06656787051523708,1.0561846021991593e-15
2013-08-27 00:00:00,sector_Healthcare,0.12850515230908793,6.795033804358229e-16
2013-08-27 00:00:00,sector_Industrials,0.09120449020545068,5.542795942116025e-16
2013-08-27 00:00:00,sector_Other,-0.17689096034299134,-2.58259943464687e-15
2013-08-27 00:00:00,sector_Technology,-0.07870170233683531,1.9077655669796317e-15
2013-08-27 00:00:00,sector_Utilities,0.06208368466221308,-3.476788742767786e-17
2013-08-27 00:00:00,size_factor,0.21628982338226135,1.279968336445139e-15
2013-08-27 00:00:00,smb_beta,-0.12117604773846888,1.014289976842121e-15
2013-08-27 00:00:00,rmw_beta,-0.015804631503109515,1.3201350451361554e-17
2013-09-04 00:00:00,market_beta,-0.12652104791387556,1.2846050069686652e-15
2013-09-04 00:00:00,sector_Consumer Discretionary,0.03831236130633651,-1.784530866977983e-16
2013-09-04 00:00:00,sector_Consumer Staples,0.13524498795973433,-4.836778678081998e-16
2013-09-04 00:00:00,sector_Energy,0.1250259589961557,1.5766888918507568e-17
2013-09-04 00:00:00,sector_Financials,0.06151731119292128,-4.79953872869744e-16
2013-09-04 00:00:00,sector_Healthcare,0.12169721349922102,-4.2670783458527317e-16
2013-09-04 00:00:00,sector_Industrials,0.034197735360455964,-3.962811018886217e-16
2013-09-04 00:00:00,sector_Other,-0.10010877671515567,1.7586789997904533e-15
2013-09-04 00:00:00,sector_Technology,-0.18437093072342606,-1.6634021141296257e-15
2013-09-04 00:00:00,sector_Utilities,0.10749675321076367,-1.993984788541212e-16
2013-09-04 00:00:00,size_factor,0.12332879514480898,-5.561377106629968e-16
2013-09-04 00:00:00,smb_beta,-0.1681389405411941,-2.223910041077429e-15
2013-09-04 00:00:00,rmw_beta,0.16781223063583994,-1.4589137324046383e-15
2013-09-11 00:00:00,market_beta,0.014837289748100727,3.131207707024175e-16
2013-09-11 00:00:00,sector_Consumer Discretionary,0.12613674968837144,-4.023208595785388e-16
2013-09-11 00:00:00,sector_Consumer Staples,0.07088682848706038,-3.012009812481975e-16
2013-09-11 00:00:00,sector_Energy,0.011639612243540409,-1.141004269372842e-16
2013-09-11 00:00:00,sector_Financials,0.04514888074497931,-1.3249257731814502e-16
2013-09-11 00:00:00,sector_Healthcare,0.11458770265977218,-1.5710868457943976e-16
2013-09-11 00:00:00,sector_Industrials,0.06812510848677072,-7.403649450158885e-17
2013-09-11 00:00:00,sector_Other,-0.08650910955359518,4.704484330270152e-16
2013-09-11 00:00:00,sector_Technology,-0.16818285975188427,3.092054013716099e-17
2013-09-11 00:00:00,sector_Utilities,0.05846537829798194,-1.741601204443691e-16
2013-09-11 00:00:00,size_factor,0.002262158931381514,-3.8869480109868404e-18
2013-09-11 00:00:00,smb_beta,-0.04019381617042774,4.7550375079269975e-16
2013-09-11 00:00:00,rmw_beta,0.0952775481258108,-3.936539581900677e-16
2013-09-18 00:00:00,market_beta,-0.07949202953135899,4.677186722460409e-16
2013-09-18 00:00:00,sector_Consumer Discretionary,0.07108688785119585,-2.654741448731392e-16
2013-09-18 00:00:00,sector_Consumer Staples,-0.03082296347132338,-3.6087066712113615e-16
2013-09-18 00:00:00,sector_Energy,6.144853533861063e-06,-3.357447469770661e-17
2013-09-18 00:00:00,sector_Financials,-0.1333415910191181,2.366075020060938e-16
2013-09-18 00:00:00,sector_Healthcare,-0.050482282295454484,7.693767752306996e-17
2013-09-18 00:00:00,sector_Industrials,-0.012581784086888466,-3.1337938774318224e-16
2013-09-18 00:00:00,sector_Other,0.12916405442608242,2.4291455967205046e-16
2013-09-18 00:00:00,sector_Technology,-0.09820972790891545,-1.6228340065777727e-16
2013-09-18 00:00:00,sector_Utilities,0.09021987822103357,4.6475388976516864e-17
2013-09-18 00:00:00,size_factor,-0.11584296612726999,-4.097498144068002e-16
2013-09-18 00:00:00,smb_beta,0.14236129640442713,8.734119123562469e-16
2013-09-18 00:00:00,rmw_beta,0.014341535489664782,-7.612109109888769e-16
2013-09-25 00:00:00,market_beta,-0.052380479542852645,7.922749695435071e-16
2013-09-25 00:00:00,sector_Consumer Discretionary,0.0397670193910115,-7.07003239066231e-17
2013-09-25 00:00:00,sector_Consumer Staples,-0.059534932975821214,-2.8240804511149774e-16
2013-09-25 00:00:00,sector_Energy,-0.03408955678868251,-1.53763978117452e-16
2013-09-25 00:00:00,sector_Financials,-0.0175964437732538,1.4359572449450773e-16
2013-09-25 00:00:00,sector_Healthcare,0.10896402015016338,-3.8352024750408115e-16
2013-09-25 00:00:00,sector_Industrials,-0.07872857664211119,-1.5328816622564067e-16
2013-09-25 00:00:00,sector_Other,0.005954897253374341,5.210311113221742e-16
2013-09-25 00:00:00,sector_Technology,-0.03218752066091341,-3.6775853821489612e-16
2013-09-25 00:00:00,sector_Utilities,0.033360030474084756,-7.932341013007667e-17
2013-09-25 00:00:00,size_factor,0.03458212276794691,-3.162861575435075e-16
2013-09-25 00:00:00,smb_beta,0.13997068310438,9.726296827758158e-16
2013-09-25 00:00:00,rmw_beta,-0.10178667621267383,-1.2917526379705012e-15
2013-10-02 00:00:00,market_beta,-0.06295215185733943,9.062849412656687e-16
2013-10-02 00:00:00,sector_Consumer Discretionary,-0.05531062205415812,-3.0247004632974275e-16
2013-10-02 00:00:00,sector_Consumer Staples,-0.02608233812606942,-4.934298718310522e-16
2013-10-02 00:00:00,sector_Energy,0.05196506050568779,-1.9143049554978413e-16
2013-10-02 00:00:00,sector_Financials,0.022804579534903172,3.2184623927716013e-16
2013-10-02 00:00:00,sector_Healthcare,0.02843026306714021,-2.460335695807624e-16
2013-10-02 00:00:00,sector_Industrials,-0.05327362333359463,-1.9870386575088068e-16
2013-10-02 00:00:00,sector_Other,0.005737650276596441,3.6524805155417084e-16
2013-10-02 00:00:00,sector_Technology,0.021610775532670306,-1.5152799731186189e-16
2013-10-02 00:00:00,sector_Utilities,0.017674039912425766,2.936268439821226e-16
2013-10-02 00:00:00,size_factor,0.013672366823663329,-7.349454394646808e-16
2013-10-02 00:00:00,smb_beta,0.15419258936786584,1.2653036335920628e-15
2013-10-02 00:00:00,rmw_beta,-0.1393639528633964,-1.2907140580998404e-15
2013-10-09 00:00:00,market_beta,-0.039147423894127266,6.461251627903249e-17
2013-10-09 00:00:00,sector_Consumer Discretionary,-0.012728452486320166,4.076915556568138e-17
2013-10-09 00:00:00,sector_Consumer Staples,0.03002843408073567,2.4664241968427643e-16
2013-10-09 00:00:00,sector_Energy,0.08202389391698887,2.010866870783087e-16
2013-10-09 00:00:00,sector_Financials,0.0680405660848352,5.899791862663034e-17
2013-10-09 00:00:00,sector_Healthcare,0.045128949034010275,-3.509026532695008e-17
2013-10-09 00:00:00,sector_Industrials,-0.007201803776119588,1.6677404125005806e-17
2013-10-09 00:00:00,sector_Other,-0.04691734811290989,-8.523548519924915e-17
2013-10-09 00:00:00,sector_Technology,-0.046072470784577185,-4.3269960149117705e-17
2013-10-09 00:00:00,sector_Utilities,0.03763106148329127,2.9795616066955396e-18
2013-10-09 00:00:00,size_factor,-0.024738478473178487,-6.369554052654245e-17
2013-10-09 00:00:00,smb_beta,0.03149841014356855,2.68849769260355e-16
2013-10-09 00:00:00,rmw_beta,-0.020143695982870934,-1.9162167312436873e-16
2013-10-16 00:00:00,market_beta,-0.038668678974863695,-8.857586568775467e-16
2013-10-16 00:00:00,sector_Consumer Discretionary,-0.004806360387473387,1.0298966997497398e-16
2013-10-16 00:00:00,sector_Consumer Staples,0.025989825143981137,2.0602541368631652e-16
2013-10-16 00:00:00,sector_Energy,0.13564765444712815,3.2212306947351225e-16
2013-10-16 00:00:00,sector_Financials,0.07127948894770879,-2.868965878079461e-16
2013-10-16 00:00:00,sector_Healthcare,0.10469353808692893,1.9688981516231596e-16
2013-10-16 00:00:00,sector_Industrials,0.008729395935918188,1.9175175217412525e-16
2013-10-16 00:00:00,sector_Other,-0.11829018066816134,-3.9929941391834233e-16
2013-10-16 00:00:00,sector_Technology,-0.0050952276201437175,2.296499018193121e-16
2013-10-16 00:00:00,sector_Utilities,-0.041110229980766355,1.4098264300501792e-16
2013-10-16 00:00:00,size_factor,0.0905156194357789,7.537410630627313e-17
2013-10-16 00:00:00,smb_beta,-0.11451357235717184,-1.108530898570742e-15
2013-10-16 00:00:00,rmw_beta,-0.011212944685885328,1.1485405387411904e-15
2013-10-23 00:00:00,market_beta,0.17426534685112685,1.7589917018618405e-16
2013-10-23 00:00:00,sector_Consumer Discretionary,0.09827204345383338,9.252990282723356e-17
2013-10-23 00:00:00,sector_Consumer Staples,-0.10414227815792387,2.5627812883775696e-17
2013-10-23 00:00:00,sector_Energy,0.04329723736665832,-5.845243793457096e-17
2013-10-23 00:00:00,sector_Financials,-0.04760540791261662,2.7874198695493075e-16
2013-10-23 00:00:00,sector_Healthcare,-0.016474683340562655,1.0585138745123952e-17
2013-10-23 00:00:00,sector_Industrials,-0.039105774275306295,-1.3384952540398029e-16
2013-10-23 00:00:00,sector_Other,0.041204294661250855,-4.370245613734954e-17
2013-10-23 00:00:00,sector_Technology,0.027387496664539174,-1.3640813023081441e-16
2013-10-23 00:00:00,sector_Utilities,-0.1001477009635619,-8.956315434515356e-17
2013-10-23 00:00:00,size_factor,-0.1344593124914346,-4.025568231466946e-17
2013-10-23 00:00:00,smb_beta,0.19454014203986678,-3.5609880827156334e-17
2013-10-23 00:00:00,rmw_beta,-0.2805471458317966,-2.1671331587297162e-16
2013-10-30 00:00:00,market_beta,0.09601381303759127,7.604018583860965e-16
2013-10-30 00:00:00,sector_Consumer Discretionary,0.07549080524984451,1.0068061406128441e-16
2013-10-30 00:00:00,sector_Consumer Staples,-0.1560283849032879,-1.241301911374085e-16
2013-10-30 00:00:00,sector_Energy,-0.10228190099530993,-3.633735983008611e-16
2013-10-30 00:00:00,sector_Financials,-0.06082585274288945,-1.626252168417259e-16
2013-10-30 00:00:00,sector_Healthcare,-0.07153123170825022,-2.7438382972942035e-16
2013-10-30 00:00:00,sector_Industrials,-0.014829057613779083,4.162471980730353e-17
2013-10-30 00:00:00,sector_Other,0.12279819695249486,2.4521726310335506e-16
2013-10-30 00:00:00,sector_Technology,0.02041734062978394,1.3955534741706907e-16
2013-10-30 00:00:00,sector_Utilities,-0.08464929195206382,-3.115334623873133e-16
2013-10-30 00:00:00,size_factor,-0.1731382542050469,-6.635193837723413e-17
2013-10-30 00:00:00,smb_beta,0.25856794096398017,6.70495621572846e-16
2013-10-30 00:00:00,rmw_beta,-0.34799814442705873,-9.951579300731142e-16
2013-11-06 00:00:00,market_beta,0.0012041460954945206,-8.937209010387558e-16
2013-11-06 00:00:00,sector_Consumer Discretionary,0.04876831633201429,1.455389978150619e-16
2013-11-06 00:00:00,sector_Consumer Staples,-0.07770480736160605,4.3886890934029916e-16
2013-11-06 00:00:00,sector_Energy,-0.08879526961272667,2.9399424451093404e-16
2013-11-06 00:00:00,sector_Financials,0.020471170034043598,2.8005988455240923e-16
2013-11-06 00:00:00,sector_Healthcare,-0.015046480139720793,5.17227714713909e-16
2013-11-06 00:00:00,sector_Industrials,-0.09204443527386096,-2.161626878209948e-17
2013-11-06 00:00:00,sector_Other,0.0020326862823885016,-8.657019405606523e-16
2013-11-06 00:00:00,sector_Technology,0.14474053455966635,3.3897701406021357e-16
2013-11-06 00:00:00,sector_Utilities,-0.12143284833643851,1.0719334755450112e-16
2013-11-06 00:00:00,size_factor,-0.08904754826448863,8.411706813939625e-16
2013-11-06 00:00:00,smb_beta,0.16524470722302423,-1.0510972057303122e-15
2013-11-06 00:00:00,rmw_beta,-0.3177140829962978,9.211289176328984e-16
2013-11-13 00:00:00,market_beta,0.16166555311688008,1.9662526982965384e-15
2013-11-13 00:00:00,sector_Consumer Discretionary,-0.039147269494135814,1.4033721032958866e-16
2013-11-13 00:00:00,sector_Consumer Staples,-0.13128266993957666,-2.712427042054771e-16
2013-11-13 00:00:00,sector_Energy,-0.12230405231422958,-9.20546104504607e-17
2013-11-13 00:00:00,sector_Financials,-0.007610904864960863,3.271733192535897e-16
2013-11-13 00:00:00,sector_Healthcare,-0.05598536491138645,-4.083919886701718e-16
2013-11-13 00:00:00,sector_Industrials,-0.05838920763227842,-4.577610061716858e-16
2013-11-13 00:00:00,sector_Other,0.15006213095778087,1.1315373564372748e-16
2013-11-13 00:00:00,sector_Technology,-0.011707439507605718,2.483118280509036e-16
2013-11-13 00:00:00,sector_Utilities,-0.025369861932699234,-1.4785626477505948e-16
2013-11-13 00:00:00,size_factor,-0.24498729258249446,-4.793670445792249e-17
2013-11-13 00:00:00,smb_beta,0.31729005245595165,1.5768554176953884e-15
2013-11-13 00:00:00,rmw_beta,-0.3378051507353291,-2.032709087831611e-15
2013-11-20 00:00:00,market_beta,0.31352268676115713,-3.4102910734772254e-16
2013-11-20 00:00:00,sector_Consumer Discretionary,0.040136082742032876,-8.058878024241515e-17
2013-11-20 00:00:00,sector_Consumer Staples,-0.1902994109354107,-5.865386026564767e-17
2013-11-20 00:00:00,sector_Energy,-0.12880746562637946,2.133873629059223e-16
2013-11-20 00:00:00,sector_Financials,-0.03002506502459706,-1.8220093039897117e-16
2013-11-20 00:00:00,sector_Healthcare,-0.09762276390583177,-1.4010396453061684e-16
2013-11-20 00:00:00,sector_Industrials,-0.09456835596317682,1.407942290333032e-16
2013-11-20 00:00:00,sector_Other,0.17986840849404104,1.2533951504546797e-17
2013-11-20 00:00:00,sector_Technology,-0.006481619830916578,1.641434368530497e-16
2013-11-20 00:00:00,sector_Utilities,-0.046700956722387374,-7.249259076412915e-17
2013-11-20 00:00:00,size_factor,-0.13332989713522225,2.2904064212966235e-16
2013-11-20 00:00:00,smb_beta,0.36853041001891473,-7.11217994183828e-17
2013-11-20 00:00:00,rmw_beta,-0.4185678884042563,2.652336224655614e-16
2013-11-27 00:00:00,market_beta,0.26368846390890205,1.3508295662908095e-15
2013-11-27 00:00:00,sector_Consumer Discretionary,0.014377405886358633,-1.3215784280192582e-16
2013-11-27 00:00:00,sector_Consumer Staples,-0.0833176618148135,-6.059325950472894e-16
2013-11-27 00:00:00,sector_Energy,-0.030363165662417806,-1.5846502421696463e-16
2013-11-27 00:00:00,sector_Financials,-0.08774008271030775,9.479713401953419e-17
2013-11-27 00:00:00,sector_Healthcare,-0.06189685936174853,-4.065460982448481e-16
2013-11-27 00:00:00,sector_Industrials,-0.08125867090006991,-1.6416583650931943e-16
2013-11-27 00:00:00,sector_Other,0.1160210233362374,4.509922385191407e-16
2013-11-27 00:00:00,sector_Technology,0.00784073258866536,1.553044626966429e-16
2013-11-27 00:00:00,sector_Utilities,0.030497352128835385,-2.0291631899860202e-16
2013-11-27 00:00:00,size_factor,-0.10170947191694171,-5.234775390148446e-16
2013-11-27 00:00:00,smb_beta,0.2199545692778177,1.7655603701880672e-15
2013-11-27 00:00:00,rmw_beta,-0.2267499721614832,-1.9765617251531936e-15
2013-12-05 00:00:00,market_beta,0.30301576346718284,6.654200650673837e-16
2013-12-05 00:00:00,sector_Consumer Discretionary,0.0892238574762727,-1.0305261002394586e-15
2013-12-05 00:00:00,sector_Consumer Staples,-0.1315687693761847,-5.643092712828754e-16
2013-12-05 00:00:00,sector_Energy,-0.0650265202767114,-2.853698294517746e-16
2013-12-05 00:00:00,sector_Financials,-0.18738201252239342,-4.935732772322521e-16
2013-12-05 00:00:00,sector_Healthcare,-0.09751877077435978,-2.5012660816130673e-16
2013-12-05 00:00:00,sector_Industrials,0.023866702507285703,-5.470704402439141e-16
2013-12-05 00:00:00,sector_Other,0.1762024495814043,2.267152344471428e-15
2013-12-05 00:00:00,sector_Technology,-0.03960354755164676,-1.8686485935926453e-15
2013-12-05 00:00:00,sector_Utilities,0.00953973853626628,1.433762150870452e-18
2013-12-05 00:00:00,size_factor,-0.1547325882459116,-7.721983151092934e-16
2013-12-05 00:00:00,smb_beta,0.26068078368206343,-1.1550264098884979e-15
2013-12-05 00:00:00,rmw_beta,-0.18579463548573621,-9.225437531421762e-17
2013-12-12 00:00:00,market_beta,-0.06607393209910951,1.1450880025941085e-16
2013-12-12 00:00:00,sector_Consumer Discretionary,0.11663364213501178,6.8553108365508624e-18
2013-12-12 00:00:00,sector_Consumer Staples,-0.024782072017086248,-2.184494215936489e-16
2013-12-12 00:00:00,sector_Energy,-0.0636110595185724,-2.4191898296498933e-17
2013-12-12 00:00:00,sector_Financials,-0.15854406228181106,1.2805831853713938e-16
2013-12-12 00:00:00,sector_Healthcare,-0.03794638841541038,-1.9354637004220817e-16
2013-12-12 00:00:00,sector_Industrials,0.008087008648715258,1.1882611141008669e-17
2013-12-12 00:00:00,sector_Other,0.06327298144946503,1.6062059713442317e-16
2013-12-12 00:00:00,sector_Technology,0.013518777034847078,-7.900237102003082e-17
2013-12-12 00:00:00,sector_Utilities,0.02626745735997547,-7.71953441421664e-17
2013-12-12 00:00:00,size_factor,-0.05377550525803852,-2.5820917364446306e-17
2013-12-12 00:00:00,smb_beta,0.12208040867082393,-2.437588783832478e-16
2013-12-12 00:00:00,rmw_beta,0.06666285585666837,-1.4129097335900244e-16
2013-12-19 00:00:00,market_beta,0.1458129934801517,3.7678155154495213e-16
2013-12-19 00:00:00,sector_Consumer Discretionary,0.02958162301555007,-4.4261772068436637e-17
2013-12-19 00:00:00,sector_Consumer Staples,0.0135766758577256,-1.935047146345638e-16
2013-12-19 00:00:00,sector_Energy,-0.056444104631031965,-4.006569567953877e-17
2013-12-19 00:00:00,sector_Financials,-0.0214095762348553,2.262911235306651e-17
2013-12-19 00:00:00,sector_Healthcare,-0.03535480551092761,1.511887071704878e-16
2013-12-19 00:00:00,sector_Industrials,-0.02517139492050768,-1.0217815106317136e-16
2013-12-19 00:00:00,sector_Other,0.05634098161864198,-9.494618835972055e-17
2013-12-19 00:00:00,sector_Technology,-0.053543584673765965,1.867440674284559e-16
2013-12-19 00:00:00,sector_Utilities,0.0596047538910396,-1.440547898990953e-17
2013-12-19 00:00:00,size_factor,0.04958434674812748,-2.848313009794739e-16
2013-12-19 00:00:00,smb_beta,-0.23102750222935084,4.3286576035997675e-16
2013-12-19 00:00:00,rmw_beta,0.1696064400443537,-3.392393176548823e-16
2013-12-27 00:00:00,market_beta,-0.001148955534509135,3.662603705335793e-16
2013-12-27 00:00:00,sector_Consumer Discretionary,0.06476838516318661,-1.818311406177346e-16
2013-12-27 00:00:00,sector_Consumer Staples,0.06931848895353904,-1.5904468550724566e-16
2013-12-27 00:00:00,sector_Energy,-0.023177506647176653,-2.917460045084127e-16
2013-12-27 00:00:00,sector_Financials,-0.0849120419026609,6.5325811807932e-17
2013-12-27 00:00:00,sector_Healthcare,0.09618531739050044,5.2474832435879806e-17
2013-12-27 00:00:00,sector_Industrials,-0.08326334900942593,-8.20393012317858e-17
2013-12-27 00:00:00,sector_Other,-0.03050455595814946,3.559310947448312e-16
2013-12-27 00:00:00,sector_Technology,0.021556090871485127,-3.97711434779917e-16
2013-12-27 00:00:00,sector_Utilities,0.03213634716834686,-4.5188570781695194e-17
2013-12-27 00:00:00,size_factor,0.00014755158054806066,-2.075247599350441e-16
2013-12-27 00:00:00,smb_beta,-0.06254170413599733,3.763978295635804e-16
2013-12-27 00:00:00,rmw_beta,0.1086314553685898,-2.480934596504848e-16
2014-01-06 00:00:00,market_beta,-0.04557055703600586,2.9239496238678447e-17
2014-01-06 00:00:00,sector_Consumer Discretionary,0.09339800273784199,-4.509837946026939e-16
2014-01-06 00:00:00,sector_Consumer Staples,0.10777108666046291,1.7220193880789797e-16
2014-01-06 00:00:00,sector_Energy,0.055863330890833944,3.6467752211641515e-16
2014-01-06 00:00:00,sector_Financials,-0.17931757388001704,8.990488355184485e-17
2014-01-06 00:00:00,sector_Healthcare,0.020549438613557264,-1.6524573612332855e-17
2014-01-06 00:00:00,sector_Industrials,-0.13771944010681988,-2.6670925315198554e-16
2014-01-06 00:00:00,sector_Other,0.03739213253745989,-6.401400731532518e-17
2014-01-06 00:00:00,sector_Technology,0.008986073468631702,1.2922582768117174e-16
2014-01-06 00:00:00,sector_Utilities,0.026035102415967758,-1.8738277777204085e-17
2014-01-06 00:00:00,size_factor,0.10127993178260108,-4.714753641946298e-16
2014-01-06 00:00:00,smb_beta,0.008629008517899538,-3.9344151674992197e-16
2014-01-06 00:00:00,rmw_beta,0.1248422788630745,-2.0565102418639888e-16
2014-01-13 00:00:00,market_beta,0.1109334898570626,-2.1731305480785372e-16
2014-01-13 00:00:00,sector_Consumer Discretionary,0.08676444606004285,-5.4488291267866724e-17
2014-01-13 00:00:00,sector_Consumer Staples,0.12490074152930927,1.2356636395589663e-16
2014-01-13 00:00:00,sector_Energy,0.04498915593635817,2.955233999157777e-16
2014-01-13 00:00:00,sector_Financials,0.011162266977734456,-9.324182944187595e-17
2014-01-13 00:00:00,sector_Healthcare,-0.05878013246639647,3.942439768347775e-17
2014-01-13 00:00:00,sector_Industrials,-0.04880937358029655,-1.1468726814891697e-17
2014-01-13 00:00:00,sector_Other,-0.05613238732034401,-1.6090658018326053e-16
2014-01-13 00:00:00,sector_Technology,0.02666366780642485,1.0742314223431332e-16
2014-01-13 00:00:00,sector_Utilities,-0.0891344486564061,2.2015377915193828e-17
2014-01-13 00:00:00,size_factor,0.1516749539556559,-2.3002015184084534e-16
2014-01-13 00:00:00,smb_beta,-0.07966788242509319,3.7538412923583114e-17
2014-01-13 00:00:00,rmw_beta,0.2634971253509321,2.737970378517461e-16
2014-01-21 00:00:00,market_beta,0.01157625306709236,3.6908402098536846e-16
2014-01-21 00:00:00,sector_Consumer Discretionary,0.07943747744101373,2.0797360078957088e-16
2014-01-21 00:00:00,sector_Consumer Staples,0.06544724165512415,-2.359002255550321e-16
2014-01-21 00:00:00,sector_Energy,0.042291211995038616,-1.10747884296013e-16
2014-01-21 00:00:00,sector_Financials,-0.0882698281885707,-1.9520251187171803e-16
2014-01-21 00:00:00,sector_Healthcare,-0.043598787908926816,-1.8849452177303357e-16
2014-01-21 00:00:00,sector_Industrials,0.03507993548814248,-9.98249571744759e-17
2014-01-21 00:00:00,sector_Other,0.023067228141927035,3.059943793927303e-16
2014-01-21 00:00:00,sector_Technology,-0.038206673229252835,-9.717576969052674e-17
2014-01-21 00:00:00,sector_Utilities,-0.10759926095388288,-1.6546598845494207e-16
2014-01-21 00:00:00,size_factor,0.026144145749918125,-1.5784365055335245e-16
2014-01-21 00:00:00,smb_beta,-0.2139059569286755,6.478314856708409e-17
2014-01-21 00:00:00,rmw_beta,0.4266961649358155,-6.915319753551439e-17
2014-01-28 00:00:00,market_beta,0.16205050941559282,9.985720286001773e-17
2014-01-28 00:00:00,sector_Consumer Discretionary,0.10040773120381305,-2.1467459365475795e-16
2014-01-28 00:00:00,sector_Consumer Staples,0.06955868416729495,-1.681281054447358e-17
2014-01-28 00:00:00,sector_Energy,0.035792233684403894,4.247584183352632e-17
2014-01-28 00:00:00,sector_Financials,-0.02399331385226057,-1.1123355857830584e-16
2014-01-28 00:00:00,sector_Healthcare,-0.03778402727559486,5.724534924025928e-17
2014-01-28 00:00:00,sector_Industrials,0.08255523602005002,-9.97617534721883e-18
2014-01-28 00:00:00,sector_Other,-0.09054150247018639,9.314072747371813e-17
2014-01-28 00:00:00,sector_Technology,0.05001005506968089,7.801237870910204e-17
2014-01-28 00:00:00,sector_Utilities,-0.07233119979063071,-4.260859025209794e-17
2014-01-28 00:00:00,size_factor,0.06193373368451148,-9.338093720366468e-17
2014-01-28 00:00:00,smb_beta,-0.005212149466411564,-2.6862306337316224e-16
2014-01-28 00:00:00,rmw_beta,0.13786486535595868,-9.170287532392384e-17
2014-02-04 00:00:00,market_beta,-0.13875437823485448,1.1154494361618672e-15
2014-02-04 00:00:00,sector_Consumer Discretionary,-0.028166477922180157,2.3903060231192476e-16
2014-02-04 00:00:00,sector_Consumer Staples,0.11547777946152242,-3.1132757383692864e-16
2014-02-04 00:00:00,sector_Energy,0.06832403954560695,-3.9684473470004207e-17
2014-02-04 00:00:00,sector_Financials,0.004125706514217383,2.280671286130495e-16
2014-02-04 00:00:00,sector_Healthcare,-0.02497273023522722,-1.3684027716782967e-16
2014-02-04 00:00:00,sector_Industrials,0.11395901806406535,-7.739123222549359e-17
2014-02-04 00:00:00,sector_Other,-0.04712494724085847,2.701352826336292e-16
2014-02-04 00:00:00,sector_Technology,-0.011226095195042054,-4.949002461585972e-16
2014-02-04 00:00:00,sector_Utilities,-0.1529967640229209,2.8805497349302955e-17
2014-02-04 00:00:00,size_factor,-0.01144877818700224,-1.6066334758196121e-16
2014-02-04 00:00:00,smb_beta,-0.20298945522582668,9.914245730097176e-16
2014-02-04 00:00:00,rmw_beta,0.29190796643288247,-1.2312318303447383e-15
2014-02-11 00:00:00,market_beta,0.015309638853995704,2.3075046494579734e-16
2014-02-11 00:00:00,sector_Consumer Discretionary,-0.05367732861031181,-2.222297946345842e-16
2014-02-11 00:00:00,sector_Consumer Staples,-0.02918525003426987,-3.6351043363659684e-17
2014-02-11 00:00:00,sector_Energy,0.01639130726201586,-3.250051619875247e-17
2014-02-11 00:00:00,sector_Financials,-0.04947388612878635,1.6228374461601428e-16
2014-02-11 00:00:00,sector_Healthcare,0.018371106670775687,1.1279811845507717e-16
2014-02-11 00:00:00,sector_Industrials,0.05786383478965563,4.00112484231553e-17
2014-02-11 00:00:00,sector_Other,-0.042265936666809494,9.979715767226066e-17
2014-02-11 00:00:00,sector_Technology,0.12085955368270801,-1.9195533378391973e-16
2014-02-11 00:00:00,sector_Utilities,-0.012048493308806417,2.796967922780801e-17
2014-02-11 00:00:00,size_factor,-0.003631666313793443,2.2337199586751335e-16
2014-02-11 00:00:00,smb_beta,0.05846191618037778,1.2048779881606576e-16
2014-02-11 00:00:00,rmw_beta,-0.011917367582813247,-2.2947866375242405e-16
2014-02-19 00:00:00,market_beta,0.2174266781100668,1.3492278502583283e-16
2014-02-19 00:00:00,sector_Consumer Discretionary,-0.009207073358196868,1.5977620905516192e-17
2014-02-19 00:00:00,sector_Consumer Staples,-0.07097631664834189,-2.546351760055789e-16
2014-02-19 00:00:00,sector_Energy,0.028826537631849607,-8.784317380495342e-17
2014-02-19 00:00:00,sector_Financials,0.08959150806811655,3.1353991048997293e-16
2014-02-19 00:00:00,sector_Healthcare,-0.05360773514163917,-6.035565897882005e-17
2014-02-19 00:00:00,sector_Industrials,0.06817250136732075,-1.030124981295945e-16
2014-02-19 00:00:00,sector_Other,-0.032862337577466864,4.3034995652248773e-16
2014-02-19 00:00:00,sector_Technology,0.07216945906874243,-4.501970825474711e-16
2014-02-19 00:00:00,sector_Utilities,-0.10877236642121604,4.46886523043486e-18
2014-02-19 00:00:00,size_factor,-0.09910616681011182,1.423797144643528e-15
2014-02-19 00:00:00,smb_beta,0.14376360614412714,9.403446571856664e-17
2014-02-19 00:00:00,rmw_beta,-0.13976694158936112,-5.434849139719793e-16
2014-02-26 00:00:00,market_beta,-0.13264634004189033,1.6027360747654995e-15
2014-02-26 00:00:00,sector_Consumer Discretionary,-0.04001118651000438,-1.6057223547227597e-16
2014-02-26 00:00:00,sector_Consumer Staples,0.08015644927878747,-2.7034071089381716e-16
2014-02-26 00:00:00,sector_Energy,0.04658903647281067,-3.0392649706458584e-16
2014-02-26 00:00:00,sector_Financials,-0.02782223234790858,1.3884402357391485e-16
2014-02-26 00:00:00,sector_Healthcare,-0.1538143195904403,-8.486719005337652e-17
2014-02-26 00:00:00,sector_Industrials,0.07861050487190872,-1.5803872808375284e-16
2014-02-26 00:00:00,sector_Other,0.05794328014840592,6.68865182846579e-17
2014-02-26 00:00:00,sector_Technology,-0.031167126745923122,3.5614473857228126e-16
2014-02-26 00:00:00,sector_Utilities,0.04612143157551223,7.220669683836429e-17
2014-02-26 00:00:00,size_factor,-0.006227166833652387,-3.6178044475097954e-16
2014-02-26 00:00:00,smb_beta,0.12590264561541165,1.7242723978949896e-15
2014-02-26 00:00:00,rmw_beta,-0.030135693511434386,-2.3166268075427584e-15
2014-03-05 00:00:00,market_beta,0.09711369484585614,2.566381855998321e-16
2014-03-05 00:00:00,sector_Consumer Discretionary,-0.06776723870831153,-4.8949418874045905e-17
2014-03-05 00:00:00,sector_Consumer Staples,-0.014080835289191612,3.6894301850020413e-17
2014-03-05 00:00:00,sector_Energy,-0.043302284522094316,-1.8256894506329699e-16
2014-03-05 00:00:00,sector_Financials,0.053700260260078986,1.0971873698802038e-16
2014-03-05 00:00:00,sector_Healthcare,-0.04202192290586149,-1.0905175378444579e-16
2014-03-05 00:00:00,sector_Industrials,0.08458511034334888,6.454156772876895e-17
2014-03-05 00:00:00,sector_Other,0.007467128205674338,1.9690743466271863e-17
2014-03-05 00:00:00,sector_Technology,0.018754650603284184,1.1728802282471784e-16
2014-03-05 00:00:00,sector_Utilities,0.021190696676019694,2.6855646512763246e-17
2014-03-05 00:00:00,size_factor,0.01920742207990059,4.579847724141663e-16
2014-03-05 00:00:00,smb_beta,0.19839573122195472,2.1877202130804343e-16
2014-03-05 00:00:00,rmw_beta,-0.3339403229937284,-2.2351315473158888e-16
2014-03-12 00:00:00,market_beta,0.010385155326765651,3.7172557930132417e-16
2014-03-12 00:00:00,sector_Consumer Discretionary,-0.22332911002972303,4.2524696275771747e-16
2014-03-12 00:00:00,sector_Consumer Staples,-0.1011532275311227,-7.841710330264363e-17
2014-03-12 00:00:00,sector_Energy,-0.07252052462353419,1.5421123013438716e-16
2014-03-12 00:00:00,sector_Financials,-0.053657089523835196,-1.3903790932744356e-16
2014-03-12 00:00:00,sector_Healthcare,0.013116500223558751,1.0697740317664481e-16
2014-03-12 00:00:00,sector_Industrials,0.03220654311248885,-2.268747254839317e-16
2014-03-12 00:00:00,sector_Other,0.05447524781512595,-8.723441501185584e-18
2014-03-12 00:00:00,sector_Technology,0.1420640943605251,-6.5746859607398e-17
2014-03-12 00:00:00,sector_Utilities,0.019325992996875197,5.721346811652417e-17
2014-03-12 00:00:00,size_factor,0.024892843865285213,2.4166800398988723e-16
2014-03-12 00:00:00,smb_beta,0.06779485981784932,6.42484795143552e-16
2014-03-12 00:00:00,rmw_beta,-0.14503203363683229,-7.284993084819232e-16
2014-03-19 00:00:00,market_beta,0.19896070669194876,1.2059455007635727e-16
2014-03-19 00:00:00,sector_Consumer Discretionary,-0.09864669072699318,1.255592715604106e-16
2014-03-19 00:00:00,sector_Consumer Staples,-0.18490237373376478,1.7706110751609928e-16
2014-03-19 00:00:00,sector_Energy,-7.96961620500104e-05,1.488482380862824e-17
2014-03-19 00:00:00,sector_Financials,-0.029551380657400154,7.918950493482356e-17
2014-03-19 00:00:00,sector_Healthcare,0.0299017212655456,2.2057505880987336e-16
2014-03-19 00:00:00,sector_Industrials,0.008830496577263515,1.0265015386125649e-16
2014-03-19 00:00:00,sector_Other,0.004368627356316183,-4.634898712426958e-16
2014-03-19 00:00:00,sector_Technology,0.15212301787615795,3.096421507846702e-16
2014-03-19 00:00:00,sector_Utilities,0.039918273529836325,2.377528182992791e-17
2014-03-19 00:00:00,size_factor,0.013547883085881701,-2.0701334800339095e-16
2014-03-19 00:00:00,smb_beta,0.21414382427226514,2.521718006326469e-16
2014-03-19 00:00:00,rmw_beta,-0.17835232790992964,-2.5647419202754015e-16
2014-03-26 00:00:00,market_beta,0.335435299391351,1.6946498712431989e-15
2014-03-26 00:00:00,sector_Consumer Discretionary,-0.018875059902596233,2.7745073041511297e-16
2014-03-26 00:00:00,sector_Consumer Staples,-0.18023192756125186,-5.297652317724422e-16
2014-03-26 00:00:00,sector_Energy,-0.031238687867204844,-3.5619287037536093e-16
2014-03-26 00:00:00,sector_Financials,-0.10698251079836907,4.335171148309136e-17
2014-03-26 00:00:00,sector_Healthcare,0.04322869719446267,-1.5382865364967903e-16
2014-03-26 00:00:00,sector_Industrials,0.017928184849572874,-1.6351436907838793e-16
2014-03-26 00:00:00,sector_Other,0.09875906585291305,3.7689164699588356e-16
2014-03-26 00:00:00,sector_Technology,0.020050544620829815,-2.857286921633336e-16
2014-03-26 00:00:00,sector_Utilities,-0.08949910168761648,-1.9906647130187797e-18
2014-03-26 00:00:00,size_factor,-0.0866895491396737,-8.709851035746544e-16
2014-03-26 00:00:00,smb_beta,0.40247772606175924,2.048179553534566e-15
2014-03-26 00:00:00,rmw_beta,-0.390520556757617,-2.2435035027623243e-15
2014-04-02 00:00:00,market_beta,0.2447676286406967,1.1716377750766813e-15
2014-04-02 00:00:00,sector_Consumer Discretionary,-0.0051257338429109706,-8.784022349163924e-17
2014-04-02 00:00:00,sector_Consumer Staples,-0.14800693089863107,-2.9606356126782498e-16
2014-04-02 00:00:00,sector_Energy,-0.11569897494307631,-3.426703805619497e-16
2014-04-02 00:00:00,sector_Financials,0.011068450552338148,-4.3008381258564765e-17
2014-04-02 00:00:00,sector_Healthcare,0.02635773885737904,-7.070869461153868e-17
2014-04-02 00:00:00,sector_Industrials,0.05253462237071291,-1.9237749609281982e-16
2014-04-02 00:00:00,sector_Other,0.04532180925686451,4.887190494680686e-16
2014-04-02 00:00:00,sector_Technology,-0.012689125433111868,-4.672676915880012e-16
2014-04-02 00:00:00,sector_Utilities,-0.009113044407194782,-1.4697698292137405e-16
2014-04-02 00:00:00,size_factor,-0.0658113794948183,-6.101365931305922e-16
2014-04-02 00:00:00,smb_beta,0.3384684751402434,1.3120575563157862e-15
2014-04-02 00:00:00,rmw_beta,-0.35980636590059495,-1.450919917731733e-15
2014-04-09 00:00:00,market_beta,0.5090994695166314,-1.3803120529618165e-15
2014-04-09 00:00:00,sector_Consumer Discretionary,0.07768665352944794,-3.553923909483482e-16
2014-04-09 00:00:00,sector_Consumer Staples,-0.1895651250670892,6.689202671650411e-17
2014-04-09 00:00:00,sector_Energy,-0.11602957172473365,-2.6198238147068683e-16
2014-04-09 00:00:00,sector_Financials,0.011353400516571672,-4.2903235363060227e-16
2014-04-09 00:00:00,sector_Healthcare,0.01610524269193645,-4.485761267894801e-17
2014-04-09 00:00:00,sector_Industrials,-0.042815213283681146,-6.222066358408591e-17
2014-04-09 00:00:00,sector_Other,0.045198454082577964,5.491437568807044e-16
2014-04-09 00:00:00,sector_Technology,0.02221803128124919,-2.70107815162737e-16
2014-04-09 00:00:00,sector_Utilities,-0.006572302462733519,6.521686463802172e-17
2014-04-09 00:00:00,size_factor,-0.078949293618977,-9.160502121444775e-16
2014-04-09 00:00:00,smb_beta,0.5859611597289598,-1.1250354099318196e-15
2014-04-09 00:00:00,rmw_beta,-0.5890718632201248,1.3041224903300934e-15
2014-04-16 00:00:00,market_beta,0.43533973701836653,-1.6720318683276174e-15
2014-04-16 00:00:00,sector_Consumer Discretionary,0.01901610344662423,1.2468341521122851e-16
2014-04-16 00:00:00,sector_Consumer Staples,-0.1648860671687926,6.333111314347756e-16
2014-04-16 00:00:00,sector_Energy,-0.14207758634545972,4.774187551912289e-17
2014-04-16 00:00:00,sector_Financials,-0.030714721243814917,-1.9515756160459157e-16
2014-04-16 00:00:00,sector_Healthcare,0.06591891315366938,-5.693018539430198e-17
2014-04-16 00:00:00,sector_Industrials,-0.09105373545488303,2.4748285844974717e-16
2014-04-16 00:00:00,sector_Other,0.03171459839535903,9.071173077322278e-17
2014-04-16 00:00:00,sector_Technology,0.09023691363449467,-6.091610076339186e-16
2014-04-16 00:00:00,sector_Utilities,0.0717064628493348,-1.8973758194812858e-16
2014-04-16 00:00:00,size_factor,-0.06181572203174069,-2.249798761355659e-16
2014-04-16 00:00:00,smb_beta,0.45988943116040254,-1.7893910716368902e-15
2014-04-16 00:00:00,rmw_beta,-0.4920523239794965,1.900568970014894e-15
2014-04-24 00:00:00,market_beta,0.054166866362599014,-4.644827028385867e-16
2014-04-24 00:00:00,sector_Consumer Discretionary,-0.09148616625454349,2.871394538952451e-16
2014-04-24 00:00:00,sector_Consumer Staples,-0.12610574977846498,1.010114891635302e-16
2014-04-24 00:00:00,sector_Energy,0.004880830917234109,2.3810997427542953e-16
2014-04-24 00:00:00,sector_Financials,0.08592978169630171,-1.3792582622298123e-16
2014-04-24 00:00:00,sector_Healthcare,-0.020452475431069272,3.536084940750257e-16
2014-04-24 00:00:00,sector_Industrials,0.011917227191965482,1.082357410473497e-16
2014-04-24 00:00:00,sector_Other,-0.004543023439529889,-4.2578659016055847e-16
2014-04-24 00:00:00,sector_Technology,0.06611962475303203,1.3235474368169422e-16
2014-04-24 00:00:00,sector_Utilities,0.06984948280274389,1.499812338914841e-16
2014-04-24 00:00:00,size_factor,-0.0053991372045063485,1.3539649351324954e-16
2014-04-24 00:00:00,smb_beta,-0.07163302970931928,-4.609609806050057e-16
2014-04-24 00:00:00,rmw_beta,0.0404213949258084,4.216846355716452e-16
2014-05-01 00:00:00,market_beta,0.3799298749106841,-1.3990068575375902e-15
2014-05-01 00:00:00,sector_Consumer Discretionary,0.01943976840305425,-3.2226372848941297e-16
2014-05-01 00:00:00,sector_Consumer Staples,-0.1610238098144448,1.930709910197754e-16
2014-05-01 00:00:00,sector_Energy,-0.1902374852614869,-4.699982283556502e-16
2014-05-01 00:00:00,sector_Financials,0.04852286528434532,-1.6006739534438313e-16
2014-05-01 00:00:00,sector_Healthcare,0.04029841296342955,-1.8812044401298634e-16
2014-05-01 00:00:00,sector_Industrials,0.022639497451147884,3.9852434722509555e-16
2014-05-01 00:00:00,sector_Other,-0.026028852625227035,6.014947847303659e-16
2014-05-01 00:00:00,sector_Technology,0.10888315311025093,-6.031632393877245e-16
2014-05-01 00:00:00,sector_Utilities,0.00948527649288303,-2.7684750670518225e-17
2014-05-01 00:00:00,size_factor,-0.14662985617819133,-2.306173637378874e-16
2014-05-01 00:00:00,smb_beta,0.4214749700542374,-1.4716170543727096e-15
2014-05-01 00:00:00,rmw_beta,-0.40354923794418013,1.6352014302220992e-15
2014-05-08 00:00:00,market_beta,-0.084268249681585,-1.0405489570451871e-16
2014-05-08 00:00:00,sector_Consumer Discretionary,-0.0181625142646009,-8.36289249550615e-17
2014-05-08 00:00:00,sector_Consumer Staples,0.051029058190865,6.087922042522945e-17
2014-05-08 00:00:00,sector_Energy,-0.12738118695597367,4.593419251891474e-17
2014-05-08 00:00:00,sector_Financials,0.05059184560103579,4.50510072938819e-17
2014-05-08 00:00:00,sector_Healthcare,0.11069703299995957,-2.162448350106331e-16
2014-05-08 00:00:00,sector_Industrials,0.06112330901471855,-4.064912188958112e-18
2014-05-08 00:00:00,sector_Other,-0.12894278979757476,1.979237957125958e-17
2014-05-08 00:00:00,sector_Technology,0.0652229991268941,1.3116024850127144e-16
2014-05-08 00:00:00,sector_Utilities,0.07034071309004873,-2.469519966704298e-16
2014-05-08 00:00:00,size_factor,0.009871120581870882,-7.776092500251817e-17
2014-05-08 00:00:00,smb_beta,-0.11037280211718804,1.0853017939838571e-16
2014-05-08 00:00:00,rmw_beta,0.08236632842356281,-5.359749804747812e-17
2014-05-15 00:00:00,market_beta,-0.09126543593054572,-3.3100398286321915e-16
2014-05-15 00:00:00,sector_Consumer Discretionary,-0.10920408348492683,-1.3300531958310237e-16
2014-05-15 00:00:00,sector_Consumer Staples,0.0024925711423905567,-2.4842759271502417e-16
2014-05-15 00:00:00,sector_Energy,-0.014899730950831469,-1.2405909417438974e-16
2014-05-15 00:00:00,sector_Financials,0.04141808489225309,-4.76362606297757e-16
2014-05-15 00:00:00,sector_Healthcare,-0.0252888232115082,-3.9892260020311793e-16
2014-05-15 00:00:00,sector_Industrials,-0.006070930305235731,-2.403701962631139e-16
2014-05-15 00:00:00,sector_Other,0.0031014781543256256,8.4128833682598e-16
2014-05-15 00:00:00,sector_Technology,0.040942905842680816,-2.65323905744641e-16
2014-05-15 00:00:00,sector_Utilities,0.06907096922301831,-1.2368013087207715e-16
2014-05-15 00:00:00,size_factor,0.01313464555447352,-3.961717295417468e-16
2014-05-15 00:00:00,smb_beta,-0.04697696627324582,-2.2912263158574293e-16
2014-05-15 00:00:00,rmw_beta,0.050984916911013305,4.13895803039924e-16
2014-05-22 00:00:00,market_beta,0.16741085272956538,-4.724151613486104e-16
2014-05-22 00:00:00,sector_Consumer Discretionary,0.02617557894478836,-3.3149963797211795e-16
2014-05-22 00:00:00,sector_Consumer Staples,0.02375870305967167,-1.690576369538215e-16
2014-05-22 00:00:00,sector_Energy,0.060061872311409976,-4.6290359747186744e-17
2014-05-22 00:00:00,sector_Financials,0.04033301496590621,-5.734267267650922e-16
2014-05-22 00:00:00,sector_Healthcare,-0.0014672330418461755,-1.0648830726779949e-16
2014-05-22 00:00:00,sector_Industrials,0.03216375000109123,-1.9543778092909233e-16
2014-05-22 00:00:00,sector_Other,-0.08559428301983647,6.95620875560392e-16
2014-05-22 00:00:00,sector_Technology,0.047307446651064,-1.3574233118871923e-16
2014-05-22 00:00:00,sector_Utilities,0.0010921664591888535,-6.973259326858569e-17
2014-05-22 00:00:00,size_factor,0.03086844730481068,-4.884308074376988e-16
2014-05-22 00:00:00,smb_beta,0.20827355166257194,-3.2255188633867994e-16
2014-05-22 00:00:00,rmw_beta,-0.18564115104085788,4.924107271149763e-16
2014-05-30 00:00:00,market_beta,-0.20180445989248036,2.438299214169793e-16
2014-05-30 00:00:00,sector_Consumer Discretionary,-0.021295661350670576,-3.715367891100303e-16
2014-05-30 00:00:00,sector_Consumer Staples,0.09971585242582266,-3.714168084722485e-16
2014-05-30 00:00:00,sector_Energy,0.14699389377235356,-4.185090930156264e-16
2014-05-30 00:00:00,sector_Financials,0.046453519992815294,-6.923315159047758e-16
2014-05-30 00:00:00,sector_Healthcare,-0.03417943954906322,-5.341583980388907e-16
2014-05-30 00:00:00,sector_Industrials,0.0398222209116649,-4.671608060034188e-16
2014-05-30 00:00:00,sector_Other,-0.12138976762117165,1.1933969568068476e-15
2014-05-30 00:00:00,sector_Technology,0.049230764852912653,-2.249935284066376e-16
2014-05-30 00:00:00,sector_Utilities,0.0940734425073379,5.5205832070501125e-16
2014-05-30 00:00:00,size_factor,-0.009822475882600766,-7.743609173802402e-16
2014-05-30 00:00:00,smb_beta,-0.21423041334991552,4.668046921593285e-16
2014-05-30 00:00:00,rmw_beta,0.24965908618527163,-2.959290199918633e-16
2014-06-06 00:00:00,market_beta,-0.3148700398129268,-1.274884881260357e-15
2014-06-06 00:00:00,sector_Consumer Discretionary,-0.1071937120671236,-2.9652428576111726e-16
2014-06-06 00:00:00,sector_Consumer Staples,0.09897379166981285,-1.4937131257278034e-16
2014-06-06 00:00:00,sector_Energy,0.16397623954867585,6.189896587741982e-17
2014-06-06 00:00:00,sector_Financials,-0.13700958086975717,-7.530794451469965e-16
2014-06-06 00:00:00,sector_Healthcare,-0.09565122038837968,-5.25411380462167e-16
2014-06-06 00:00:00,sector_Industrials,0.005378089894336629,-8.861276906232113e-17
2014-06-06 00:00:00,sector_Other,0.045470615007113926,1.2280481344246649e-15
2014-06-06 00:00:00,sector_Technology,0.04391725592044843,-6.533892775610929e-16
2014-06-06 00:00:00,sector_Utilities,0.10402990555259088,-1.6516475964418186e-16
2014-06-06 00:00:00,size_factor,-0.07471223217648075,-5.7531622727441895e-16
2014-06-06 00:00:00,smb_beta,-0.23488343376373466,-1.042452711604881e-15
2014-06-06 00:00:00,rmw_beta,0.3528409039011622,1.2275984658733197e-15
2014-06-13 00:00:00,market_beta,-0.3664819474504742,2.59679143450597e-16
2014-06-13 00:00:00,sector_Consumer Discretionary,0.007239751334703913,-4.470153258685948e-16
2014-06-13 00:00:00,sector_Consumer Staples,0.08513052866813174,-1.8214032022065806e-16
2014-06-13 00:00:00,sector_Energy,0.15564854906706674,-2.672620214339259e-16
2014-06-13 00:00:00,sector_Financials,-0.14695933567684247,-3.961322474794383e-17
2014-06-13 00:00:00,sector_Healthcare,0.016506174202812515,-2.584291328794431e-16
2014-06-13 00:00:00,sector_Industrials,0.030354771678780132,-1.78863040219031e-16
2014-06-13 00:00:00,sector_Other,-0.015015423437835884,8.112351519952068e-16
2014-06-13 00:00:00,sector_Technology,-0.022767163723109614,-4.606739399473626e-16
2014-06-13 00:00:00,sector_Utilities,0.08767762903658766,-1.8862987836759148e-16
2014-06-13 00:00:00,size_factor,0.05507785969028385,-7.270549303185905e-16
2014-06-13 00:00:00,smb_beta,-0.39145493325394004,4.1994337983397052e-16
2014-06-13 00:00:00,rmw_beta,0.40090089741103035,-2.796880033703896e-16
2014-06-20 00:00:00,market_beta,-0.2779955873668329,1.4797135205851548e-15
2014-06-20 00:00:00,sector_Consumer Discretionary,-0.029491697423117677,1.077352564185696e-16
2014-06-20 00:00:00,sector_Consumer Staples,-0.0189798546951823,-5.415793615581953e-16
2014-06-20 00:00:00,sector_Energy,0.0486299240235339,-4.486698389516997e-18
2014-06-20 00:00:00,sector_Financials,-0.1871310536657655,-5.514282097070483e-18
2014-06-20 00:00:00,sector_Healthcare,0.12171842648952845,-3.7075437864420957e-16
2014-06-20 00:00:00,sector_Industrials,0.029123676518078786,-1.9976002272530783e-16
2014-06-20 00:00:00,sector_Other,-0.01668079800362714,1.9011141466012876e-16
2014-06-20 00:00:00,sector_Technology,0.059123504474613196,3.7371836136555864e-16
2014-06-20 00:00:00,sector_Utilities,0.033889389336983954,-2.710124917404581e-16
2014-06-20 00:00:00,size_factor,0.0065572858221270925,-1.9035899210714558e-16
2014-06-20 00:00:00,smb_beta,-0.3319143758289072,1.2896167203613498e-15
2014-06-20 00:00:00,rmw_beta,0.3482148630979198,-1.4889225291895583e-15
2014-06-27 00:00:00,market_beta,-0.20613806458422002,2.2060508081039715e-15
2014-06-27 00:00:00,sector_Consumer Discretionary,-0.045955432674183457,1.212123961988964e-16
2014-06-27 00:00:00,sector_Consumer Staples,0.0030586662304718554,-5.281246134482588e-16
2014-06-27 00:00:00,sector_Energy,-0.05080197079677288,-3.4313106414874845e-16
2014-06-27 00:00:00,sector_Financials,-0.08558072215277257,1.5142815377860211e-16
2014-06-27 00:00:00,sector_Healthcare,-0.03494577222355314,-3.3013218618813255e-16
2014-06-27 00:00:00,sector_Industrials,0.03540926641300885,3.0754229039393596e-17
2014-06-27 00:00:00,sector_Other,0.07468693278720964,2.548638030688856e-16
2014-06-27 00:00:00,sector_Technology,-0.019515636040967066,1.5719083900547662e-16
2014-06-27 00:00:00,sector_Utilities,0.03289267380921483,-2.7400840181757924e-16
2014-06-27 00:00:00,size_factor,-0.05580729227587945,-9.310281631152839e-17
2014-06-27 00:00:00,smb_beta,-0.3243585042436703,2.3674022300470632e-15
2014-06-27 00:00:00,rmw_beta,0.37512222752082885,-2.357819060538901e-15
2014-07-07 00:00:00,market_beta,-0.21110157638730662,1.5817469881742906e-15
2014-07-07 00:00:00,sector_Consumer Discretionary,-0.11173719693613784,2.3767041394866515e-16
2014-07-07 00:00:00,sector_Consumer Staples,0.040934141828781176,-3.244029713392503e-16
2014-07-07 00:00:00,sector_Energy,-0.037435937396325926,-2.1256869312770297e-16
2014-07-07 00:00:00,sector_Financials,-0.05399652029415272,1.6680323346681494e-16
2014-07-07 00:00:00,sector_Healthcare,-0.08566534645479042,2.4588524455267546e-17
2014-07-07 00:00:00,sector_Industrials,0.02928053399750475,-2.5383862187741604e-16
2014-07-07 00:00:00,sector_Other,0.09820140729647552,2.6556293329916397e-17
2014-07-07 00:00:00,sector_Technology,-0.00877073743635492,4.006352736026355e-17
2014-07-07 00:00:00,sector_Utilities,0.034098967856307345,-1.9490133771902033e-16
2014-07-07 00:00:00,size_factor,-0.08614934281228097,-1.3001028460378802e-16
2014-07-07 00:00:00,smb_beta,-0.20954051380211824,1.6356596346800511e-15
2014-07-07 00:00:00,rmw_beta,0.1910169659083862,-1.7429682816802078e-15
2014-07-14 00:00:00,market_beta,0.10409440687667294,4.514749462036263e-15
2014-07-14 00:00:00,sector_Consumer Discretionary,-0.10876027389898006,3.9914166287591846e-16
2014-07-14 00:00:00,sector_Consumer Staples,-0.05086679679445945,-8.490237412805495e-16
2014-07-14 00:00:00,sector_Energy,-0.0032713576028911193,-2.833257723605827e-16
2014-07-14 00:00:00,sector_Financials,-0.04414391603789314,9.396300928520195e-16
2014-07-14 00:00:00,sector_Healthcare,0.06741970223600584,-7.779226583261079e-16
2014-07-14 00:00:00,sector_Industrials,0.03132573412515161,1.5020780797705397e-16
2014-07-14 00:00:00,sector_Other,0.06757720639234588,-1.2323501831021526e-16
2014-07-14 00:00:00,sector_Technology,-0.01053942901597603,6.175121326002766e-16
2014-07-14 00:00:00,sector_Utilities,-0.01251779824436404,-3.848475432197517e-16
2014-07-14 00:00:00,size_factor,-0.2280723408098378,-7.442240196431794e-16
2014-07-14 00:00:00,smb_beta,0.09266229785119984,4.948242718812548e-15
2014-07-14 00:00:00,rmw_beta,-0.07629377477195053,-5.2743185703922346e-15
2014-07-21 00:00:00,market_beta,0.12672020307931306,4.84341585305203e-15
2014-07-21 00:00:00,sector_Consumer Discretionary,-0.033513042057693156,6.469663224984569e-16
2014-07-21 00:00:00,sector_Consumer Staples,-0.029185271599536895,-9.236229624094836e-16
2014-07-21 00:00:00,sector_Energy,0.03716989007136828,-4.229495920841857e-16
2014-07-21 00:00:00,sector_Financials,-0.1381137304901085,5.83605467424191e-16
2014-07-21 00:00:00,sector_Healthcare,0.028243385832348925,-4.404447892273177e-16
2014-07-21 00:00:00,sector_Industrials,0.0015184259705054858,-1.744561858043242e-16
2014-07-21 00:00:00,sector_Other,0.131948640897127,-6.135616343898067e-17
2014-07-21 00:00:00,sector_Technology,-0.1284032190189575,5.291548633608995e-16
2014-07-21 00:00:00,sector_Utilities,0.041824104685024587,-5.335443592431515e-16
2014-07-21 00:00:00,size_factor,-0.08908563099241733,-1.1066183726642855e-15
2014-07-21 00:00:00,smb_beta,0.10727858381736372,5.340889630362409e-15
2014-07-21 00:00:00,rmw_beta,-0.07457021636379813,-5.767880095000158e-15
2014-07-28 00:00:00,market_beta,-0.06170387389393289,1.7410456798670554e-15
2014-07-28 00:00:00,sector_Consumer Discretionary,-0.026667313439398443,2.4890111498308102e-17
2014-07-28 00:00:00,sector_Consumer Staples,0.01851326179149167,-3.946448717878264e-16
2014-07-28 00:00:00,sector_Energy,0.010092310491610867,-1.4531902476196005e-16
2014-07-28 00:00:00,sector_Financials,-0.09149580171688175,-5.595947653940905e-17
2014-07-28 00:00:00,sector_Healthcare,0.037428409655612116,-2.745918499957049e-16
2014-07-28 00:00:00,sector_Industrials,0.01607920496523967,-7.108053612126942e-17
2014-07-28 00:00:00,sector_Other,0.03862254687432692,2.538320585006613e-16
2014-07-28 00:00:00,sector_Technology,-0.056832473185941396,3.361602048872107e-16
2014-07-28 00:00:00,sector_Utilities,0.08045596798237127,-2.1267178917368734e-16
2014-07-28 00:00:00,size_factor,-0.0009228746606141233,-6.467076866490642e-16
2014-07-28 00:00:00,smb_beta,0.02619069842401834,1.9541912953091468e-15
2014-07-28 00:00:00,rmw_beta,-0.006169823146322392,-2.090531850691546e-15
2014-08-04 00:00:00,market_beta,-0.04310073110489405,3.411954114497611e-15
2014-08-04 00:00:00,sector_Consumer Discretionary,-0.06793708153740675,1.9310046439361858e-16
2014-08-04 00:00:00,sector_Consumer Staples,0.048019128953548866,-7.947184647900782e-16
2014-08-04 00:00:00,sector_Energy,-0.004771141043466793,-2.2063471697703168e-16
2014-08-04 00:00:00,sector_Financials,-0.1291087093934248,4.911567309959389e-16
2014-08-04 00:00:00,sector_Healthcare,0.029890654090209894,-2.686065900518516e-16
2014-08-04 00:00:00,sector_Industrials,0.045225030142759345,-1.6377744958201402e-16
2014-08-04 00:00:00,sector_Other,0.046506021257000825,1.5673045241811167e-17
2014-08-04 00:00:00,sector_Technology,-0.028698294544727353,4.848585500912023e-16
2014-08-04 00:00:00,sector_Utilities,0.038636890245576504,-3.8655037294845547e-16
2014-08-04 00:00:00,size_factor,0.03943569842015581,-1.1217007607679475e-15
2014-08-04 00:00:00,smb_beta,-0.03255209778736685,3.808694899690858e-15
2014-08-04 00:00:00,rmw_beta,0.11273148795911389,-4.068977214994588e-15
2014-08-11 00:00:00,market_beta,-0.04981671341102718,2.0208183858946423e-16
2014-08-11 00:00:00,sector_Consumer Discretionary,-0.07459192484233548,2.5559925308830765e-16
2014-08-11 00:00:00,sector_Consumer Staples,0.08341487048104931,1.1625681311971811e-17
2014-08-11 00:00:00,sector_Energy,-0.020032320534569485,8.844367126148683e-17
2014-08-11 00:00:00,sector_Financials,-0.14758459056800458,1.0771612131556203e-16
2014-08-11 00:00:00,sector_Healthcare,0.03097786050038912,1.977254829628125e-16
2014-08-11 00:00:00,sector_Industrials,0.05741249671675329,1.7444029170951639e-16
2014-08-11 00:00:00,sector_Other,-0.002057648107376448,-1.1231435221762983e-17
2014-08-11 00:00:00,sector_Technology,0.040235155044224,-5.065562136971149e-16
2014-08-11 00:00:00,sector_Utilities,0.04913753458808034,-9.12326408241164e-17
2014-08-11 00:00:00,size_factor,0.009571648923572991,1.319142981261356e-16
2014-08-11 00:00:00,smb_beta,-0.17640242303633658,1.42929637661365e-16
2014-08-11 00:00:00,rmw_beta,0.26119886132477593,-2.388770148765116e-16
2014-08-18 00:00:00,market_beta,0.012269051724437607,4.693488473912055e-16
2014-08-18 00:00:00,sector_Consumer Discretionary,-0.07618746509178043,-4.777358203929227e-18
2014-08-18 00:00:00,sector_Consumer Staples,0.1489757860049493,-1.0978463364564416e-16
2014-08-18 00:00:00,sector_Energy,0.057016304496059066,-4.818563355573721e-17
2014-08-18 00:00:00,sector_Financials,-0.07469180070102324,-2.0217502299515397e-17
2014-08-18 00:00:00,sector_Healthcare,-0.06703330402215957,3.911071405539442e-17
2014-08-18 00:00:00,sector_Industrials,0.03866561335739506,-4.271940436136377e-17
2014-08-18 00:00:00,sector_Other,0.004040102789446401,1.5002405380428106e-16
2014-08-18 00:00:00,sector_Technology,0.007755008635182094,-4.538855259169735e-17
2014-08-18 00:00:00,sector_Utilities,0.06346992503674127,-2.540781242739899e-16
2014-08-18 00:00:00,size_factor,0.04538947336108244,-2.910176051983945e-16
2014-08-18 00:00:00,smb_beta,-0.1781126032987142,5.5103809125432525e-16
2014-08-18 00:00:00,rmw_beta,0.3041351472010768,-8.046007346185341e-16
2014-08-25 00:00:00,market_beta,0.025751961286058958,2.0136431454857377e-16
2014-08-25 00:00:00,sector_Consumer Discretionary,-0.16555801735036796,1.5009525199142508e-16
2014-08-25 00:00:00,sector_Consumer Staples,5.568225110021541e-05,8.86212417151843e-17
2014-08-25 00:00:00,sector_Energy,0.11527050379271052,1.5251239289959333e-16
2014-08-25 00:00:00,sector_Financials,-0.10612142120065571,3.1890608816698427e-16
2014-08-25 00:00:00,sector_Healthcare,0.11918429651664762,2.5754395464364226e-16
2014-08-25 00:00:00,sector_Industrials,-0.09977327065764435,6.639948732471506e-17
2014-08-25 00:00:00,sector_Other,0.10808626999785644,8.645204201746327e-17
2014-08-25 00:00:00,sector_Technology,-0.07972897546713455,-9.006161371761538e-16
2014-08-25 00:00:00,sector_Utilities,0.06341561443838263,1.6956182794584378e-16
2014-08-25 00:00:00,size_factor,0.04972435538244552,-3.108685372560997e-16
2014-08-25 00:00:00,smb_beta,-0.2654849086866577,6.104881557917408e-17
2014-08-25 00:00:00,rmw_beta,0.19214695944094878,-1.380870547677841e-16
2014-09-02 00:00:00,market_beta,-0.0847200308352726,1.2432828988666118e-15
2014-09-02 00:00:00,sector_Consumer Discretionary,-0.00030853742592211914,9.454395655875722e-17
2014-09-02 00:00:00,sector_Consumer Staples,0.06673025105157944,-1.327392962343715e-16
2014-09-02 00:00:00,sector_Energy,0.12036762208608247,2.0814864262980776e-16
2014-09-02 00:00:00,sector_Financials,-0.11872281693605702,1.3727563266195352e-16
2014-09-02 00:00:00,sector_Healthcare,-0.005042721778238288,1.4198895910528237e-16
2014-09-02 00:00:00,sector_Industrials,-0.09917096731233135,-1.1835247108455145e-16
2014-09-02 00:00:00,sector_Other,0.04339875991195421,-3.363382082395344e-17
2014-09-02 00:00:00,sector_Technology,0.024480772897356378,-6.70907095372332e-17
2014-09-02 00:00:00,sector_Utilities,-0.07057320382891988,-2.686531623327025e-16
2014-09-02 00:00:00,size_factor,0.03925021625168307,-3.6224645860830664e-16
2014-09-02 00:00:00,smb_beta,-0.06049091889559549,1.7026462017221704e-15
2014-09-02 00:00:00,rmw_beta,0.06952413589156699,-1.8258816638776017e-15
2014-09-09 00:00:00,market_beta,-0.0700084608408939,2.7874894595227012e-16
2014-09-09 00:00:00,sector_Consumer Discretionary,-0.04207954303025452,8.78071201108797e-18
2014-09-09 00:00:00,sector_Consumer Staples,0.0585355351837041,-4.654217397907778e-17
2014-09-09 00:00:00,sector_Energy,0.08402860897196016,-5.322518573454793e-17
2014-09-09 00:00:00,sector_Financials,-0.1179879215224415,1.1646814212686022e-16
2014-09-09 00:00:00,sector_Healthcare,-0.040933990842603574,1.5293796440900837e-17
2014-09-09 00:00:00,sector_Industrials,-0.008501275732146743,-2.1131351386345047e-17
2014-09-09 00:00:00,sector_Other,0.0520461774313553,-7.051799010458884e-17
2014-09-09 00:00:00,sector_Technology,0.0015395784712005191,9.160957015210387e-17
2014-09-09 00:00:00,sector_Utilities,0.0033905131513235465,8.374498582649007e-18
2014-09-09 00:00:00,size_factor,0.08584032850306324,-2.1829608150085048e-16
2014-09-09 00:00:00,smb_beta,-0.017978333660512515,6.374521044564133e-16
2014-09-09 00:00:00,rmw_beta,0.004399209311303849,-7.261688134061267e-16
2014-09-16 00:00:00,market_beta,-0.24608465932012707,7.920117864891324e-16
2014-09-16 00:00:00,sector_Consumer Discretionary,-0.007284365631464039,1.259805343504454e-16
2014-09-16 00:00:00,sector_Consumer Staples,0.0727649725494924,-1.3109156577181033e-16
2014-09-16 00:00:00,sector_Energy,0.08934315231995774,-2.1601120065132696e-16
2014-09-16 00:00:00,sector_Financials,-0.10133956877164861,3.34643714693962e-17
2014-09-16 00:00:00,sector_Healthcare,-0.029837089493526574,-5.953135556134693e-17
2014-09-16 00:00:00,sector_Industrials,-0.004710413486183933,1.6528303366582114e-17
2014-09-16 00:00:00,sector_Other,0.029054292600015966,4.357022899136891e-17
2014-09-16 00:00:00,sector_Technology,-0.015450789858206344,7.314702908190394e-17
2014-09-16 00:00:00,sector_Utilities,-0.017594370519828553,-8.052749588259393e-17
2014-09-16 00:00:00,size_factor,0.0423627811207988,-3.1130709380582956e-16
2014-09-16 00:00:00,smb_beta,-0.3813814191631321,1.4290034869936242e-15
2014-09-16 00:00:00,rmw_beta,0.38285617818417533,-1.4435657916788803e-15
2014-09-23 00:00:00,market_beta,-0.12101606766983841,7.587413153124323e-16
2014-09-23 00:00:00,sector_Consumer Discretionary,0.00028372754384253156,1.7112160127924467e-16
2014-09-23 00:00:00,sector_Consumer Staples,-0.012771911628811708,-1.5923599605713407e-16
2014-09-23 00:00:00,sector_Energy,0.08292012731594502,-1.1443711923709446e-16
2014-09-23 00:00:00,sector_Financials,-0.059091223079626165,5.430076750083855e-17
2014-09-23 00:00:00,sector_Healthcare,-0.16045622584944794,5.0680716334115986e-18
2014-09-23 00:00:00,sector_Industrials,-0.007367410448242162,-5.1487958601640554e-17
2014-09-23 00:00:00,sector_Other,0.09854344107816647,1.2675057864316038e-16
2014-09-23 00:00:00,sector_Technology,-0.009758255625943514,-2.112678587940942e-16
2014-09-23 00:00:00,sector_Utilities,0.00046257251043383194,-4.807803465534256e-17
2014-09-23 00:00:00,size_factor,-0.029815032011966,-8.651444309190811e-17
2014-09-23 00:00:00,smb_beta,-0.1343358948214589,1.0705684208329904e-15
2014-09-23 00:00:00,rmw_beta,0.207464993863243,-1.1664833450666707e-15
2014-09-30 00:00:00,market_beta,-0.14008847647400208,2.0774505421400398e-15
2014-09-30 00:00:00,sector_Consumer Discretionary,-0.11792382910296985,3.4977814532812805e-16
2014-09-30 00:00:00,sector_Consumer Staples,0.051565060086391654,-5.690915715088258e-16
2014-09-30 00:00:00,sector_Energy,0.12522096559014737,-6.435119433073168e-16
2014-09-30 00:00:00,sector_Financials,-0.1101595942162103,1.530078593898604e-16
2014-09-30 00:00:00,sector_Healthcare,-0.04743476926550246,-3.310170029937503e-16
2014-09-30 00:00:00,sector_Industrials,0.02287916383303135,2.8349687585180506e-17
2014-09-30 00:00:00,sector_Other,0.07159482414527346,3.317570505296861e-16
2014-09-30 00:00:00,sector_Technology,-0.0022045924344524202,-3.433144703494635e-17
2014-09-30 00:00:00,sector_Utilities,0.022837757813354734,-2.4265071092995324e-16
2014-09-30 00:00:00,size_factor,-0.11259884287065669,-7.191899696737269e-16
2014-09-30 00:00:00,smb_beta,-0.08274544632815778,3.314325842742399e-15
2014-09-30 00:00:00,rmw_beta,0.1304527918267476,-3.5309775812078637e-15
2014-10-07 00:00:00,market_beta,-0.19075279208066223,1.4577006350788913e-15
2014-10-07 00:00:00,sector_Consumer Discretionary,-0.04251638354526887,-5.65608845278716e-17
2014-10-07 00:00:00,sector_Consumer Staples,0.003332309638330053,-2.0140716521493185e-16
2014-10-07 00:00:00,sector_Energy,0.1056497211723297,-4.265413149054089e-16
2014-10-07 00:00:00,sector_Financials,-0.11530366510735698,1.5589165380452158e-16
2014-10-07 00:00:00,sector_Healthcare,-0.04804666413287542,-1.6691429599272007e-16
2014-10-07 00:00:00,sector_Industrials,0.01613677226872196,7.215342006014993e-18
2014-10-07 00:00:00,sector_Other,0.06879265088017504,2.5994087222630587e-16
2014-10-07 00:00:00,sector_Technology,0.012520925336442447,-2.5051123866837988e-17
2014-10-07 00:00:00,sector_Utilities,-0.0287251200959473,-3.5965511559554694e-16
2014-10-07 00:00:00,size_factor,-0.09704088112159083,-4.1463409584723794e-16
2014-10-07 00:00:00,smb_beta,-0.06753942257009382,2.1171100172868196e-15
2014-10-07 00:00:00,rmw_beta,0.2086125692446368,-2.3020399007171896e-15
2014-10-14 00:00:00,market_beta,0.045325515858381626,5.919880971405247e-16
2014-10-14 00:00:00,sector_Consumer Discretionary,-0.047942277289969006,-1.8032768650649605e-17
2014-10-14 00:00:00,sector_Consumer Staples,0.024978288208899753,-3.0061730590208486e-16
2014-10-14 00:00:00,sector_Energy,0.08301278084159379,-2.410639923105204e-16
2014-10-14 00:00:00,sector_Financials,-0.0075240858364196556,2.704789423420139e-16
2014-10-14 00:00:00,sector_Healthcare,-0.013198332585095483,8.662397499842275e-17
2014-10-14 00:00:00,sector_Industrials,0.010943733132791442,-1.420501894128567e-16
2014-10-14 00:00:00,sector_Other,0.02031142783557822,3.9022710911239753e-17
2014-10-14 00:00:00,sector_Technology,-0.001310771405963444,8.111637435666213e-17
2014-10-14 00:00:00,sector_Utilities,-0.06809534038073997,-2.644859248737003e-16
2014-10-14 00:00:00,size_factor,-0.08818393992296883,-5.70663841483155e-16
2014-10-14 00:00:00,smb_beta,0.1322731590129702,1.3252901398742136e-15
2014-10-14 00:00:00,rmw_beta,-0.07304634177434235,-1.4231758515905682e-15
2014-10-21 00:00:00,market_beta,-0.0620373039741737,-1.7454580349203583e-18
2014-10-21 00:00:00,sector_Consumer Discretionary,0.0036533235360456124,-1.813376580729955e-16
2014-10-21 00:00:00,sector_Consumer Staples,0.09422344711232632,-3.601527236974194e-16
2014-10-21 00:00:00,sector_Energy,0.0610406920628585,-3.706260280615385e-16
2014-10-21 00:00:00,sector_Financials,0.03762151880607383,3.284961668235747e-18
2014-10-21 00:00:00,sector_Healthcare,0.178541903211634,2.3815972094709166e-17
2014-10-21 00:00:00,sector_Industrials,-0.0091347542951621,-1.8695634508823668e-16
2014-10-21 00:00:00,sector_Other,-0.09441192915669415,1.8119626757562745e-16
2014-10-21 00:00:00,sector_Technology,-0.07375644352255564,2.544142388649734e-16
2014-10-21 00:00:00,sector_Utilities,-0.04728437355933727,-9.12038264579563e-17
2014-10-21 00:00:00,size_factor,0.08831825221007725,-6.268800952045504e-16
2014-10-21 00:00:00,smb_beta,-0.21757750383866525,2.8042609594121244e-16
2014-10-21 00:00:00,rmw_beta,0.18302652807832198,-2.786709142967579e-16
2014-10-28 00:00:00,market_beta,0.47939437073562735,-4.695513762535617e-16
2014-10-28 00:00:00,sector_Consumer Discretionary,0.04281018799745747,1.8896823486569696e-16
2014-10-28 00:00:00,sector_Consumer Staples,-0.028415153488761707,2.747762194812901e-16
2014-10-28 00:00:00,sector_Energy,0.009714172764385123,7.703189824615679e-17
2014-10-28 00:00:00,sector_Financials,0.03534352713322465,4.003848383531702e-16
2014-10-28 00:00:00,sector_Healthcare,0.014663949554251075,-3.624674743834841e-16
2014-10-28 00:00:00,sector_Industrials,-0.018121398767460616,5.890319154792274e-17
2014-10-28 00:00:00,sector_Other,-0.060434771075268186,-2.288578116356049e-16
2014-10-28 00:00:00,sector_Technology,0.07860357502394416,3.269034303715694e-17
2014-10-28 00:00:00,sector_Utilities,-0.06074626581606277,9.774101286940556e-18
2014-10-28 00:00:00,size_factor,0.10276128912874945,9.260818296787243e-16
2014-10-28 00:00:00,smb_beta,-0.048574450767734347,-2.5728688865745267e-16
2014-10-28 00:00:00,rmw_beta,-0.2574068702600409,3.6937403564120546e-16
2014-11-04 00:00:00,market_beta,-0.09223680746484865,-1.8236537117396349e-16
2014-11-04 00:00:00,sector_Consumer Discretionary,0.1593065195932263,1.1318669299656824e-16
2014-11-04 00:00:00,sector_Consumer Staples,0.0974371972187225,-1.6094900353868888e-16
2014-11-04 00:00:00,sector_Energy,0.047554724510376394,-1.3195103106682984e-16
2014-11-04 00:00:00,sector_Financials,0.06303939113728732,-2.37412300818091e-16
2014-11-04 00:00:00,sector_Healthcare,0.001051764830969295,-1.2783739274820283e-16
2014-11-04 00:00:00,sector_Industrials,-0.06996430874026863,-1.7693422459454606e-16
2014-11-04 00:00:00,sector_Other,-0.13389064238277754,2.2330337227407456e-16
2014-11-04 00:00:00,sector_Technology,0.06514219193867073,7.973042223088489e-17
2014-11-04 00:00:00,sector_Utilities,-0.0671028571823222,-2.6267402291740366e-17
2014-11-04 00:00:00,size_factor,0.19739812097468723,-4.325140451636018e-16
2014-11-04 00:00:00,smb_beta,-0.15415795433256704,-2.156744420009193e-16
2014-11-04 00:00:00,rmw_beta,0.091940408973268,2.28700120074697e-16
2014-11-11 00:00:00,market_beta,-0.1514998471147238,-1.326866033008592e-16
2014-11-11 00:00:00,sector_Consumer Discretionary,0.05040024534502899,-1.8671844215363224e-16
2014-11-11 00:00:00,sector_Consumer Staples,0.0836334552744442,1.9468179070852034e-16
2014-11-11 00:00:00,sector_Energy,0.034244573594915055,-8.317807322374329e-17
2014-11-11 00:00:00,sector_Financials,-0.04760047034274502,5.442559043362996e-18
2014-11-11 00:00:00,sector_Healthcare,0.02756155983505406,-2.7212795216814976e-17
2014-11-11 00:00:00,sector_Industrials,-0.07230597870239913,3.8905952719687885e-17
2014-11-11 00:00:00,sector_Other,-0.028653321897846352,1.37810945810252e-16
2014-11-11 00:00:00,sector_Technology,0.023059547171695536,-1.64191947125441e-16
2014-11-11 00:00:00,sector_Utilities,-0.08574843211331597,-2.3558649165252603e-17
2014-11-11 00:00:00,size_factor,0.1315124920709556,-2.0125212925086036e-16
2014-11-11 00:00:00,smb_beta,-0.14922081818555638,9.805849202324079e-17
2014-11-11 00:00:00,rmw_beta,0.16073480816591162,-4.082113789402165e-17
2014-11-18 00:00:00,market_beta,-0.07736010948901863,4.2167347557843864e-16
2014-11-18 00:00:00,sector_Consumer Discretionary,0.0013562792711798413,6.989288728870041e-17
2014-11-18 00:00:00,sector_Consumer Staples,-0.01997528018953868,-2.1472749997925806e-17
2014-11-18 00:00:00,sector_Energy,0.032149113013395236,1.20807160644496e-17
2014-11-18 00:00:00,sector_Financials,-3.624449027240768e-05,-9.897722177778685e-18
2014-11-18 00:00:00,sector_Healthcare,-0.05102100940781018,-1.1702600927844207e-16
2014-11-18 00:00:00,sector_Industrials,-0.07502734625734857,1.9700004850973312e-16
2014-11-18 00:00:00,sector_Other,0.07318983558643082,-3.6544432423708795e-17
2014-11-18 00:00:00,sector_Technology,-0.056997152052983495,4.4848047485307605e-17
2014-11-18 00:00:00,sector_Utilities,0.03512923506547606,-6.158001403075062e-18
2014-11-18 00:00:00,size_factor,0.009235214161141807,-1.4822709291116865e-16
2014-11-18 00:00:00,smb_beta,-0.03193909138917984,3.299802967097393e-16
2014-11-18 00:00:00,rmw_beta,0.02392655933316853,-4.746815710452908e-16
2014-11-25 00:00:00,market_beta,-0.12547290215732426,2.5789859393616725e-16
2014-11-25 00:00:00,sector_Consumer Discretionary,-0.05072388840678872,-3.1083123811951834e-16
2014-11-25 00:00:00,sector_Consumer Staples,0.006848177750614812,-3.059097777807766e-16
2014-11-25 00:00:00,sector_Energy,-0.025773354844387822,-9.43376642052665e-17
2014-11-25 00:00:00,sector_Financials,0.013472368361128612,2.7656363655935204e-16
2014-11-25 00:00:00,sector_Healthcare,0.0390273021397217,-1.9240471252764992e-16
2014-11-25 00:00:00,sector_Industrials,-0.16755232044585708,-1.9383350246867857e-16
2014-11-25 00:00:00,sector_Other,0.009451616411817519,2.3183148136653565e-16
2014-11-25 00:00:00,sector_Technology,0.05876495326823191,1.1079914118740246e-16
2014-11-25 00:00:00,sector_Utilities,0.006310480274584043,-1.1191559590020818e-16
2014-11-25 00:00:00,size_factor,-0.024170531335478824,-1.5357823964408572e-16
2014-11-25 00:00:00,smb_beta,-0.048589277255279346,4.449711384953282e-16
2014-11-25 00:00:00,rmw_beta,0.024625998049996916,-5.324692206555778e-16
2014-12-03 00:00:00,market_beta,0.06226776827731102,8.738313766823614e-16
2014-12-03 00:00:00,sector_Consumer Discretionary,0.01070611953981278,-4.828203424201761e-18
2014-12-03 00:00:00,sector_Consumer Staples,-0.08003019591536695,-4.944910899684409e-17
2014-12-03 00:00:00,sector_Energy,-0.013230865160119357,-7.932103752361714e-17
2014-12-03 00:00:00,sector_Financials,0.10998820887314859,9.411914478235813e-17
2014-12-03 00:00:00,sector_Healthcare,-0.09805339995403314,5.2719658417609516e-17
2014-12-03 00:00:00,sector_Industrials,-0.05769203362003032,1.991923059194765e-17
2014-12-03 00:00:00,sector_Other,0.051497940549740405,-9.596890179327817e-17
2014-12-03 00:00:00,sector_Technology,-7.762106804839931e-05,6.418044209000572e-17
2014-12-03 00:00:00,sector_Utilities,-0.0062538472673843585,-8.045657525757685e-17
2014-12-03 00:00:00,size_factor,-0.05046072111879039,1.5675362357260515e-16
2014-12-03 00:00:00,smb_beta,0.11234025694896455,9.991618959446796e-16
2014-12-03 00:00:00,rmw_beta,-0.17145820715658544,-1.1216798674260993e-15
2014-12-10 00:00:00,market_beta,-0.048195908449061735,6.268204162887713e-16
2014-12-10 00:00:00,sector_Consumer Discretionary,-0.07367315827710434,-8.69393244462416e-16
2014-12-10 00:00:00,sector_Consumer Staples,0.11780287257975733,-5.720958522297997e-16
2014-12-10 00:00:00,sector_Energy,0.04286879809890388,-2.30140985609207e-16
2014-12-10 00:00:00,sector_Financials,-0.04665317347386445,7.522670687694884e-16
2014-12-10 00:00:00,sector_Healthcare,-0.05904920001712484,4.0297914350553767e-16
2014-12-10 00:00:00,sector_Industrials,0.013746393800436683,-2.999967991749334e-16
2014-12-10 00:00:00,sector_Other,-0.027810969350200457,2.1322415900026023e-17
2014-12-10 00:00:00,sector_Technology,0.0831083553375465,2.363813359945481e-16
2014-12-10 00:00:00,sector_Utilities,0.046151853013444454,-1.62911523848846e-16
2014-12-10 00:00:00,size_factor,0.10042341757467584,-2.322114818228753e-16
2014-12-10 00:00:00,smb_beta,-0.04158643775003422,8.805305668944045e-16
2014-12-10 00:00:00,rmw_beta,0.029700360762632844,-8.776994593102117e-16
2014-12-17 00:00:00,market_beta,-0.22436978726054152,-1.2385139691164205e-16
2014-12-17 00:00:00,sector_Consumer Discretionary,-0.015213404268554201,-4.2732150988526254e-17
2014-12-17 00:00:00,sector_Consumer Staples,0.1644034232167751,-2.0912673769541332e-17
2014-12-17 00:00:00,sector_Energy,-0.042319610209307135,-5.83544107998998e-17
2014-12-17 00:00:00,sector_Financials,0.04474534342539051,-2.5401428876978446e-16
2014-12-17 00:00:00,sector_Healthcare,0.06142312125507065,5.4237926427711976e-17
2014-12-17 00:00:00,sector_Industrials,0.05794222629369717,1.0007764206659694e-16
2014-12-17 00:00:00,sector_Other,-0.07571614299340987,2.4415246595048636e-16
2014-12-17 00:00:00,sector_Technology,-0.04360611584942978,-2.679319249476835e-16
2014-12-17 00:00:00,sector_Utilities,-0.034889307661988216,-6.98691606194224e-18
2014-12-17 00:00:00,size_factor,0.116726824677347,-4.36776590123717e-16
2014-12-17 00:00:00,smb_beta,-0.2619661591113748,1.4437640467638616e-16
2014-12-17 00:00:00,rmw_beta,0.19364542448195834,-9.003599213010243e-17
2014-12-24 00:00:00,market_beta,0.11117521020002268,1.268483812636697e-15
2014-12-24 00:00:00,sector_Consumer Discretionary,0.10934472636448156,-2.436113784299234e-16
2014-12-24 00:00:00,sector_Consumer Staples,0.09442566580132077,-5.218562963592423e-16
2014-12-24 00:00:00,sector_Energy,0.02120531238299428,1.5599613441221343e-16
2014-12-24 00:00:00,sector_Financials,0.012102663433775704,7.389794558214728e-17
2014-12-24 00:00:00,sector_Healthcare,-0.126320859212742,3.140662687241259e-16
2014-12-24 00:00:00,sector_Industrials,0.11903749439077531,-3.724889185910562e-17
2014-12-24 00:00:00,sector_Other,-0.024013088992238536,4.1815787328076947e-16
2014-12-24 00:00:00,sector_Technology,-0.055305585748710036,-5.243743583025822e-16
2014-12-24 00:00:00,sector_Utilities,-0.014723145093365789,-5.824439971606355e-17
2014-12-24 00:00:00,size_factor,0.13048729817577992,-4.801791519604738e-16
2014-12-24 00:00:00,smb_beta,0.20185846161329932,1.5604260832436001e-15
2014-12-24 00:00:00,rmw_beta,-0.034500113991702,-1.9846774288996927e-15
2015-01-02 00:00:00,market_beta,-0.128804713027605,-1.2267362970387885e-15
2015-01-02 00:00:00,sector_Consumer Discretionary,-0.004454957294388698,2.912993791260911e-17
2015-01-02 00:00:00,sector_Consumer Staples,0.1767314355558828,1.937484499104851e-16
2015-01-02 00:00:00,sector_Energy,0.017651260254398043,-7.926387396697955e-17
2015-01-02 00:00:00,sector_Financials,0.08709391790094242,-2.0400054889372184e-16
2015-01-02 00:00:00,sector_Healthcare,0.12778010538637224,-1.5081752641948305e-17
2015-01-02 00:00:00,sector_Industrials,0.07201142421143174,-2.8167730967295934e-16
2015-01-02 00:00:00,sector_Other,-0.19801566770674606,2.483619484436684e-16
2015-01-02 00:00:00,sector_Technology,0.02844406479121701,-7.433675106268536e-16
2015-01-02 00:00:00,sector_Utilities,-0.03134098584543613,1.7210169534861665e-15
2015-01-02 00:00:00,size_factor,0.10592990660661966,-7.189788422035056e-17
2015-01-02 00:00:00,smb_beta,-0.2767856609225124,-1.272763340892886e-15
2015-01-02 00:00:00,rmw_beta,0.19251296793872077,1.3966127500936557e-15
2015-01-09 00:00:00,market_beta,0.15742928279636673,-1.6127554379641344e-16
2015-01-09 00:00:00,sector_Consumer Discretionary,0.005890973798077083,-5.698301710503304e-17
2015-01-09 00:00:00,sector_Consumer Staples,-0.057078147704384914,7.43251514341869e-17
2015-01-09 00:00:00,sector_Energy,-0.07328501887730562,-1.3026953348481144e-16
2015-01-09 00:00:00,sector_Financials,0.15728042729055344,1.23281407666737e-16
2015-01-09 00:00:00,sector_Healthcare,0.12195505418252554,6.145220015192086e-17
2015-01-09 00:00:00,sector_Industrials,-0.05687490975768096,2.172604465574578e-16
2015-01-09 00:00:00,sector_Other,-0.08878828564136301,-7.672811926889842e-17
2015-01-09 00:00:00,sector_Technology,0.023903367205422014,-1.9413074569169309e-16
2015-01-09 00:00:00,sector_Utilities,-0.017437208596122765,-1.2806085736836155e-17
2015-01-09 00:00:00,size_factor,0.02441153902164034,-8.296518591968609e-17
2015-01-09 00:00:00,smb_beta,-0.012036907340380081,-3.5388565486252744e-16
2015-01-09 00:00:00,rmw_beta,-0.08563962805306552,2.091175145622487e-16
2015-01-16 00:00:00,market_beta,-0.31648422966630274,1.223781798188545e-15
2015-01-16 00:00:00,sector_Consumer Discretionary,-0.00043288619727230093,-3.581773004370125e-16
2015-01-16 00:00:00,sector_Consumer Staples,0.11205992957362002,-2.6382732964858335e-16
2015-01-16 00:00:00,sector_Energy,-0.03485160164518501,8.580474232854088e-17
2015-01-16 00:00:00,sector_Financials,0.03637253286194788,8.179675314185197e-18
2015-01-16 00:00:00,sector_Healthcare,0.08396034310536656,4.907805188511118e-18
2015-01-16 00:00:00,sector_Industrials,0.015117464093829388,-1.679199847740494e-17
2015-01-16 00:00:00,sector_Other,-0.04091483613384946,5.227527014451359e-16
2015-01-16 00:00:00,sector_Technology,-0.07512948519557246,-4.3831407217138414e-16
2015-01-16 00:00:00,sector_Utilities,-0.04234183768251513,-1.6337953466818969e-16
2015-01-16 00:00:00,size_factor,-0.029507730551946863,-6.118563870467256e-16
2015-01-16 00:00:00,smb_beta,-0.3465876762144359,1.4210405868200128e-15
2015-01-16 00:00:00,rmw_beta,0.3346323247666828,-1.6324326635029835e-15
2015-01-26 00:00:00,market_beta,0.0004620101548612307,3.2692840994055066e-16
2015-01-26 00:00:00,sector_Consumer Discretionary,0.03727288679815625,-1.0216416281286652e-16
2015-01-26 00:00:00,sector_Consumer Staples,0.018404872337433684,-4.776335617243591e-16
2015-01-26 00:00:00,sector_Energy,-0.031305745282209696,2.2470347871292528e-17
2015-01-26 00:00:00,sector_Financials,0.10853959510637692,-1.60097242848964e-16
2015-01-26 00:00:00,sector_Healthcare,-0.06370061069736725,6.486974111445048e-17
2015-01-26 00:00:00,sector_Industrials,0.040559024289643336,4.404658737014508e-17
2015-01-26 00:00:00,sector_Other,-0.0856776309240175,5.762028572921827e-16
2015-01-26 00:00:00,sector_Technology,0.06867778309805564,-5.618686443556197e-16
2015-01-26 00:00:00,sector_Utilities,-0.01537740724999442,-5.0178021021802454e-17
2015-01-26 00:00:00,size_factor,-0.12965087759615015,-3.9270778726710393e-16
2015-01-26 00:00:00,smb_beta,0.060513913557690785,6.484091787363037e-16
2015-01-26 00:00:00,rmw_beta,0.09040279618558107,-7.495873944913328e-16
2015-02-02 00:00:00,market_beta,0.24061957993615296,4.879468611337892e-16
2015-02-02 00:00:00,sector_Consumer Discretionary,0.004080232897179621,-1.3436221073911075e-16
2015-02-02 00:00:00,sector_Consumer Staples,-0.0006536989527166161,-3.748711103948449e-16
2015-02-02 00:00:00,sector_Energy,0.0498613609509747,9.368396196309137e-17
2015-02-02 00:00:00,sector_Financials,0.19039232864405364,-1.9490779118023423e-16
2015-02-02 00:00:00,sector_Healthcare,-0.08550427630308777,1.5691132647361816e-16
2015-02-02 00:00:00,sector_Industrials,-0.06708077362101458,-1.7707949161480656e-16
2015-02-02 00:00:00,sector_Other,-0.008100584265345354,3.9079880368349215e-16
2015-02-02 00:00:00,sector_Technology,-0.01976850124229535,-1.355022921402314e-16
2015-02-02 00:00:00,sector_Utilities,-0.07162894965696509,2.9482666040412126e-17
2015-02-02 00:00:00,size_factor,0.01971059154466452,-3.931989311993401e-16
2015-02-02 00:00:00,smb_beta,0.017725854313393328,6.296559128559905e-16
2015-02-02 00:00:00,rmw_beta,-0.07151540170812495,-9.49573752638831e-16
2015-02-09 00:00:00,market_beta,-0.1109279482823824,8.233294190830221e-16
2015-02-09 00:00:00,sector_Consumer Discretionary,-0.04192243939923563,-2.4480396286458107e-16
2015-02-09 00:00:00,sector_Consumer Staples,0.006717922809944726,1.1721030059462373e-16
2015-02-09 00:00:00,sector_Energy,0.008877407818532034,1.4778411701826856e-16
2015-02-09 00:00:00,sector_Financials,0.1530774451239354,4.3756441122420573e-16
2015-02-09 00:00:00,sector_Healthcare,0.10249430502895786,7.292740187070094e-17
2015-02-09 00:00:00,sector_Industrials,-0.028939333602160465,2.138745076121284e-16
2015-02-09 00:00:00,sector_Other,-0.05431373324530795,-5.944767850876025e-17
2015-02-09 00:00:00,sector_Technology,-0.05317150543964377,-3.4988616402943835e-16
2015-02-09 00:00:00,sector_Utilities,-0.03298713618993629,1.436250288978507e-17
2015-02-09 00:00:00,size_factor,-0.034789529899119556,-2.1714167977623638e-16
2015-02-09 00:00:00,smb_beta,-0.08442025794007436,5.327904038615311e-16
2015-02-09 00:00:00,rmw_beta,0.20351194417970142,-8.573824079427041e-16
2015-02-17 00:00:00,market_beta,-0.24034173059597935,1.5085976044216004e-15
2015-02-17 00:00:00,sector_Consumer Discretionary,-0.03187932111979275,-2.876361561279057e-16
2015-02-17 00:00:00,sector_Consumer Staples,0.05772076968934774,-1.8074026098492467e-16
2015-02-17 00:00:00,sector_Energy,0.012768739333375207,1.0356877610350845e-16
2015-02-17 00:00:00,sector_Financials,0.0004436322801405785,5.681389350627686e-17
2015-02-17 00:00:00,sector_Healthcare,0.08921169606049797,-1.123065336751984e-16
2015-02-17 00:00:00,sector_Industrials,-0.06750106697424055,3.874845390197155e-18
2015-02-17 00:00:00,sector_Other,-0.01942996848956767,3.417794519640576e-16
2015-02-17 00:00:00,sector_Technology,-0.002768361819500921,-3.031140275048611e-16
2015-02-17 00:00:00,sector_Utilities,-0.03124760298156477,-3.009914935155966e-17
2015-02-17 00:00:00,size_factor,-0.09891434113557905,-5.294144393497437e-16
2015-02-17 00:00:00,smb_beta,-0.1489211914647787,1.6585859490704619e-15
2015-02-17 00:00:00,rmw_beta,0.28314124014946757,-2.122688378858556e-15
2015-02-24 00:00:00,market_beta,-0.3121261221339956,1.3940436234602814e-15
2015-02-24 00:00:00,sector_Consumer Discretionary,-0.026597935156255623,-4.178275253821313e-16
2015-02-24 00:00:00,sector_Consumer Staples,0.12559196533967656,-2.307992651583503e-16
2015-02-24 00:00:00,sector_Energy,0.053419134906368224,-1.2087778768999006e-16
2015-02-24 00:00:00,sector_Financials,-0.13722291226721817,1.9280364211379407e-16
2015-02-24 00:00:00,sector_Healthcare,0.11382249680987294,-1.0704831566681152e-16
2015-02-24 00:00:00,sector_Industrials,-0.0730000914065269,-2.529920117795758e-16
2015-02-24 00:00:00,sector_Other,0.01727507385629534,6.668669360070238e-16
2015-02-24 00:00:00,sector_Technology,-0.041985767502489786,-4.684160331931123e-16
2015-02-24 00:00:00,sector_Utilities,0.04619261466668666,-8.578911131629923e-17
2015-02-24 00:00:00,size_factor,-0.07659969788542251,-4.4285897654699267e-16
2015-02-24 00:00:00,smb_beta,-0.12160485640378388,1.5562977835026196e-15
2015-02-24 00:00:00,rmw_beta,0.2551504824355501,-1.6978830444807182e-15
2015-03-03 00:00:00,market_beta,-0.30870818972668446,-3.204113285740743e-16
2015-03-03 00:00:00,sector_Consumer Discretionary,-0.015175995680076753,-3.3490690998189093e-16
2015-03-03 00:00:00,sector_Consumer Staples,0.10961297605040143,-1.1619797879466823e-16
2015-03-03 00:00:00,sector_Energy,-0.004535259829809491,9.754999374404831e-17
2015-03-03 00:00:00,sector_Financials,-0.06763876092109024,-1.3510015477986322e-16
2015-03-03 00:00:00,sector_Healthcare,-0.02444376942793622,-5.947679761573788e-16
2015-03-03 00:00:00,sector_Industrials,0.012392865580486538,2.502567891544665e-16
2015-03-03 00:00:00,sector_Other,0.12686624802894042,6.934987332888161e-16
2015-03-03 00:00:00,sector_Technology,-0.2117840236598459,-5.545287214963689e-16
2015-03-03 00:00:00,sector_Utilities,0.09323032357795488,8.254890657139781e-18
2015-03-03 00:00:00,size_factor,-0.0864215461130021,-1.9488108448439156e-15
2015-03-03 00:00:00,smb_beta,-0.0527390138156427,-2.613273295448273e-17
2015-03-03 00:00:00,rmw_beta,0.3159931586167964,6.689179628792615e-16
2015-03-10 00:00:00,market_beta,-0.2937168234087468,5.865400348101969e-17
2015-03-10 00:00:00,sector_Consumer Discretionary,0.058136942733693193,5.361032146345009e-16
2015-03-10 00:00:00,sector_Consumer Staples,0.14786050332816805,1.449247525050045e-17
2015-03-10 00:00:00,sector_Energy,0.07645244460863697,-1.4574498747404138e-17
2015-03-10 00:00:00,sector_Financials,0.022278093364562934,3.1856745835050593e-16
2015-03-10 00:00:00,sector_Healthcare,0.0024808410634647613,3.7562431656253677e-16
2015-03-10 00:00:00,sector_Industrials,0.011876644242489989,1.4823679230061095e-16
2015-03-10 00:00:00,sector_Other,-0.057005229810752144,-9.479472551910882e-16
2015-03-10 00:00:00,sector_Technology,-0.10808864396123204,4.889434659000368e-16
2015-03-10 00:00:00,sector_Utilities,0.01315227722465387,1.9333445301606367e-16
2015-03-10 00:00:00,size_factor,-0.06674579268925021,2.4994189815157833e-16
2015-03-10 00:00:00,smb_beta,0.07984687492629115,6.646691795224884e-16
2015-03-10 00:00:00,rmw_beta,0.3218202309430132,-1.7203607808050504e-16
2015-03-17 00:00:00,market_beta,-0.13145468233960503,7.363919679976472e-17
2015-03-17 00:00:00,sector_Consumer Discretionary,0.042626762743650196,-1.1909678750441852e-16
2015-03-17 00:00:00,sector_Consumer Staples,0.10363236591466292,-1.3366827725306903e-16
2015-03-17 00:00:00,sector_Energy,0.13247885369774234,-3.302890326264916e-16
2015-03-17 00:00:00,sector_Financials,-0.09814543433246253,3.224004234319e-17
2015-03-17 00:00:00,sector_Healthcare,0.03206443886677272,-1.4940507427331945e-17
2015-03-17 00:00:00,sector_Industrials,0.001284929484936586,-5.638439065866089e-16
2015-03-17 00:00:00,sector_Other,-0.014329658026138479,6.468726687474935e-16
2015-03-17 00:00:00,sector_Technology,-0.05812777390719424,-5.092621976173571e-16
2015-03-17 00:00:00,sector_Utilities,-0.019515874283455335,-6.837509894899112e-17
2015-03-17 00:00:00,size_factor,-0.11487335237460294,-8.996642524573648e-16
2015-03-17 00:00:00,smb_beta,-0.030449972815189248,3.624209655623479e-16
2015-03-17 00:00:00,rmw_beta,0.13549607329542973,-1.2257689562429212e-16
2015-03-24 00:00:00,market_beta,-0.10422301867233454,6.493711102731949e-16
2015-03-24 00:00:00,sector_Consumer Discretionary,0.07114123434692793,-3.5137212680995476e-16
2015-03-24 00:00:00,sector_Consumer Staples,0.047937916056237984,-1.4543436730534278e-16
2015-03-24 00:00:00,sector_Energy,-0.04487940020167371,-1.4680984041156579e-16
2015-03-24 00:00:00,sector_Financials,-0.05116514995247499,2.3201591798670456e-16
2015-03-24 00:00:00,sector_Healthcare,-0.04780704134581585,-9.75139365451367e-17
2015-03-24 00:00:00,sector_Industrials,-0.007941433535513878,-2.8967755578684463e-16
2015-03-24 00:00:00,sector_Other,0.059362221201974166,5.116578261391355e-16
2015-03-24 00:00:00,sector_Technology,-0.09763116291766465,-3.969695350069721e-16
2015-03-24 00:00:00,sector_Utilities,-0.0008610173465053141,-7.386565417245575e-17
2015-03-24 00:00:00,size_factor,-0.0939548413876546,2.2534799098320613e-16
2015-03-24 00:00:00,smb_beta,-0.12217747142903869,-1.9464254944494137e-16
2015-03-24 00:00:00,rmw_beta,0.22997032486173724,-8.637289360789677e-17
2015-03-31 00:00:00,market_beta,0.011000643515847407,2.277402862406171e-16
2015-03-31 00:00:00,sector_Consumer Discretionary,0.12419235267036703,-1.6606413585571465e-16
2015-03-31 00:00:00,sector_Consumer Staples,0.0549530557406561,-6.016175192485854e-17
2015-03-31 00:00:00,sector_Energy,-0.00012333020766667677,-1.6660221500660013e-16
2015-03-31 00:00:00,sector_Financials,-0.002872263176335073,1.7762808981719858e-16
2015-03-31 00:00:00,sector_Healthcare,-0.0652309791803739,-5.969172061066754e-17
2015-03-31 00:00:00,sector_Industrials,0.0727736162996949,-2.0953932206737948e-16
2015-03-31 00:00:00,sector_Other,-0.029389775118356935,1.5963903051353466e-16
2015-03-31 00:00:00,sector_Technology,-0.020900641752322372,-6.239743664044463e-17
2015-03-31 00:00:00,sector_Utilities,-0.15057434814515508,8.962466464184526e-17
2015-03-31 00:00:00,size_factor,-0.061156173291306015,-1.352560701905852e-16
2015-03-31 00:00:00,smb_beta,-0.13110938671331462,-2.9043711718261895e-17
2015-03-31 00:00:00,rmw_beta,0.08383305099163144,-1.381387349516252e-16
2015-04-08 00:00:00,market_beta,-0.11687793977237991,2.4342787452496673e-16
2015-04-08 00:00:00,sector_Consumer Discretionary,0.04085772705393201,3.908835314111745e-16
2015-04-08 00:00:00,sector_Consumer Staples,-0.052109171175756065,6.268413190762809e-17
2015-04-08 00:00:00,sector_Energy,-0.024247459592251767,3.2445628806963585e-17
2015-04-08 00:00:00,sector_Financials,0.039336490944076076,3.398034243322291e-16
2015-04-08 00:00:00,sector_Healthcare,-0.0404028542925379,7.328290717526385e-16
2015-04-08 00:00:00,sector_Industrials,0.06902265806365436,2.1911938921616346e-16
2015-04-08 00:00:00,sector_Other,-0.0195831846544506,-1.0226936731889958e-15
2015-04-08 00:00:00,sector_Technology,0.008643274338361137,3.902010978906201e-16
2015-04-08 00:00:00,sector_Utilities,-0.049866509595692145,-3.8999122044537034e-17
2015-04-08 00:00:00,size_factor,-0.10491409045621254,4.801767936614765e-16
2015-04-08 00:00:00,smb_beta,0.22536588843734356,5.035357744259071e-17
2015-04-08 00:00:00,rmw_beta,0.008140438686599308,-1.9353770519984142e-16
2015-04-15 00:00:00,market_beta,-0.0615035817731631,-5.246305959525877e-16
2015-04-15 00:00:00,sector_Consumer Discretionary,0.0708805392475421,-5.957971425014879e-17
2015-04-15 00:00:00,sector_Consumer Staples,-0.049141596529267494,-2.6816019528248844e-16
2015-04-15 00:00:00,sector_Energy,-0.05560663646902024,-4.305492445908966e-16
2015-04-15 00:00:00,sector_Financials,0.009053862429089348,-1.4240659098855676e-16
2015-04-15 00:00:00,sector_Healthcare,-0.06081098175999461,-2.0359407765371667e-16
2015-04-15 00:00:00,sector_Industrials,-0.05091334587961326,-2.1095446107494762e-16
2015-04-15 00:00:00,sector_Other,0.04614800131767911,8.437651124872121e-16
2015-04-15 00:00:00,sector_Technology,-0.024454579678943083,-7.629744821325122e-16
2015-04-15 00:00:00,sector_Utilities,0.015849853573788892,-5.55603148486255e-17
2015-04-15 00:00:00,size_factor,-0.17893014477244054,-1.7296520754726727e-15
2015-04-15 00:00:00,smb_beta,0.3797573691075731,2.064410553118985e-16
2015-04-15 00:00:00,rmw_beta,0.16617273305900163,-4.391332339695325e-16
2015-04-22 00:00:00,market_beta,-0.14763734495845285,-2.0121363513274543e-16
2015-04-22 00:00:00,sector_Consumer Discretionary,0.03305634616568767,-2.090094128812814e-16
2015-04-22 00:00:00,sector_Consumer Staples,-0.08215283911627232,-2.1283456093782601e-16
2015-04-22 00:00:00,sector_Energy,-0.03567230830599782,-3.1333652846289685e-16
2015-04-22 00:00:00,sector_Financials,-0.08389126823202019,-3.127396821315491e-16
2015-04-22 00:00:00,sector_Healthcare,0.020919554191162384,2.395452884411865e-17
2015-04-22 00:00:00,sector_Industrials,-0.01697967645482165,-1.0952411879534887e-16
2015-04-22 00:00:00,sector_Other,0.03094932165265957,6.378765142523589e-16
2015-04-22 00:00:00,sector_Technology,0.036697423790166335,-3.6770407511127104e-16
2015-04-22 00:00:00,sector_Utilities,0.03524951915576439,-8.269446554248555e-17
2015-04-22 00:00:00,size_factor,-0.28065163495406126,-9.284850235823583e-16
2015-04-22 00:00:00,smb_beta,0.3712276443911172,8.320493230940251e-16
2015-04-22 00:00:00,rmw_beta,0.1812406321834223,-9.97902992840528e-17
2015-04-29 00:00:00,market_beta,-0.07164419538467551,2.6753806487175292e-17
2015-04-29 00:00:00,sector_Consumer Discretionary,-0.03439138228198002,5.311618369879342e-16
2015-04-29 00:00:00,sector_Consumer Staples,-0.030798221015549635,4.2651818561841415e-16
2015-04-29 00:00:00,sector_Energy,-0.14449356026437135,3.6505817999271176e-16
2015-04-29 00:00:00,sector_Financials,-0.04452779263181138,3.6495805470746254e-16
2015-04-29 00:00:00,sector_Healthcare,0.009621076410204734,2.2746361968253806e-16
2015-04-29 00:00:00,sector_Industrials,-0.03689513726200039,4.911084825945806e-16
2015-04-29 00:00:00,sector_Other,0.14392735628587036,-1.2075433898681327e-15
2015-04-29 00:00:00,sector_Technology,-0.10039702667719606,6.001306985827653e-16
2015-04-29 00:00:00,sector_Utilities,0.03107187360208801,6.930782057614204e-18
2015-04-29 00:00:00,size_factor,-0.348240384496362,2.4265529828771728e-15
2015-04-29 00:00:00,smb_beta,0.4214153177317315,-1.3215154866996192e-15
2015-04-29 00:00:00,rmw_beta,-0.022629507799159156,5.868384838471182e-16
2015-05-06 00:00:00,market_beta,-0.09358395827736733,1.742299242606869e-16
2015-05-06 00:00:00,sector_Consumer Discretionary,0.059862179113515115,3.480125484225816e-16
2015-05-06 00:00:00,sector_Consumer Staples,-0.038711805373698865,3.3151581353854537e-16
2015-05-06 00:00:00,sector_Energy,-0.00034775986904248864,2.2498431219483096e-16
2015-05-06 00:00:00,sector_Financials,-0.08867294786899765,2.3428394697120964e-16
2015-05-06 00:00:00,sector_Healthcare,-0.029040323775229776,2.6819346561177947e-16
2015-05-06 00:00:00,sector_Industrials,-0.012113596718343713,4.961028866752167e-16
2015-05-06 00:00:00,sector_Other,0.054602548382932284,-8.318705653011116e-16
2015-05-06 00:00:00,sector_Technology,-0.012555243934794458,2.9101465858151496e-16
2015-05-06 00:00:00,sector_Utilities,-0.0004661797808684172,1.214844670592574e-16
2015-05-06 00:00:00,size_factor,-0.32482887621681356,1.2438262180166382e-15
2015-05-06 00:00:00,smb_beta,0.32716472072670527,-1.096799905619235e-15
2015-05-06 00:00:00,rmw_beta,-0.035712828608392706,-1.90810802638508e-16
2015-05-13 00:00:00,market_beta,0.06525119261719436,5.568536910725059e-16
2015-05-13 00:00:00,sector_Consumer Discretionary,-0.06482757215435245,8.95087504562647e-16
2015-05-13 00:00:00,sector_Consumer Staples,-0.03203211980139576,5.929503619687455e-16
2015-05-13 00:00:00,sector_Energy,-0.007549880150439282,-8.323313808537763e-17
2015-05-13 00:00:00,sector_Financials,-0.09295001358937098,1.0999041288982593e-15
2015-05-13 00:00:00,sector_Healthcare,0.045899040932866286,8.726448104669749e-16
2015-05-13 00:00:00,sector_Industrials,0.006802591577284833,4.541631266440459e-16
2015-05-13 00:00:00,sector_Other,0.0621122032100675,-1.5898537820342193e-15
2015-05-13 00:00:00,sector_Technology,-0.02393054136092332,-3.196170130539698e-16
2015-05-13 00:00:00,sector_Utilities,0.028604012214975518,2.439580279192002e-16
2015-05-13 00:00:00,size_factor,-0.21772618638613453,2.612730418984217e-15
2015-05-13 00:00:00,smb_beta,0.29496404761000605,1.5541500741768659e-16
2015-05-13 00:00:00,rmw_beta,-0.13942608764831968,7.285230127610451e-16
2015-05-20 00:00:00,market_beta,0.20951001356825574,-2.0078222295690104e-16
2015-05-20 00:00:00,sector_Consumer Discretionary,0.047334188872610844,5.635833818105839e-16
2015-05-20 00:00:00,sector_Consumer Staples,-0.09442316260145296,3.806975369533823e-16
2015-05-20 00:00:00,sector_Energy,-0.03400024465768732,1.3987870535485047e-16
2015-05-20 00:00:00,sector_Financials,-0.07963703193525488,7.465119295330882e-16
2015-05-20 00:00:00,sector_Healthcare,0.0928784178155497,6.034859496582138e-16
2015-05-20 00:00:00,sector_Industrials,-0.02209269070066251,3.8765927299117907e-16
2015-05-20 00:00:00,sector_Other,0.03129230444422914,-1.6344222323697506e-15
2015-05-20 00:00:00,sector_Technology,-0.02432152022205513,8.573763849877752e-16
2015-05-20 00:00:00,sector_Utilities,0.0014074006418102582,-6.096820464051182e-17
2015-05-20 00:00:00,size_factor,-0.10512773470677124,2.6103670120203832e-15
2015-05-20 00:00:00,smb_beta,0.2966939699684767,-4.4072070219385853e-16
2015-05-20 00:00:00,rmw_beta,-0.08618783749894211,-1.8256486779952378e-17
2015-05-28 00:00:00,market_beta,-0.03201681333417035,-1.164159805030745e-16
2015-05-28 00:00:00,sector_Consumer Discretionary,0.0002080460335753715,-9.443522713643273e-16
2015-05-28 00:00:00,sector_Consumer Staples,0.005943495482485885,-2.8765917433105056e-16
2015-05-28 00:00:00,sector_Energy,0.010197491192519182,-4.2092530794470537e-16
2015-05-28 00:00:00,sector_Financials,0.013132375329763555,-6.101847268058917e-16
2015-05-28 00:00:00,sector_Healthcare,-0.056760661709741214,-3.9054568003661675e-16
2015-05-28 00:00:00,sector_Industrials,-0.001905308267649691,-3.905076831713258e-16
2015-05-28 00:00:00,sector_Other,-0.0484406462330872,1.4060352816556758e-15
2015-05-28 00:00:00,sector_Technology,0.0975673164235715,-4.436558855008289e-16
2015-05-28 00:00:00,sector_Utilities,-0.003637612059898807,6.701174253487459e-18
2015-05-28 00:00:00,size_factor,0.01986141126635921,-2.841232871440153e-15
2015-05-28 00:00:00,smb_beta,-0.037593847651118374,3.6132114747057254e-16
2015-05-28 00:00:00,rmw_beta,0.27734892583723386,-7.656493040762177e-16
2015-06-04 00:00:00,market_beta,-0.127533010745417,-2.1372111944955245e-16
2015-06-04 00:00:00,sector_Consumer Discretionary,0.052555383344315615,-1.3220171873296696e-16
2015-06-04 00:00:00,sector_Consumer Staples,0.014528078480688137,2.612102738103088e-16
2015-06-04 00:00:00,sector_Energy,0.025817269440633533,6.359983322192781e-17
2015-06-04 00:00:00,sector_Financials,0.004706278942737239,5.554271864758892e-17
2015-06-04 00:00:00,sector_Healthcare,-0.11607088714994367,-5.998613613939603e-17
2015-06-04 00:00:00,sector_Industrials,-0.02680909551561375,1.0316390211451611e-17
2015-06-04 00:00:00,sector_Other,-0.002053245010693852,2.0424659050083538e-16
2015-06-04 00:00:00,sector_Technology,0.06202253373547253,-4.799281296120104e-16
2015-06-04 00:00:00,sector_Utilities,-0.09173758025430725,-1.295431410213813e-17
2015-06-04 00:00:00,size_factor,-0.018324635916685456,-4.382440976739777e-17
2015-06-04 00:00:00,smb_beta,-0.14815552165504633,1.007995076124008e-16
2015-06-04 00:00:00,rmw_beta,0.21194806054730175,9.47979035571952e-17
2015-06-11 00:00:00,market_beta,0.01229268907048611,1.9647025125063e-17
2015-06-11 00:00:00,sector_Consumer Discretionary,0.08804970598595656,1.2296939489447503e-16
2015-06-11 00:00:00,sector_Consumer Staples,-0.021707929741580024,1.4151052704951695e-16
2015-06-11 00:00:00,sector_Energy,-0.023512593763191855,9.089594789668233e-17
2015-06-11 00:00:00,sector_Financials,-0.07487059779170571,1.3160985029872246e-16
2015-06-11 00:00:00,sector_Healthcare,-0.15647791648294757,-2.8283737727004745e-16
2015-06-11 00:00:00,sector_Industrials,-0.022901789549938087,1.2302533207932494e-16
2015-06-11 00:00:00,sector_Other,0.06574272768970721,1.0288442416018426e-16
2015-06-11 00:00:00,sector_Technology,0.06609296523138371,-2.2836142306653423e-16
2015-06-11 00:00:00,sector_Utilities,-0.08796027712258515,-1.3233609392998363e-16
2015-06-11 00:00:00,size_factor,-0.05587193072892056,9.988397625630173e-16
2015-06-11 00:00:00,smb_beta,-0.16185708081538872,-4.0878558912887834e-16
2015-06-11 00:00:00,rmw_beta,0.25876965671031543,4.709981040579407e-16
2015-06-18 00:00:00,market_beta,-0.03203321297760844,1.4547639084773395e-16
2015-06-18 00:00:00,sector_Consumer Discretionary,0.04489318232452938,-3.824876543717926e-16
2015-06-18 00:00:00,sector_Consumer Staples,-0.030941498474375363,-1.075697456916834e-16
2015-06-18 00:00:00,sector_Energy,-0.004573899886902121,-1.2520666829644312e-16
2015-06-18 00:00:00,sector_Financials,0.03342959212892593,-1.4621378561398417e-16
2015-06-18 00:00:00,sector_Healthcare,-0.07370078644459212,-2.2642249086508403e-16
2015-06-18 00:00:00,sector_Industrials,-0.020384180637865942,-1.3292855890463982e-16
2015-06-18 00:00:00,sector_Other,0.021443724216559316,4.3702261370167366e-16
2015-06-18 00:00:00,sector_Technology,0.007226415664762198,4.7569497147032835e-17
2015-06-18 00:00:00,sector_Utilities,-0.07001354848683275,-1.3663325782119627e-16
2015-06-18 00:00:00,size_factor,-0.002170764105690868,2.895408041168514e-16
2015-06-18 00:00:00,smb_beta,-0.28904082185892266,-2.9065866078897536e-16
2015-06-18 00:00:00,rmw_beta,0.14528070305452728,-2.956026277513312e-16
2015-06-25 00:00:00,market_beta,-0.02833766147437794,1.8564168411317819e-16
2015-06-25 00:00:00,sector_Consumer Discretionary,-0.06987024645769016,3.3714954270764646e-17
2015-06-25 00:00:00,sector_Consumer Staples,0.007226054348763178,-1.4331212069785315e-16
2015-06-25 00:00:00,sector_Energy,0.005077655575227066,1.338937463826433e-16
2015-06-25 00:00:00,sector_Financials,-0.0574354200502858,8.130635638984241e-17
2015-06-25 00:00:00,sector_Healthcare,-0.05083231710151256,-1.1692628395110666e-16
2015-06-25 00:00:00,sector_Industrials,-0.06392586584596414,1.3228159142367237e-16
2015-06-25 00:00:00,sector_Other,0.08106430932574196,3.976673248789286e-17
2015-06-25 00:00:00,sector_Technology,0.0227021395750382,-8.81745970368184e-17
2015-06-25 00:00:00,sector_Utilities,-0.032720876658386265,3.528038538818093e-17
2015-06-25 00:00:00,size_factor,-0.026552213246883404,1.1051334600673346e-16
2015-06-25 00:00:00,smb_beta,-0.29433993403764824,-1.0511079187379696e-16
2015-06-25 00:00:00,rmw_beta,0.09623251069722433,1.4226278727336732e-16
2015-07-02 00:00:00,market_beta,0.10263614465848936,8.895814788324014e-18
2015-07-02 00:00:00,sector_Consumer Discretionary,-0.02824709162377312,-1.036273261950623e-16
2015-07-02 00:00:00,sector_Consumer Staples,-0.03991372955253965,3.6294763121718333e-16
2015-07-02 00:00:00,sector_Energy,0.020019822089501454,1.2506799759892562e-16
2015-07-02 00:00:00,sector_Financials,-0.03946801450700419,-5.404465416658517e-17
2015-07-02 00:00:00,sector_Healthcare,-0.03744249618553624,1.8976581575785915e-16
2015-07-02 00:00:00,sector_Industrials,-0.024542671752310986,2.9792667586860385e-18
2015-07-02 00:00:00,sector_Other,0.024428853864907122,-2.9370114603457077e-16
2015-07-02 00:00:00,sector_Technology,0.12023592069970508,2.408816591331896e-16
2015-07-02 00:00:00,sector_Utilities,-0.08425408729051194,4.66154957342161e-17
2015-07-02 00:00:00,size_factor,-0.002849879803909844,3.3861062300414215e-16
2015-07-02 00:00:00,smb_beta,0.019466508072133133,-4.998933170689944e-16
2015-07-02 00:00:00,rmw_beta,-0.15058532906075595,1.6289753612938504e-16
2015-07-10 00:00:00,market_beta,-0.0774484929941612,2.0758892712242182e-16
2015-07-10 00:00:00,sector_Consumer Discretionary,-0.0007113514916130959,1.4321179013655349e-16
2015-07-10 00:00:00,sector_Consumer Staples,-0.105360543437342,1.4042140073670846e-16
2015-07-10 00:00:00,sector_Energy,0.07554547267752212,2.0859584160818646e-17
2015-07-10 00:00:00,sector_Financials,0.04989553767774561,3.3746909525558216e-17
2015-07-10 00:00:00,sector_Healthcare,-0.08369978597236057,-2.154923138379018e-17
2015-07-10 00:00:00,sector_Industrials,-0.04464375997742608,-2.2359554482532368e-17
2015-07-10 00:00:00,sector_Other,0.02268472215046304,-3.2277909922469212e-16
2015-07-10 00:00:00,sector_Technology,0.07666536404049872,3.928243005398876e-16
2015-07-10 00:00:00,sector_Utilities,-0.07698352068260889,-6.9974248983467e-17
2015-07-10 00:00:00,size_factor,-0.06530793937537217,6.52834173730978e-16
2015-07-10 00:00:00,smb_beta,0.04653350142035013,2.0837776722595374e-16
2015-07-10 00:00:00,rmw_beta,-0.32498511118365414,-4.387652364056489e-16
2015-07-17 00:00:00,market_beta,0.012608026717149397,-7.70454992358898e-17
2015-07-17 00:00:00,sector_Consumer Discretionary,-0.05554288354706238,2.984727402880091e-16
2015-07-17 00:00:00,sector_Consumer Staples,-0.07999083638815148,-3.407515056067334e-16
2015-07-17 00:00:00,sector_Energy,0.03337092407519296,6.88399893018062e-17
2015-07-17 00:00:00,sector_Financials,0.04991238933967966,-2.1306013439447545e-17
2015-07-17 00:00:00,sector_Healthcare,-0.031093966645575937,3.195902015917132e-16
2015-07-17 00:00:00,sector_Industrials,0.005910428673458127,-6.28835015220566e-17
2015-07-17 00:00:00,sector_Other,-0.004612666052943969,-4.868866883168528e-16
2015-07-17 00:00:00,sector_Technology,0.0906085508917076,7.395899527033961e-16
2015-07-17 00:00:00,sector_Utilities,-0.12002082601441305,2.1758673812690542e-16
2015-07-17 00:00:00,size_factor,-0.14480884221538715,3.514333521755722e-16
2015-07-17 00:00:00,smb_beta,0.3302817942970256,8.699984851774886e-17
2015-07-17 00:00:00,rmw_beta,-0.3838624315256516,2.4033113005598536e-16
2015-07-24 00:00:00,market_beta,0.04731448810863818,2.855809244816918e-17
2015-07-24 00:00:00,sector_Consumer Discretionary,-0.02470756176795139,1.352222770622832e-16
2015-07-24 00:00:00,sector_Consumer Staples,-0.05718526735868257,-1.5825738708933538e-18
2015-07-24 00:00:00,sector_Energy,0.021028829603326946,1.560455175492448e-16
2015-07-24 00:00:00,sector_Financials,-0.00826367439351007,7.509769340881675e-17
2015-07-24 00:00:00,sector_Healthcare,-0.12436184889979687,-2.2473782925854774e-16
2015-07-24 00:00:00,sector_Industrials,0.0036658331880415895,-2.393021251674891e-16
2015-07-24 00:00:00,sector_Other,0.03417819108552964,3.3750550058243843e-17
2015-07-24 00:00:00,sector_Technology,0.09971030985717887,-1.045905092629876e-16
2015-07-24 00:00:00,sector_Utilities,-0.04313601760528461,1.9689254151828303e-16
2015-07-24 00:00:00,size_factor,-0.08392919749237022,8.480007780741191e-17
2015-07-24 00:00:00,smb_beta,0.4199169863121222,-1.0951147019833226e-16
2015-07-24 00:00:00,rmw_beta,-0.32797577853622006,-2.3462132170619926e-16
2015-07-31 00:00:00,market_beta,-0.020534521943586737,4.696580475021223e-17
2015-07-31 00:00:00,sector_Consumer Discretionary,-0.0036347144645959024,2.5670458881658602e-17
2015-07-31 00:00:00,sector_Consumer Staples,-0.04577107677130518,-7.472328888079508e-17
2015-07-31 00:00:00,sector_Energy,0.018023277251372292,1.2846581940670174e-16
2015-07-31 00:00:00,sector_Financials,-0.0790494556259743,-1.7882514071844326e-17
2015-07-31 00:00:00,sector_Healthcare,-0.14279868183349143,1.1967528648080435e-16
2015-07-31 00:00:00,sector_Industrials,0.014874978201786007,8.6241426462255e-17
2015-07-31 00:00:00,sector_Other,0.1016287088743432,-1.5416251524542418e-16
2015-07-31 00:00:00,sector_Technology,0.04525805166940961,9.673529145037286e-17
2015-07-31 00:00:00,sector_Utilities,-0.04316261526963711,1.264929180958738e-16
2015-07-31 00:00:00,size_factor,-0.18714851959870218,2.396601339829497e-16
2015-07-31 00:00:00,smb_beta,0.4303505535311922,1.694379647617265e-16
2015-07-31 00:00:00,rmw_beta,-0.16996356007871544,-2.92293048603135e-16
2015-08-07 00:00:00,market_beta,0.03801803857899105,1.1573811429611857e-16
2015-08-07 00:00:00,sector_Consumer Discretionary,-0.07500900135851564,2.5410615840578426e-17
2015-08-07 00:00:00,sector_Consumer Staples,-0.04937228923705797,-1.4735273138717996e-17
2015-08-07 00:00:00,sector_Energy,0.07841264268473176,1.0543600441561682e-16
2015-08-07 00:00:00,sector_Financials,-0.01750540187680154,1.8134756188335428e-16
2015-08-07 00:00:00,sector_Healthcare,-0.03057732898559679,8.479391118778e-17
2015-08-07 00:00:00,sector_Industrials,0.09539462607439375,6.762308234361583e-17
2015-08-07 00:00:00,sector_Other,0.04515601228291588,-3.150797175216248e-16
2015-08-07 00:00:00,sector_Technology,-0.030247353681347608,2.668528005939615e-16
2015-08-07 00:00:00,sector_Utilities,-0.05626464192190811,-1.0237105993105999e-16
2015-08-07 00:00:00,size_factor,-0.009360500673121847,4.221605405699727e-16
2015-08-07 00:00:00,smb_beta,0.2687690843147017,-1.6242472377165086e-17
2015-08-07 00:00:00,rmw_beta,0.03678494869447566,-3.4588227601092125e-16
2015-08-14 00:00:00,market_beta,0.18104424560068702,5.300413796990938e-16
2015-08-14 00:00:00,sector_Consumer Discretionary,-0.013215482277912137,2.1170785246344555e-16
2015-08-14 00:00:00,sector_Consumer Staples,-0.011075687223601647,-1.2456596857083338e-16
2015-08-14 00:00:00,sector_Energy,0.07714364041217162,7.182884873238913e-17
2015-08-14 00:00:00,sector_Financials,0.12145735723666953,1.3209709993340078e-16
2015-08-14 00:00:00,sector_Healthcare,0.052081813601122066,-6.518328511997505e-17
2015-08-14 00:00:00,sector_Industrials,0.07951788220457312,-2.5378949679220513e-18
2015-08-14 00:00:00,sector_Other,-0.0958634177156801,-1.5997503331955067e-16
2015-08-14 00:00:00,sector_Technology,-0.007253226907655046,1.216966930169858e-16
2015-08-14 00:00:00,sector_Utilities,-0.11950928157337536,-9.998617374553649e-17
2015-08-14 00:00:00,size_factor,-0.0038416591918648494,4.520111300178326e-16
2015-08-14 00:00:00,smb_beta,0.19985857825438594,6.354139526575584e-16
2015-08-14 00:00:00,rmw_beta,-0.3322860650792006,-6.520473378645613e-16
2015-08-21 00:00:00,market_beta,0.2035916301877598,-4.0770941664138267e-16
2015-08-21 00:00:00,sector_Consumer Discretionary,-0.023803305754316755,-2.962252744675879e-17
2015-08-21 00:00:00,sector_Consumer Staples,0.09067985289774881,2.040617285273281e-16
2015-08-21 00:00:00,sector_Energy,0.1197780361452597,-1.245456505855923e-16
2015-08-21 00:00:00,sector_Financials,0.16434279611078384,8.823818953568688e-17
2015-08-21 00:00:00,sector_Healthcare,0.05361536634103155,-9.804243281742988e-18
2015-08-21 00:00:00,sector_Industrials,0.03760332075312966,8.627002396961227e-17
2015-08-21 00:00:00,sector_Other,-0.12441813940894186,5.853023566162747e-17
2015-08-21 00:00:00,sector_Technology,-0.06034529707136311,-2.7496620616441007e-16
2015-08-21 00:00:00,sector_Utilities,-0.046600373350092164,-1.438964139294676e-17
2015-08-21 00:00:00,size_factor,0.08699209314765145,1.4266766135064823e-16
2015-08-21 00:00:00,smb_beta,0.08691636686032399,4.7894030495589416e-17
2015-08-21 00:00:00,rmw_beta,-0.04680760610904401,1.236595377014019e-16
2015-08-28 00:00:00,market_beta,0.3304621389232815,-9.650028105944423e-17
2015-08-28 00:00:00,sector_Consumer Discretionary,-0.002106485811739932,1.9270851706132217e-17
2015-08-28 00:00:00,sector_Consumer Staples,0.05312984110090289,1.9357042253522735e-16
2015-08-28 00:00:00,sector_Energy,0.06801029174128549,1.2849885801816624e-16
2015-08-28 00:00:00,sector_Financials,0.191613653964935,-1.5111928639076463e-18
2015-08-28 00:00:00,sector_Healthcare,0.07855094247373953,-1.390297434795035e-16
2015-08-28 00:00:00,sector_Industrials,0.04179619028199766,6.898010375573531e-17
2015-08-28 00:00:00,sector_Other,-0.1325141167993393,1.1769155567275326e-16
2015-08-28 00:00:00,sector_Technology,-0.07270927892964536,-2.365821291129365e-16
2015-08-28 00:00:00,sector_Utilities,-0.06552830923655599,3.043670550765632e-17
2015-08-28 00:00:00,size_factor,0.1333818876197271,-2.501971025435956e-16
2015-08-28 00:00:00,smb_beta,0.11333461354956154,3.349040146200656e-16
2015-08-28 00:00:00,rmw_beta,-0.23850327229633003,-1.3305122325954162e-16
2015-09-04 00:00:00,market_beta,0.34787765367201207,6.7519146837537495e-16
2015-09-04 00:00:00,sector_Consumer Discretionary,0.0027442013814683534,6.847165050506198e-16
2015-09-04 00:00:00,sector_Consumer Staples,0.08733669769252413,1.4953550748011332e-16
2015-09-04 00:00:00,sector_Energy,-0.043910547889852776,3.141611310557388e-16
2015-09-04 00:00:00,sector_Financials,0.14227903431346167,4.0684844208239403e-16
2015-09-04 00:00:00,sector_Healthcare,0.09520793320223361,2.254722449986274e-16
2015-09-04 00:00:00,sector_Industrials,-0.029317489064433547,1.9400615637844026e-16
2015-09-04 00:00:00,sector_Other,-0.14843614447829284,-7.048556893457692e-16
2015-09-04 00:00:00,sector_Technology,0.0491220807357942,-8.497752229131172e-17
2015-09-04 00:00:00,sector_Utilities,-0.03646524811039655,-1.658793891679648e-17
2015-09-04 00:00:00,size_factor,0.15265188488896955,2.2149496344040664e-15
2015-09-04 00:00:00,smb_beta,-0.16746852010482602,-5.398462504811218e-16
2015-09-04 00:00:00,rmw_beta,-0.21629516216274508,-2.5475128592830155e-16
2015-09-14 00:00:00,market_beta,-0.09338347962140606,-4.895896857444846e-16
2015-09-14 00:00:00,sector_Consumer Discretionary,0.07804770432147136,-2.192202416767891e-16
2015-09-14 00:00:00,sector_Consumer Staples,0.09091837746246177,-2.0208549932147327e-16
2015-09-14 00:00:00,sector_Energy,-0.09201786219961694,-9.690913499329074e-17
2015-09-14 00:00:00,sector_Financials,0.065995231057266,-2.0744716261111835e-16
2015-09-14 00:00:00,sector_Healthcare,0.11590334824999542,-4.113176500048037e-17
2015-09-14 00:00:00,sector_Industrials,-0.03444625831588139,-1.9989683637505268e-16
2015-09-14 00:00:00,sector_Other,-0.12338902104193432,8.04231445765071e-16
2015-09-14 00:00:00,sector_Technology,0.002221680949419688,-8.024809560172401e-16
2015-09-14 00:00:00,sector_Utilities,0.019993907523690003,5.893958559046844e-17
2015-09-14 00:00:00,size_factor,0.14384788536874238,-1.2038258402743562e-15
2015-09-14 00:00:00,smb_beta,-0.22664782425324184,5.988689061673187e-16
2015-09-14 00:00:00,rmw_beta,0.17053829293096437,-8.796850692830787e-17
2015-09-21 00:00:00,market_beta,-0.2431401794763255,-4.0187122888107416e-16
2015-09-21 00:00:00,sector_Consumer Discretionary,0.08141169603198721,-8.109303740482208e-16
2015-09-21 00:00:00,sector_Consumer Staples,0.029567742087265744,-4.962669497165131e-16
2015-09-21 00:00:00,sector_Energy,-0.14795638787310503,-3.5727791753591525e-16
2015-09-21 00:00:00,sector_Financials,0.07026878441435634,-3.6674162261589917e-16
2015-09-21 00:00:00,sector_Healthcare,0.09369216028494212,-2.6854304606847267e-16
2015-09-21 00:00:00,sector_Industrials,-0.04923214139042483,-1.385016874456729e-16
2015-09-21 00:00:00,sector_Other,-0.08711401557580732,1.1534354462139983e-15
2015-09-21 00:00:00,sector_Technology,0.025027965639910332,-3.481349688422081e-16
2015-09-21 00:00:00,sector_Utilities,0.033893028483902694,-1.8734287543023774e-16
2015-09-21 00:00:00,size_factor,0.11733473690965991,-2.237299357510861e-15
2015-09-21 00:00:00,smb_beta,-0.37836181979610894,1.1311710776619309e-15
2015-09-21 00:00:00,rmw_beta,0.18558833798547952,-6.266141202244948e-16
2015-09-28 00:00:00,market_beta,0.10848350534887935,-7.731010808956858e-17
2015-09-28 00:00:00,sector_Consumer Discretionary,0.0015705473938090345,1.6841960423985194e-16
2015-09-28 00:00:00,sector_Consumer Staples,-0.13683730121961446,4.564403678823529e-17
2015-09-28 00:00:00,sector_Energy,-0.06087383488281941,-3.6433507245358853e-17
2015-09-28 00:00:00,sector_Financials,0.06961046710570856,3.8891998590767193e-17
2015-09-28 00:00:00,sector_Healthcare,0.04436837618974844,2.168976844485094e-17
2015-09-28 00:00:00,sector_Industrials,0.01955265792925424,6.581164663239267e-18
2015-09-28 00:00:00,sector_Other,0.05932862518433873,-2.4151682553439366e-16
2015-09-28 00:00:00,sector_Technology,-0.10255462764639994,2.961682462488552e-16
2015-09-28 00:00:00,sector_Utilities,0.008193458535397106,4.245253948111789e-17
2015-09-28 00:00:00,size_factor,0.04441936481535144,4.1855795940461296e-16
2015-09-28 00:00:00,smb_beta,-0.03602080967823777,4.380772140754807e-17
2015-09-28 00:00:00,rmw_beta,-0.00019580243974131424,6.441951808310179e-17
2015-10-05 00:00:00,market_beta,-0.007818892728781796,3.147919215731445e-16
2015-10-05 00:00:00,sector_Consumer Discretionary,0.0156623165720047,1.1532565680396309e-16
2015-10-05 00:00:00,sector_Consumer Staples,-0.10321683345103504,7.72578079034936e-17
2015-10-05 00:00:00,sector_Energy,-0.027636813003577954,1.734080885801692e-16
2015-10-05 00:00:00,sector_Financials,-0.0009480951877752662,7.267166478247391e-17
2015-10-05 00:00:00,sector_Healthcare,-0.06589106501527638,2.1471173685730928e-16
2015-10-05 00:00:00,sector_Industrials,-0.00022431242359141523,8.265700821482016e-17
2015-10-05 00:00:00,sector_Other,0.09195032695087162,-4.3686694868670924e-16
2015-10-05 00:00:00,sector_Technology,-0.031711427068995116,3.156048395936822e-16
2015-10-05 00:00:00,sector_Utilities,-0.006139781989400298,1.1164003807647674e-16
2015-10-05 00:00:00,size_factor,-0.04197068972157152,1.3964444173158316e-15
2015-10-05 00:00:00,smb_beta,0.21623930252140253,-2.3609684234947307e-16
2015-10-05 00:00:00,rmw_beta,-0.05399715292039471,-5.600055268577225e-17
2015-10-12 00:00:00,market_beta,0.1738625053685619,1.1761219052071664e-15
2015-10-12 00:00:00,sector_Consumer Discretionary,0.054669382307724855,6.743760624620492e-16
2015-10-12 00:00:00,sector_Consumer Staples,-0.28665712491935996,6.425721818772752e-16
2015-10-12 00:00:00,sector_Energy,-0.2119618190270362,9.920264563885896e-16
2015-10-12 00:00:00,sector_Financials,0.032868185682419095,9.93831929769846e-16
2015-10-12 00:00:00,sector_Healthcare,0.05946912426193291,1.1263428537391588e-15
2015-10-12 00:00:00,sector_Industrials,-0.11480832858679751,7.442308377996004e-16
2015-10-12 00:00:00,sector_Other,0.16888882101371513,-2.6429109722356433e-15
2015-10-12 00:00:00,sector_Technology,-0.08046258538327818,1.194084787406109e-15
2015-10-12 00:00:00,sector_Utilities,-0.04691112983141641,2.6514038269236035e-17
2015-10-12 00:00:00,size_factor,-0.0074620696816336055,6.367216848905239e-15
2015-10-12 00:00:00,smb_beta,0.16028176538032862,-1.3529005552068694e-15
2015-10-12 00:00:00,rmw_beta,-0.3785996649244086,3.519316429706108e-16
2015-10-19 00:00:00,market_beta,-0.1582275571223004,3.301637103149454e-16
2015-10-19 00:00:00,sector_Consumer Discretionary,-0.00011115747377835792,-6.998986610925775e-17
2015-10-19 00:00:00,sector_Consumer Staples,-0.050285929334282414,2.9014743117299294e-16
2015-10-19 00:00:00,sector_Energy,-0.10548549996596507,4.1608315872635717e-16
2015-10-19 00:00:00,sector_Financials,-0.08285912630558154,3.797543015232149e-16
2015-10-19 00:00:00,sector_Healthcare,-0.04548659485860923,2.7206824260543947e-16
2015-10-19 00:00:00,sector_Industrials,-0.0965232357982361,2.2170815693010193e-16
2015-10-19 00:00:00,sector_Other,0.2223180224933241,-5.244391701088272e-16
2015-10-19 00:00:00,sector_Technology,-0.12499547073400726,2.2783217077527398e-17
2015-10-19 00:00:00,sector_Utilities,-0.06630646943576163,-1.7859753999023376e-19
2015-10-19 00:00:00,size_factor,-0.13815352331257488,1.1939813564113492e-15
2015-10-19 00:00:00,smb_beta,0.17619656033552242,-4.769315604766536e-16
2015-10-19 00:00:00,rmw_beta,-0.0960430550114566,2.6609402302291994e-16
2015-10-26 00:00:00,market_beta,-0.06474687065785124,1.364455483324228e-16
2015-10-26 00:00:00,sector_Consumer Discretionary,0.07435083698464648,1.9166666217043899e-16
2015-10-26 00:00:00,sector_Consumer Staples,-0.03660795586391377,1.7423889527420558e-16
2015-10-26 00:00:00,sector_Energy,-0.13373116447363717,7.166424855674741e-17
2015-10-26 00:00:00,sector_Financials,0.07565131991975994,-4.123854752415808e-18
2015-10-26 00:00:00,sector_Healthcare,0.07722719296383347,-1.0898758988527494e-16
2015-10-26 00:00:00,sector_Industrials,-0.1264033552896292,3.27459508072463e-16
2015-10-26 00:00:00,sector_Other,0.036024247006625404,-4.3343973640267574e-16
2015-10-26 00:00:00,sector_Technology,-0.05338307104081677,2.988699955604216e-16
2015-10-26 00:00:00,sector_Utilities,-0.06772028916500805,1.6924386231454098e-16
2015-10-26 00:00:00,size_factor,-0.11156108912897421,1.8582306234850924e-16
2015-10-26 00:00:00,smb_beta,0.1753231319986047,-1.0520799756300973e-16
2015-10-26 00:00:00,rmw_beta,-0.26449459779645523,7.962052906811526e-17
2015-11-02 00:00:00,market_beta,-0.05831658919512464,-6.197298098207262e-16
2015-11-02 00:00:00,sector_Consumer Discretionary,0.09156774457834545,-2.242626073247095e-16
2015-11-02 00:00:00,sector_Consumer Staples,0.05515350108906987,-4.3385890194016545e-16
2015-11-02 00:00:00,sector_Energy,-0.02621847609851798,-1.16237230918035e-16
2015-11-02 00:00:00,sector_Financials,-0.019611504721877407,1.4887727115587673e-16
2015-11-02 00:00:00,sector_Healthcare,-0.10121780569561462,-7.390454671280517e-16
2015-11-02 00:00:00,sector_Industrials,0.03760570888945216,-1.2826492367584396e-16
2015-11-02 00:00:00,sector_Other,0.025986240393893884,1.2549037804577374e-15
2015-11-02 00:00:00,sector_Technology,-0.014010493931586893,-1.1647309712128099e-15
2015-11-02 00:00:00,sector_Utilities,-0.0026910923093384953,3.9662428193839423e-17
2015-11-02 00:00:00,size_factor,-0.019895746414841486,-1.6531928143593754e-15
2015-11-02 00:00:00,smb_beta,-0.003180555370569226,8.78248743919127e-17
2015-11-02 00:00:00,rmw_beta,0.16603832696796897,8.041667969556846e-16
2015-11-09 00:00:00,market_beta,0.016097851298724604,8.159031506102578e-16
2015-11-09 00:00:00,sector_Consumer Discretionary,-0.023111225323977115,-2.8998300885341775e-17
2015-11-09 00:00:00,sector_Consumer Staples,0.10571639931953213,2.2913440881791257e-16
2015-11-09 00:00:00,sector_Energy,0.050523885294695474,-9.45631205007602e-17
2015-11-09 00:00:00,sector_Financials,-0.08881202493501664,6.060051760506665e-16
2015-11-09 00:00:00,sector_Healthcare,-0.03597123633838958,3.0025196730269523e-16
2015-11-09 00:00:00,sector_Industrials,-0.00972646848889095,2.966105473985711e-16
2015-11-09 00:00:00,sector_Other,0.04118381035342002,-5.530403035821159e-16
2015-11-09 00:00:00,sector_Technology,0.0034415053644915616,5.308301631340869e-17
2015-11-09 00:00:00,sector_Utilities,-0.032757805814812926,-1.5769879945524483e-16
2015-11-09 00:00:00,size_factor,-0.041290940092823025,2.1515172537681397e-15
2015-11-09 00:00:00,smb_beta,0.2767140191194577,1.3702000773225303e-16
2015-11-09 00:00:00,rmw_beta,-0.13230859432216963,-2.893468526407453e-16
2015-11-16 00:00:00,market_beta,0.061743558095103755,1.8937355329592344e-16
2015-11-16 00:00:00,sector_Consumer Discretionary,0.06392363922951487,-7.504269424421033e-17
2015-11-16 00:00:00,sector_Consumer Staples,0.025281104249104874,-9.060812950933774e-17
2015-11-16 00:00:00,sector_Energy,0.03609533793898596,-2.2973281236204886e-16
2015-11-16 00:00:00,sector_Financials,0.017884148237429037,2.729704517203624e-16
2015-11-16 00:00:00,sector_Healthcare,-0.03996260802875786,-6.129235276865791e-17
2015-11-16 00:00:00,sector_Industrials,0.039871267532917254,2.343859283842081e-16
2015-11-16 00:00:00,sector_Other,-0.07857689334674961,-3.3523276863008404e-16
2015-11-16 00:00:00,sector_Technology,0.08106000620685735,5.239985006605862e-16
2015-11-16 00:00:00,sector_Utilities,-0.024870687548262563,-9.387506356132774e-17
2015-11-16 00:00:00,size_factor,0.1234810622005489,3.379766485799924e-16
2015-11-16 00:00:00,smb_beta,0.16484685508823915,-1.8164937175639887e-16
2015-11-16 00:00:00,rmw_beta,-0.09474493557053981,-2.698072119887958e-17
2015-11-23 00:00:00,market_beta,-0.05772979650446799,-3.2414724252416355e-16
2015-11-23 00:00:00,sector_Consumer Discretionary,0.10826401916106301,1.2970713867589772e-16
2015-11-23 00:00:00,sector_Consumer Staples,0.03999255888080448,-2.929727020075511e-16
2015-11-23 00:00:00,sector_Energy,0.040918707792600026,-1.4328288318135315e-16
2015-11-23 00:00:00,sector_Financials,-0.08404652265241187,-2.092370101261727e-16
2015-11-23 00:00:00,sector_Healthcare,-0.09190070380663838,-1.6078212357063799e-16
2015-11-23 00:00:00,sector_Industrials,0.0980652153581786,-1.1090785144933505e-16
2015-11-23 00:00:00,sector_Other,-0.10980477179923634,7.712136593790979e-16
2015-11-23 00:00:00,sector_Technology,0.16995855082441189,-7.381167921362103e-16
2015-11-23 00:00:00,sector_Utilities,0.019148161064426357,1.3593712477092463e-17
2015-11-23 00:00:00,size_factor,0.12645699323098544,-1.3769327632959847e-15
2015-11-23 00:00:00,smb_beta,-0.23204992741515043,-9.308733241790549e-17
2015-11-23 00:00:00,rmw_beta,0.27733783268477336,4.853935328641947e-16
2015-12-01 00:00:00,market_beta,0.14781050626938222,-1.7005315552840218e-16
2015-12-01 00:00:00,sector_Consumer Discretionary,0.0739394227675584,-4.1025529422228057e-16
2015-12-01 00:00:00,sector_Consumer Staples,0.06175699643556475,-1.2894622748049558e-16
2015-12-01 00:00:00,sector_Energy,0.07308324334914927,-2.4553888184596922e-16
2015-12-01 00:00:00,sector_Financials,-0.03961823526473781,-2.2750350525783e-16
2015-12-01 00:00:00,sector_Healthcare,-0.017557906662637485,-4.745471888813632e-17
2015-12-01 00:00:00,sector_Industrials,0.07742849744798475,-3.787072664210094e-17
2015-12-01 00:00:00,sector_Other,-0.15196949578200977,6.827514075949529e-16
2015-12-01 00:00:00,sector_Technology,0.16511373494569004,-3.8352497953779985e-16
2015-12-01 00:00:00,sector_Utilities,-0.010708399958485116,9.016692512483846e-18
2015-12-01 00:00:00,size_factor,0.1752725934117898,-1.470200308385825e-15
2015-12-01 00:00:00,smb_beta,-0.16598602898536333,4.520502261256962e-16
2015-12-01 00:00:00,rmw_beta,0.20288235161594298,2.3198912686640123e-16
2015-12-08 00:00:00,market_beta,0.1510837645142851,7.766278678732035e-17
2015-12-08 00:00:00,sector_Consumer Discretionary,-0.00581882532862015,-3.091912565728106e-16
2015-12-08 00:00:00,sector_Consumer Staples,-0.061095807095699256,3.0054919653621335e-16
2015-12-08 00:00:00,sector_Energy,0.07328157363308486,2.2221755481812648e-17
2015-12-08 00:00:00,sector_Financials,0.06875666361633447,1.4553990585172206e-16
2015-12-08 00:00:00,sector_Healthcare,0.015489296408341305,1.6682439801185536e-17
2015-12-08 00:00:00,sector_Industrials,0.054905250743459845,-6.6653058332093e-17
2015-12-08 00:00:00,sector_Other,-0.030202941747057507,2.620210920585771e-17
2015-12-08 00:00:00,sector_Technology,-0.024602089524999468,-1.4543098449023128e-16
2015-12-08 00:00:00,sector_Utilities,-0.01575500680114144,1.6152646803428926e-17
2015-12-08 00:00:00,size_factor,0.13103299301359614,-2.632907003701968e-16
2015-12-08 00:00:00,smb_beta,0.10021274649467053,2.3706559295193016e-16
2015-12-08 00:00:00,rmw_beta,-0.020624012130326306,-6.99313851358224e-17
2015-12-15 00:00:00,market_beta,-0.08311996827595271,-2.0594744380453212e-16
2015-12-15 00:00:00,sector_Consumer Discretionary,0.05025518083029181,-1.257045577879423e-16
2015-12-15 00:00:00,sector_Consumer Staples,0.07162040862021676,-1.0713346486571396e-18
2015-12-15 00:00:00,sector_Energy,-0.009463640006787712,-1.1995775546459679e-16
2015-12-15 00:00:00,sector_Financials,0.07887869154768748,-5.1914893417262866e-17
2015-12-15 00:00:00,sector_Healthcare,0.046277599381639896,7.747299479191538e-17
2015-12-15 00:00:00,sector_Industrials,0.07071060762697115,-9.957010327208365e-17
2015-12-15 00:00:00,sector_Other,-0.16597338432091902,3.9410813571320463e-17
2015-12-15 00:00:00,sector_Technology,0.061052167255359106,1.196795847650982e-16
2015-12-15 00:00:00,sector_Utilities,0.027677904397753635,-8.125529219484552e-19
2015-12-15 00:00:00,size_factor,0.1837437426729273,-1.0830834252478996e-16
2015-12-15 00:00:00,smb_beta,-0.37351086312999404,1.9972064498382347e-18
2015-12-15 00:00:00,rmw_beta,0.1322461608610339,-7.934586500950711e-17
2015-12-22 00:00:00,market_beta,0.26857925344784184,-5.4335650915951925e-17
2015-12-22 00:00:00,sector_Consumer Discretionary,0.02553903495762743,-2.249828398437689e-16
2015-12-22 00:00:00,sector_Consumer Staples,-0.010546900359174662,-7.561497590347165e-17
2015-12-22 00:00:00,sector_Energy,0.056553658247527845,-9.412769167818602e-17
2015-12-22 00:00:00,sector_Financials,0.023362065970098662,-4.685441567032525e-17
2015-12-22 00:00:00,sector_Healthcare,0.006027816479585342,-1.6106205386674308e-17
2015-12-22 00:00:00,sector_Industrials,0.12056889329586755,-1.1811217283561157e-16
2015-12-22 00:00:00,sector_Other,-0.10242633211028722,2.47317015270405e-16
2015-12-22 00:00:00,sector_Technology,0.05764382407903002,7.109138479588015e-17
2015-12-22 00:00:00,sector_Utilities,-0.047859637370013856,-8.997265425869402e-17
2015-12-22 00:00:00,size_factor,0.20081304143442,-2.9846580982833505e-16
2015-12-22 00:00:00,smb_beta,0.05107150278143806,8.454028354052775e-17
2015-12-22 00:00:00,rmw_beta,-0.06469641177580031,1.5830413568278298e-16
2015-12-30 00:00:00,market_beta,0.2067739412069978,-2.5515645902799803e-17
2015-12-30 00:00:00,sector_Consumer Discretionary,0.04623865517683659,-1.655491583895053e-16
2015-12-30 00:00:00,sector_Consumer Staples,0.011699559015995316,2.0383878661831856e-16
2015-12-30 00:00:00,sector_Energy,0.0062848633374143,1.991267481280723e-16
2015-12-30 00:00:00,sector_Financials,-0.00379583456471221,-4.35532753465791e-16
2015-12-30 00:00:00,sector_Healthcare,-0.04301917658178743,3.7736477303630315e-16
2015-12-30 00:00:00,sector_Industrials,0.0018959860448658245,3.999048654527296e-17
2015-12-30 00:00:00,sector_Other,-0.010629926242384945,-1.3799312210981038e-17
2015-12-30 00:00:00,sector_Technology,0.056497629526974895,2.556417145126094e-17
2015-12-30 00:00:00,sector_Utilities,-0.11926914698591307,1.668807105047614e-16
2015-12-30 00:00:00,size_factor,0.09582927620637822,1.2770831845069297e-16
2015-12-30 00:00:00,smb_beta,0.20905269288339653,1.7031400118583774e-18
2015-12-30 00:00:00,rmw_beta,-0.11436457018403506,1.055365005575309e-16
2016-01-07 00:00:00,market_beta,0.20358609750810214,-2.169175557990693e-17
2016-01-07 00:00:00,sector_Consumer Discretionary,0.08618742629877889,-1.2902036976711426e-16
2016-01-07 00:00:00,sector_Consumer Staples,0.024141658168351298,-6.934047120536748e-17
2016-01-07 00:00:00,sector_Energy,-0.032153475984872594,-7.181813853502665e-18
2016-01-07 00:00:00,sector_Financials,0.07796890873396281,8.283498469945638e-17
2016-01-07 00:00:00,sector_Healthcare,0.013089802375207566,1.7501226090637029e-16
2016-01-07 00:00:00,sector_Industrials,-0.0076368231508257296,-7.307748023611189e-18
2016-01-07 00:00:00,sector_Other,-0.16214169117536828,-3.250560782939005e-16
2016-01-07 00:00:00,sector_Technology,0.16720375464547763,5.088624513228055e-16
2016-01-07 00:00:00,sector_Utilities,-0.1009895665895175,-1.0290138651664639e-16
2016-01-07 00:00:00,size_factor,0.12408626881844081,9.672023761960093e-17
2016-01-07 00:00:00,smb_beta,-0.20167874420194942,6.554740851621274e-17
2016-01-07 00:00:00,rmw_beta,0.01280558748634043,-4.1170705929607755e-16
2016-01-14 00:00:00,market_beta,-0.2586222498667684,2.1960135146232326e-16
2016-01-14 00:00:00,sector_Consumer Discretionary,0.0020235655636248366,7.697428208168758e-18
2016-01-14 00:00:00,sector_Consumer Staples,0.11542082634819205,1.1987017565749958e-17
2016-01-14 00:00:00,sector_Energy,0.08637429334981629,-4.9541968056513946e-17
2016-01-14 00:00:00,sector_Financials,-0.057966753785253095,-2.887157918061236e-17
2016-01-14 00:00:00,sector_Healthcare,0.04125709092783844,2.887157918061236e-17
2016-01-14 00:00:00,sector_Industrials,-0.01908303136274449,-7.763246846342434e-17
2016-01-14 00:00:00,sector_Other,-0.047535043796086134,-2.217857364244237e-17
2016-01-14 00:00:00,sector_Technology,-0.00513599818965018,1.4156138022561202e-16
2016-01-14 00:00:00,sector_Utilities,0.003072520787787954,-5.231134575355132e-17
2016-01-14 00:00:00,size_factor,0.12290165206818983,-9.914265245209494e-17
2016-01-14 00:00:00,smb_beta,-0.26696760597345554,9.46431982589053e-17
2016-01-14 00:00:00,rmw_beta,0.21024993051988478,-1.8250037200995287e-16
2016-01-22 00:00:00,market_beta,0.23222572367368416,8.439275319765197e-16
2016-01-22 00:00:00,sector_Consumer Discretionary,0.037249422571699456,-5.682263443275626e-16
2016-01-22 00:00:00,sector_Consumer Staples,0.011453344147729354,-3.710854417401657e-16
2016-01-22 00:00:00,sector_Energy,0.06338212314483511,6.269489490678236e-17
2016-01-22 00:00:00,sector_Financials,0.05084869555859792,-7.867674343931895e-17
2016-01-22 00:00:00,sector_Healthcare,-0.05686968819236986,-3.262206435288835e-17
2016-01-22 00:00:00,sector_Industrials,-0.021941278743569933,-3.752603481116567e-17
2016-01-22 00:00:00,sector_Other,-0.04003900397649559,4.321700876285903e-16
2016-01-22 00:00:00,sector_Technology,0.05663880163740521,-1.435041599334576e-16
2016-01-22 00:00:00,sector_Utilities,-0.049483670342161584,-2.238580688205362e-17
2016-01-22 00:00:00,size_factor,-0.05720284504395114,-3.2003990160524027e-16
2016-01-22 00:00:00,smb_beta,0.14418363405793366,9.01915223595645e-16
2016-01-22 00:00:00,rmw_beta,-0.15503982445149822,-1.11030637837618e-15
2016-01-29 00:00:00,market_beta,0.21423017558379215,-5.8796079654613375e-18
2016-01-29 00:00:00,sector_Consumer Discretionary,0.08877992608022396,3.2388037610368827e-16
2016-01-29 00:00:00,sector_Consumer Staples,0.027120292991387965,1.3457976877097096e-16
2016-01-29 00:00:00,sector_Energy,0.02618616597066337,-4.604249030778126e-16
2016-01-29 00:00:00,sector_Financials,-0.00984623141199353,5.694437197990424e-17
2016-01-29 00:00:00,sector_Healthcare,-0.07576675883224,-2.711636760947821e-16
2016-01-29 00:00:00,sector_Industrials,-0.0004225370951001768,-1.193120174817041e-17
2016-01-29 00:00:00,sector_Other,-0.050771007982524936,-1.852667383903096e-16
2016-01-29 00:00:00,sector_Technology,0.09615739979649823,4.244842218447113e-16
2016-01-29 00:00:00,sector_Utilities,-0.021238361299997986,-1.3296936580969458e-16
2016-01-29 00:00:00,size_factor,-0.050663517338070015,9.953621734151635e-17
2016-01-29 00:00:00,smb_beta,0.0516398660702597,-2.7127366285484014e-16
2016-01-29 00:00:00,rmw_beta,-0.22131340054609439,1.9338520979449794e-16
2016-02-05 00:00:00,market_beta,0.29869178290780346,-4.209179190363844e-16
2016-02-05 00:00:00,sector_Consumer Discretionary,-0.0012514721896480332,9.046411419431808e-17
2016-02-05 00:00:00,sector_Consumer Staples,-0.010191236755954479,1.8402003851135674e-18
2016-02-05 00:00:00,sector_Energy,0.03726954609181985,5.376625482215251e-16
2016-02-05 00:00:00,sector_Financials,0.13120115475883196,-2.4968356950100105e-16
2016-02-05 00:00:00,sector_Healthcare,-0.005121874924757361,1.3170122347305554e-16
2016-02-05 00:00:00,sector_Industrials,0.030160106037678328,-1.5543488145309567e-16
2016-02-05 00:00:00,sector_Other,-0.1066191843596987,1.640297292640008e-16
2016-02-05 00:00:00,sector_Technology,0.10867965310240267,-3.0835521596965655e-16
2016-02-05 00:00:00,sector_Utilities,-0.1336003111574977,1.8325521767849153e-16
2016-02-05 00:00:00,size_factor,-0.06911892694981694,-2.057619385899776e-16
2016-02-05 00:00:00,smb_beta,0.23185516148684596,7.40741010904929e-17
2016-02-05 00:00:00,rmw_beta,-0.2908884438287457,2.1397874696849245e-16
2016-02-12 00:00:00,market_beta,0.03806737281968996,-4.248137564559329e-16
2016-02-12 00:00:00,sector_Consumer Discretionary,-0.03459810162610171,-4.1997274647079684e-16
2016-02-12 00:00:00,sector_Consumer Staples,0.04044261096452837,3.431312563364612e-17
2016-02-12 00:00:00,sector_Energy,0.0629164777305558,-1.3085372773290259e-17
2016-02-12 00:00:00,sector_Financials,0.11472113027230295,-8.270476923029414e-17
2016-02-12 00:00:00,sector_Healthcare,-0.007371535959772993,-1.5963943828173056e-16
2016-02-12 00:00:00,sector_Industrials,-0.04449730152582105,-1.263780163618262e-16
2016-02-12 00:00:00,sector_Other,-0.1274815853183008,2.1098587398936816e-16
2016-02-12 00:00:00,sector_Technology,0.13160430757119906,1.2945134883869932e-16
2016-02-12 00:00:00,sector_Utilities,0.0020989694101229916,-2.927296668054541e-17
2016-02-12 00:00:00,size_factor,0.01485128220997142,1.7275574778170632e-16
2016-02-12 00:00:00,smb_beta,-0.07631256455674021,-5.563100246983893e-16
2016-02-12 00:00:00,rmw_beta,-0.06951023736167841,4.069990630920461e-16
2016-02-22 00:00:00,market_beta,-0.217220873275144,-6.910645101153008e-15
2016-02-22 00:00:00,sector_Consumer Discretionary,0.11640042517229414,-2.0536453477883633e-16
2016-02-22 00:00:00,sector_Consumer Staples,0.0634924552192628,1.57663094263823e-15
2016-02-22 00:00:00,sector_Energy,0.03254754499109952,1.4760751313591125e-16
2016-02-22 00:00:00,sector_Financials,0.03850308822566487,-7.682028839804527e-16
2016-02-22 00:00:00,sector_Healthcare,0.1195473248933693,6.471376041330053e-16
2016-02-22 00:00:00,sector_Industrials,-0.09701406919920103,8.116158116508346e-16
2016-02-22 00:00:00,sector_Other,-0.16679884560042135,-8.75237185520316e-16
2016-02-22 00:00:00,sector_Technology,0.08901092539207867,2.1157353198742366e-17
2016-02-22 00:00:00,sector_Utilities,0.009267886874087248,7.070646845511156e-16
2016-02-22 00:00:00,size_factor,0.13643724685133396,1.1456973161522983e-15
2016-02-22 00:00:00,smb_beta,-0.3527476662151807,-5.038305814097409e-15
2016-02-22 00:00:00,rmw_beta,-0.008181035468821582,8.145207929505867e-15
2016-02-29 00:00:00,market_beta,0.3960812067393738,-5.852259784625367e-16
2016-02-29 00:00:00,sector_Consumer Discretionary,0.031819250093048985,3.6378885169518236e-17
2016-02-29 00:00:00,sector_Consumer Staples,-0.016143944200254334,-5.846867817292714e-17
2016-02-29 00:00:00,sector_Energy,0.027947767461536384,1.2276635523363895e-17
2016-02-29 00:00:00,sector_Financials,0.130192178401305,1.1958039542311747e-16
2016-02-29 00:00:00,sector_Healthcare,-0.025116268157769375,2.3298889946955788e-17
2016-02-29 00:00:00,sector_Industrials,0.01861990734325809,5.182331459283146e-17
2016-02-29 00:00:00,sector_Other,-0.11938538653331425,6.090950356301978e-17
2016-02-29 00:00:00,sector_Technology,0.09192208900908293,-2.888141816178315e-16
2016-02-29 00:00:00,sector_Utilities,-0.0006605741754646061,1.8648665951140742e-16
2016-02-29 00:00:00,size_factor,0.17836104678817072,2.7099276474059343e-16
2016-02-29 00:00:00,smb_beta,0.11720755844582571,-7.18371421513475e-16
2016-02-29 00:00:00,rmw_beta,-0.3819249797016458,5.629406618001389e-16
2016-03-07 00:00:00,market_beta,-0.27341698296981726,-5.437607010290457e-16
2016-03-07 00:00:00,sector_Consumer Discretionary,-0.0315029559308975,2.023264059759097e-16
2016-03-07 00:00:00,sector_Consumer Staples,0.15210345288519128,-1.5690118365066425e-16
2016-03-07 00:00:00,sector_Energy,0.09503212726481004,9.112710645476787e-17
2016-03-07 00:00:00,sector_Financials,-0.030980662770590018,1.0784192268481636e-16
2016-03-07 00:00:00,sector_Healthcare,0.006738020603503539,-7.360639167376355e-17
2016-03-07 00:00:00,sector_Industrials,0.01640607530928956,1.0335326417447831e-16
2016-03-07 00:00:00,sector_Other,-0.054722466701970826,-5.847672205606398e-17
2016-03-07 00:00:00,sector_Technology,-0.021459229981170946,-8.12013354977463e-17
2016-03-07 00:00:00,sector_Utilities,0.13575163244081317,2.874613761363891e-16
2016-03-07 00:00:00,size_factor,0.10165109638309883,7.978413141438337e-17
2016-03-07 00:00:00,smb_beta,-0.323352562098664,-4.315770285298969e-16
2016-03-07 00:00:00,rmw_beta,0.263221534698186,5.675848837455633e-16
2016-03-14 00:00:00,market_beta,-0.03955426539869337,-5.023016412063188e-16
2016-03-14 00:00:00,sector_Consumer Discretionary,-0.06086194113052677,-4.599210776979852e-17
2016-03-14 00:00:00,sector_Consumer Staples,0.12092114678984371,-5.735694129665217e-17
2016-03-14 00:00:00,sector_Energy,0.12441376066508146,4.089209445348808e-17
2016-03-14 00:00:00,sector_Financials,0.044082486211924475,-9.549527244382667e-17
2016-03-14 00:00:00,sector_Healthcare,0.05924713855188562,-1.8233582741578583e-16
2016-03-14 00:00:00,sector_Industrials,0.04670265534803009,-1.721164152597388e-17
2016-03-14 00:00:00,sector_Other,-0.09140590300854656,1.5395346112986914e-16
2016-03-14 00:00:00,sector_Technology,-0.0531541127590707,-4.825939426946577e-17
2016-03-14 00:00:00,sector_Utilities,0.07893404750695965,-1.8415736382577418e-17
2016-03-14 00:00:00,size_factor,0.2418612716087958,0.0
2016-03-14 00:00:00,smb_beta,-0.10299581675509993,-4.008010780880804e-16
2016-03-14 00:00:00,rmw_beta,0.109742479427576,4.608227263917503e-16
2016-03-21 00:00:00,market_beta,-0.31458857344346536,2.6784168468339494e-15
2016-03-21 00:00:00,sector_Consumer Discretionary,0.013551466639778168,-3.8354765018655483e-16
2016-03-21 00:00:00,sector_Consumer Staples,0.1172962664223757,-7.845188750574133e-16
2016-03-21 00:00:00,sector_Energy,0.030374964449392323,-2.9277434877157705e-16
2016-03-21 00:00:00,sector_Financials,-0.07389779902092608,5.12808247269343e-17
2016-03-21 00:00:00,sector_Healthcare,0.12382783522353837,-8.364079343393078e-16
2016-03-21 00:00:00,sector_Industrials,-0.024297623545284724,-5.1610908196441e-16
2016-03-21 00:00:00,sector_Other,-0.05546632707438058,1.3625312728633226e-15
2016-03-21 00:00:00,sector_Technology,-0.033678407571965,-3.1332706201265484e-16
2016-03-21 00:00:00,sector_Utilities,0.01796429423213311,-4.062131581916481e-16
2016-03-21 00:00:00,size_factor,0.07335246392491868,-6.821838656256738e-16
2016-03-21 00:00:00,smb_beta,-0.3126064075729714,1.8823602359672157e-15
2016-03-21 00:00:00,rmw_beta,0.22654991237192934,-3.0687745727139717e-15
2016-03-29 00:00:00,market_beta,-0.10089567737405378,1.55623663368319e-15
2016-03-29 00:00:00,sector_Consumer Discretionary,-0.09163430218947205,-1.8805394590417426e-17
2016-03-29 00:00:00,sector_Consumer Staples,0.07568630396624476,-3.900060930730652e-16
2016-03-29 00:00:00,sector_Energy,0.08575527555678075,-1.1339988848009494e-16
2016-03-29 00:00:00,sector_Financials,0.01306641728095062,2.900290846323593e-16
2016-03-29 00:00:00,sector_Healthcare,-0.05133009347799886,-1.890066329089335e-16
2016-03-29 00:00:00,sector_Industrials,-0.05996574749060212,2.9534097262928893e-17
2016-03-29 00:00:00,sector_Other,0.09314569855744367,2.362667347204072e-16
2016-03-29 00:00:00,sector_Technology,-0.12987650799160663,-2.0511391288226775e-16
2016-03-29 00:00:00,sector_Utilities,0.05972027417695654,-1.5801536685770043e-16
2016-03-29 00:00:00,size_factor,-0.05705512629567842,-5.182120608541683e-16
2016-03-29 00:00:00,smb_beta,0.020331129621421362,1.2734678652832543e-15
2016-03-29 00:00:00,rmw_beta,0.1336720344544824,-1.7131197906207254e-15
2016-04-05 00:00:00,market_beta,-0.06876075282080059,2.2845178043231955e-15
2016-04-05 00:00:00,sector_Consumer Discretionary,-0.18209854638623593,-5.954132637080093e-17
2016-04-05 00:00:00,sector_Consumer Staples,0.03398510418303076,-5.230365054173852e-16
2016-04-05 00:00:00,sector_Energy,0.10183881286868812,-9.242284197623727e-16
2016-04-05 00:00:00,sector_Financials,-0.036015489666201966,3.148079964155859e-16
2016-04-05 00:00:00,sector_Healthcare,0.09039990000767495,-3.688494932149523e-16
2016-04-05 00:00:00,sector_Industrials,0.07178557127727148,-2.6857972806914e-16
2016-04-05 00:00:00,sector_Other,0.032389242308923566,3.8059531291339035e-16
2016-04-05 00:00:00,sector_Technology,-0.10026323891796847,3.913471305155544e-16
2016-04-05 00:00:00,sector_Utilities,0.06698253396826079,-3.8074927288386564e-16
2016-04-05 00:00:00,size_factor,-0.04119148898133973,-6.496424286386862e-16
2016-04-05 00:00:00,smb_beta,0.02938275588609221,1.9342119847959205e-15
2016-04-05 00:00:00,rmw_beta,0.06480020987718636,-2.5254318155302113e-15
2016-04-12 00:00:00,market_beta,-0.22518727720669174,4.368137852427918e-15
2016-04-12 00:00:00,sector_Consumer Discretionary,-0.13620703654870672,2.359958189877507e-16
2016-04-12 00:00:00,sector_Consumer Staples,0.11547348744893154,-1.0816208783655359e-15
2016-04-12 00:00:00,sector_Energy,0.018517184129935322,-4.0872602229318253e-16
2016-04-12 00:00:00,sector_Financials,-0.0833865346253006,7.900449016187954e-16
2016-04-12 00:00:00,sector_Healthcare,-0.058613577644529985,-2.923514173391138e-16
2016-04-12 00:00:00,sector_Industrials,0.08880560089671992,-2.699030049362889e-16
2016-04-12 00:00:00,sector_Other,0.06046364510169466,9.825311638775437e-17
2016-04-12 00:00:00,sector_Technology,-0.021523967127336646,4.169940421004386e-16
2016-04-12 00:00:00,sector_Utilities,0.023738230434418844,-4.924340016304043e-16
2016-04-12 00:00:00,size_factor,-0.04907772231723346,-7.503290777186499e-16
2016-04-12 00:00:00,smb_beta,-0.11119184314968439,3.2307102316849654e-15
2016-04-12 00:00:00,rmw_beta,0.3242031523829826,-4.950765578029014e-15
2016-04-19 00:00:00,market_beta,-0.024286965654704937,1.3047322568253402e-17
2016-04-19 00:00:00,sector_Consumer Discretionary,-0.1605300249741562,1.8341094067199706e-16
2016-04-19 00:00:00,sector_Consumer Staples,0.05281791928953137,5.420104617515547e-17
2016-04-19 00:00:00,sector_Energy,0.09914165018603688,-2.090559984502697e-16
2016-04-19 00:00:00,sector_Financials,-0.17046770432287928,-7.902690227557652e-17
2016-04-19 00:00:00,sector_Healthcare,-0.1949293134932882,6.794168068940969e-18
2016-04-19 00:00:00,sector_Industrials,0.04655296274051352,-1.9273982048206215e-17
2016-04-19 00:00:00,sector_Other,0.16253922326300918,-1.0654811715403241e-16
2016-04-19 00:00:00,sector_Technology,0.020594435068814813,1.257246421037144e-16
2016-04-19 00:00:00,sector_Utilities,0.05121394464222852,2.299179134631632e-17
2016-04-19 00:00:00,size_factor,-0.17573274478200746,-3.4876449413077044e-16
2016-04-19 00:00:00,smb_beta,0.1299221458241493,-6.859639571791366e-17
2016-04-19 00:00:00,rmw_beta,0.25839828665330783,-1.7738124824454761e-16
2016-04-26 00:00:00,market_beta,-0.3872267898924338,1.0104639182760598e-15
2016-04-26 00:00:00,sector_Consumer Discretionary,0.03864434928768416,-1.4240820143156963e-16
2016-04-26 00:00:00,sector_Consumer Staples,0.10628893693025669,-9.590508527959277e-17
2016-04-26 00:00:00,sector_Energy,-0.052025324855377496,1.158938181081775e-16
2016-04-26 00:00:00,sector_Financials,-0.17592531309364798,-1.3797897821563257e-17
2016-04-26 00:00:00,sector_Healthcare,-0.18421578787345066,4.804177150598843e-16
2016-04-26 00:00:00,sector_Industrials,0.051494652501209486,3.7944219009298954e-17
2016-04-26 00:00:00,sector_Other,0.08735010809505274,-2.4162937124384004e-16
2016-04-26 00:00:00,sector_Technology,0.0495786437694552,7.192820848927371e-17
2016-04-26 00:00:00,sector_Utilities,0.049278690944712496,2.441227511826951e-16
2016-04-26 00:00:00,size_factor,-0.17612414525965955,-4.1107928939752715e-16
2016-04-26 00:00:00,smb_beta,-0.31568436207613854,9.114975976486511e-16
2016-04-26 00:00:00,rmw_beta,0.4603373875890362,-7.366198798794876e-16
2016-05-03 00:00:00,market_beta,-0.28103910531544185,1.2531812599990262e-16
2016-05-03 00:00:00,sector_Consumer Discretionary,0.033011764226555766,-1.36347671180408e-16
2016-05-03 00:00:00,sector_Consumer Staples,0.09470880468869781,1.2599856146833194e-16
2016-05-03 00:00:00,sector_Energy,-0.08121325344785692,4.508041035033091e-16
2016-05-03 00:00:00,sector_Financials,-0.2584432410156803,-1.7427854987117012e-16
2016-05-03 00:00:00,sector_Healthcare,-0.005600639709868079,-7.030219469379405e-17
2016-05-03 00:00:00,sector_Industrials,-0.0050323172922126964,1.321366180379154e-16
2016-05-03 00:00:00,sector_Other,0.01161149392569592,-5.258455542663849e-16
2016-05-03 00:00:00,sector_Technology,0.1721466416099182,7.551781075078726e-16
2016-05-03 00:00:00,sector_Utilities,0.023868625280220216,1.3354850248725385e-16
2016-05-03 00:00:00,size_factor,-0.19236105328959038,2.911885045071992e-16
2016-05-03 00:00:00,smb_beta,-0.0473857309738887,2.3421142128014775e-16
2016-05-03 00:00:00,rmw_beta,0.3264964286540172,1.050427232354763e-16
2016-05-10 00:00:00,market_beta,-0.3373271477736299,-7.852409701841384e-16
2016-05-10 00:00:00,sector_Consumer Discretionary,0.06081885838479801,8.15178803967708e-17
2016-05-10 00:00:00,sector_Consumer Staples,0.08546120914962667,-1.8385875085292306e-16
2016-05-10 00:00:00,sector_Energy,-0.002739706316042791,1.6616690634651798e-16
2016-05-10 00:00:00,sector_Financials,-0.21423224539662253,-4.8838201602555595e-16
2016-05-10 00:00:00,sector_Healthcare,0.03416949335079996,-1.7002929446815654e-16
2016-05-10 00:00:00,sector_Industrials,-0.010250340964293841,1.3264696731558308e-16
2016-05-10 00:00:00,sector_Other,-0.00819323170858944,1.5257269698842854e-17
2016-05-10 00:00:00,sector_Technology,0.08234322661162372,4.502232632353306e-16
2016-05-10 00:00:00,sector_Utilities,0.05566225389221012,2.240974889003355e-17
2016-05-10 00:00:00,size_factor,-0.059422049604859244,-1.9738641327001252e-16
2016-05-10 00:00:00,smb_beta,-0.26133655154501567,-4.0127099879804476e-16
2016-05-10 00:00:00,rmw_beta,0.3778465299924185,6.735851846193735e-16
2016-05-17 00:00:00,market_beta,0.25699690192779234,4.1455525513088354e-15
2016-05-17 00:00:00,sector_Consumer Discretionary,-0.032717941589271334,-4.685886285136226e-16
2016-05-17 00:00:00,sector_Consumer Staples,-0.016678984747090734,-9.849015859966575e-16
2016-05-17 00:00:00,sector_Energy,0.0003074322245165823,-4.338666562844588e-17
2016-05-17 00:00:00,sector_Financials,-0.08973014008966822,7.646864877744627e-16
2016-05-17 00:00:00,sector_Healthcare,0.05313738581410491,-2.4161584635420796e-16
2016-05-17 00:00:00,sector_Industrials,0.0503908775555419,4.842153704543871e-17
2016-05-17 00:00:00,sector_Other,0.0063908231485621456,2.6323001054961644e-16
2016-05-17 00:00:00,sector_Technology,0.0679019892878535,7.658156329001727e-17
2016-05-17 00:00:00,sector_Utilities,-0.10987334072467586,-3.9569681772155995e-16
2016-05-17 00:00:00,size_factor,-0.13489938829837325,-1.1745678607577242e-15
2016-05-17 00:00:00,smb_beta,0.20315571763231444,4.153832940066413e-15
2016-05-17 00:00:00,rmw_beta,-0.11237381132395445,-5.023611741528845e-15
2016-05-24 00:00:00,market_beta,0.13781603848783008,-3.804531084933357e-17
2016-05-24 00:00:00,sector_Consumer Discretionary,-0.05428202989830027,4.8335445067161184e-17
2016-05-24 00:00:00,sector_Consumer Staples,-0.035789901043862364,-4.2173647337254137e-17
2016-05-24 00:00:00,sector_Energy,0.08004282491014918,4.188065057410403e-17
2016-05-24 00:00:00,sector_Financials,-0.053332914561267084,1.7888773595589382e-17
2016-05-24 00:00:00,sector_Healthcare,0.14649055704818204,-2.692350773477594e-17
2016-05-24 00:00:00,sector_Industrials,0.08065688898092255,3.060967926356405e-17
2016-05-24 00:00:00,sector_Other,-0.005600688341788927,1.9752919716053479e-16
2016-05-24 00:00:00,sector_Technology,-0.06799470073639015,-4.132515589960301e-16
2016-05-24 00:00:00,sector_Utilities,-0.023892821536982183,-1.044159285595057e-17
2016-05-24 00:00:00,size_factor,-0.0011611164021961616,-5.571219216472479e-17
2016-05-24 00:00:00,smb_beta,0.16931769539132793,4.726858320254367e-17
2016-05-24 00:00:00,rmw_beta,-0.07756020811129731,-1.0728989078726527e-16
2016-06-01 00:00:00,market_beta,-0.11579439070401662,-4.53543561361032e-16
2016-06-01 00:00:00,sector_Consumer Discretionary,0.043893091289943155,2.8648034216530546e-16
2016-06-01 00:00:00,sector_Consumer Staples,0.022374903108100006,4.477533649058648e-17
2016-06-01 00:00:00,sector_Energy,0.050701335045796436,1.1076112012267103e-16
2016-06-01 00:00:00,sector_Financials,-0.022434787039171684,-3.2017992266020366e-17
2016-06-01 00:00:00,sector_Healthcare,0.031996785573487584,-2.0437016340013004e-18
2016-06-01 00:00:00,sector_Industrials,0.11017087939210615,9.39194439803264e-17
2016-06-01 00:00:00,sector_Other,0.0071001244701073,8.791613603545574e-17
2016-06-01 00:00:00,sector_Technology,-0.14873314830795295,-4.3112823444985835e-16
2016-06-01 00:00:00,sector_Utilities,0.014797215182795224,-1.3583927502859965e-16
2016-06-01 00:00:00,size_factor,-0.06425521972459704,-3.2975602054748207e-16
2016-06-01 00:00:00,smb_beta,-0.07673264751514629,-3.6648949987414953e-16
2016-06-01 00:00:00,rmw_beta,0.1261236259566928,4.2893682429700276e-16
2016-06-08 00:00:00,market_beta,-0.3173748510598094,1.528412900365298e-16
2016-06-08 00:00:00,sector_Consumer Discretionary,0.059637603353248914,6.013985508450267e-18
2016-06-08 00:00:00,sector_Consumer Staples,0.05433182104732825,1.0171400801748596e-16
2016-06-08 00:00:00,sector_Energy,0.0995208117877635,-1.0973446444066497e-17
2016-06-08 00:00:00,sector_Financials,-0.07141219060432784,9.455942946270424e-17
2016-06-08 00:00:00,sector_Healthcare,0.016725007540130125,-1.048310607781418e-16
2016-06-08 00:00:00,sector_Industrials,0.019193792670510378,8.518404833067255e-17
2016-06-08 00:00:00,sector_Other,0.031630827911433554,5.160199083135253e-18
2016-06-08 00:00:00,sector_Technology,-0.15086347693557225,-1.9169824807935058e-16
2016-06-08 00:00:00,sector_Utilities,0.04718879661041025,-1.18883071551858e-16
2016-06-08 00:00:00,size_factor,0.05179364481942698,-4.31326827916697e-16
2016-06-08 00:00:00,smb_beta,-0.29242288227244173,2.5730175505909815e-16
2016-06-08 00:00:00,rmw_beta,0.3855351306549664,-4.543987548786723e-16
2016-06-15 00:00:00,market_beta,-0.05031058529401292,1.3181707299956177e-16
2016-06-15 00:00:00,sector_Consumer Discretionary,0.0808535297087862,-2.3109587841440334e-16
2016-06-15 00:00:00,sector_Consumer Staples,-0.08308754135459386,2.7265218079167448e-17
2016-06-15 00:00:00,sector_Energy,0.10359363667515463,-1.4144072528901938e-17
2016-06-15 00:00:00,sector_Financials,-0.0927174254216348,1.0934250906330576e-16
2016-06-15 00:00:00,sector_Healthcare,0.035453685449734776,-1.401827039273151e-17
2016-06-15 00:00:00,sector_Industrials,0.02882644822462196,-3.2896207854943275e-17
2016-06-15 00:00:00,sector_Other,0.02546650210875691,-4.788840583181611e-17
2016-06-15 00:00:00,sector_Technology,-0.041252732443663315,6.10219678754792e-17
2016-06-15 00:00:00,sector_Utilities,-0.03718431386744889,6.27509283770215e-17
2016-06-15 00:00:00,size_factor,0.025089716353626623,6.3586323235878136e-18
2016-06-15 00:00:00,smb_beta,-0.10808635543437128,8.840775198228702e-17
2016-06-15 00:00:00,rmw_beta,0.13760519029380963,1.2745463845242772e-16
2016-06-22 00:00:00,market_beta,-0.02981779938663118,-5.818964656263381e-17
2016-06-22 00:00:00,sector_Consumer Discretionary,0.04721288105303831,-2.8802414094544293e-16
2016-06-22 00:00:00,sector_Consumer Staples,-0.09790876925709628,6.538672402675183e-17
2016-06-22 00:00:00,sector_Energy,0.0725776849315858,-3.223819527534753e-16
2016-06-22 00:00:00,sector_Financials,-0.031447747780466294,-1.498714539410937e-16
2016-06-22 00:00:00,sector_Healthcare,-0.020802907424829164,-9.175803302515944e-18
2016-06-22 00:00:00,sector_Industrials,-0.07174705558346907,1.7102677822189433e-16
2016-06-22 00:00:00,sector_Other,0.022095882351232724,3.192632807840722e-16
2016-06-22 00:00:00,sector_Technology,0.04764237716242181,-1.7058800694793334e-16
2016-06-22 00:00:00,sector_Utilities,0.05068984083067366,-2.082496435137426e-16
2016-06-22 00:00:00,size_factor,-0.029005050927933467,-2.878512765293455e-17
2016-06-22 00:00:00,smb_beta,-0.0598113543090908,-5.366536334877906e-17
2016-06-22 00:00:00,rmw_beta,-0.08445570011544841,-7.050233195164459e-17
2016-06-29 00:00:00,market_beta,0.5425482153427791,3.806029214332184e-16
2016-06-29 00:00:00,sector_Consumer Discretionary,-0.0716701895577769,7.41987690163704e-16
2016-06-29 00:00:00,sector_Consumer Staples,-0.12013338482662367,2.1460506132330194e-16
2016-06-29 00:00:00,sector_Energy,0.02814838448114711,3.0739035273057935e-16
2016-06-29 00:00:00,sector_Financials,0.0730086467424613,8.581500783021705e-16
2016-06-29 00:00:00,sector_Healthcare,-0.005429704513562893,9.311841275193765e-16
2016-06-29 00:00:00,sector_Industrials,-0.06912528962737353,3.725649435692721e-16
2016-06-29 00:00:00,sector_Other,0.06907979313095146,-1.7516607174190913e-15
2016-06-29 00:00:00,sector_Technology,0.027198910006973075,7.07676562023019e-16
2016-06-29 00:00:00,sector_Utilities,-0.13347373212827254,-1.6160607683404865e-16
2016-06-29 00:00:00,size_factor,-0.08609861692624203,2.2447890800484985e-15
2016-06-29 00:00:00,smb_beta,0.468233927870511,1.010300303133505e-16
2016-06-29 00:00:00,rmw_beta,-0.49030907863947704,-5.2264969407012e-16
2016-07-07 00:00:00,market_beta,0.34189436318034344,6.611198155621229e-16
2016-07-07 00:00:00,sector_Consumer Discretionary,-0.004240166173425033,1.322901602605228e-17
2016-07-07 00:00:00,sector_Consumer Staples,-0.10980581991219955,1.7515211211968056e-17
2016-07-07 00:00:00,sector_Energy,0.09300833389120156,2.308035629853733e-16
2016-07-07 00:00:00,sector_Financials,0.004262872603945821,8.390546508344663e-16
2016-07-07 00:00:00,sector_Healthcare,-0.06988042130247843,3.555442784549784e-16
2016-07-07 00:00:00,sector_Industrials,-0.005382082987030121,3.4746090031591795e-16
2016-07-07 00:00:00,sector_Other,0.06080775561691235,-1.1477498656819588e-15
2016-07-07 00:00:00,sector_Technology,0.01553703228524765,7.164446431079169e-16
2016-07-07 00:00:00,sector_Utilities,-0.06120779532110111,-7.02934440445564e-17
2016-07-07 00:00:00,size_factor,-0.12494225660188796,1.9412035375975764e-15
2016-07-07 00:00:00,smb_beta,0.36196486770251296,4.274562194617724e-16
2016-07-07 00:00:00,rmw_beta,-0.3633785710042374,-1.0175364321797073e-15
2016-07-14 00:00:00,market_beta,0.10731388689049738,8.892122985651404e-16
2016-07-14 00:00:00,sector_Consumer Discretionary,-0.09158166546481558,-2.108660558126246e-17
2016-07-14 00:00:00,sector_Consumer Staples,-0.013046514832728662,-9.144024640451058e-17
2016-07-14 00:00:00,sector_Energy,0.06795558361736999,-6.156123567853809e-17
2016-07-14 00:00:00,sector_Financials,-0.09898029104458032,4.254010007606833e-16
2016-07-14 00:00:00,sector_Healthcare,-0.026243355205972468,1.337028377778155e-17
2016-07-14 00:00:00,sector_Industrials,0.05253798636438555,-1.3809682775173429e-16
2016-07-14 00:00:00,sector_Other,0.05147128425111679,-2.994951108989328e-16
2016-07-14 00:00:00,sector_Technology,0.017631783802689746,3.244263193047279e-16
2016-07-14 00:00:00,sector_Utilities,0.07182009459803208,-2.2031961447599187e-16
2016-07-14 00:00:00,size_factor,-0.13880026654483274,1.2738040693223143e-16
2016-07-14 00:00:00,smb_beta,0.07843530038254033,8.296617696439225e-16
2016-07-14 00:00:00,rmw_beta,-0.06527294997001343,-1.0551074149599105e-15
2016-07-21 00:00:00,market_beta,0.10436103147288898,4.820863320611899e-15
2016-07-21 00:00:00,sector_Consumer Discretionary,-0.16818125911307594,-4.1367189174598523e-16
2016-07-21 00:00:00,sector_Consumer Staples,-0.037011990885906024,-7.805774418979129e-16
2016-07-21 00:00:00,sector_Energy,0.11187532143847394,5.44293039090587e-17
2016-07-21 00:00:00,sector_Financials,-0.027708000593947787,1.294947740430881e-15
2016-07-21 00:00:00,sector_Healthcare,-0.14332061791326925,-5.225227724545661e-16
2016-07-21 00:00:00,sector_Industrials,-0.09442259607623964,1.846124327277785e-17
2016-07-21 00:00:00,sector_Other,0.17197907062360995,1.5964659925903206e-16
2016-07-21 00:00:00,sector_Technology,-0.023961596914850832,-2.3901053717333454e-17
2016-07-21 00:00:00,sector_Utilities,0.06288531085969198,-5.527680130171704e-16
2016-07-21 00:00:00,size_factor,-0.11742292327323578,-5.362841725319176e-16
2016-07-21 00:00:00,smb_beta,0.12330295744084249,4.7387399353924096e-15
2016-07-21 00:00:00,rmw_beta,-0.13506842588344692,-5.111740827118454e-15
2016-07-28 00:00:00,market_beta,-0.5508251722087157,1.9681588491540435e-15
2016-07-28 00:00:00,sector_Consumer Discretionary,0.00976821565287326,-6.630956708937623e-16
2016-07-28 00:00:00,sector_Consumer Staples,0.1309066533311159,-5.725190621425824e-16
2016-07-28 00:00:00,sector_Energy,0.12316191627281661,-1.4300797287023737e-17
2016-07-28 00:00:00,sector_Financials,-0.201421916986096,-3.0376604364635973e-16
2016-07-28 00:00:00,sector_Healthcare,-0.01290957340086625,-4.751377671032669e-16
2016-07-28 00:00:00,sector_Industrials,0.012251398726498388,-4.240269022126103e-17
2016-07-28 00:00:00,sector_Other,0.049190307659775084,1.1022667345944532e-15
2016-07-28 00:00:00,sector_Technology,-0.0868914607261268,-3.8453465933330935e-16
2016-07-28 00:00:00,sector_Utilities,0.11505753728727931,-2.276986145601881e-16
2016-07-28 00:00:00,size_factor,0.05124503647154394,-2.7315633770705023e-15
2016-07-28 00:00:00,smb_beta,-0.5586728068004067,2.352079324106656e-15
2016-07-28 00:00:00,rmw_beta,0.5354123119537558,-1.9004024167753676e-15
2016-08-04 00:00:00,market_beta,-0.3175767224908743,1.0076754045938243e-15
2016-08-04 00:00:00,sector_Consumer Discretionary,-0.03897092765783367,-3.1963016978311605e-16
2016-08-04 00:00:00,sector_Consumer Staples,0.06531352377854753,-4.611203652282643e-16
2016-08-04 00:00:00,sector_Energy,0.07189885983794546,-1.4002374094871447e-16
2016-08-04 00:00:00,sector_Financials,-0.19168486181433222,-1.084418848258284e-16
2016-08-04 00:00:00,sector_Healthcare,-0.01014790423371345,-1.347907102960373e-16
2016-08-04 00:00:00,sector_Industrials,0.028674305298019752,-1.1835014107035484e-16
2016-08-04 00:00:00,sector_Other,0.09613061837977589,4.734971324023175e-16
2016-08-04 00:00:00,sector_Technology,-0.08203108495154482,-4.707826170647532e-17
2016-08-04 00:00:00,sector_Utilities,0.06536360847188417,9.068852774056421e-17
2016-08-04 00:00:00,size_factor,-0.03309312949652762,-1.0078908597620911e-15
2016-08-04 00:00:00,smb_beta,-0.2935627332232621,1.1558190301216969e-15
2016-08-04 00:00:00,rmw_beta,0.2942227909776612,-1.0137744739883345e-15
2016-08-11 00:00:00,market_beta,-0.31181909499451393,2.9953600140951724e-15
2016-08-11 00:00:00,sector_Consumer Discretionary,-0.00809010954070457,-5.681037988898501e-16
2016-08-11 00:00:00,sector_Consumer Staples,0.15190163067004817,-7.841141570109884e-16
2016-08-11 00:00:00,sector_Energy,0.05914532343513437,-4.678976621588938e-16
2016-08-11 00:00:00,sector_Financials,-0.16487803780231108,2.1890657699374515e-16
2016-08-11 00:00:00,sector_Healthcare,0.0037484134825921324,-7.330928166666802e-16
2016-08-11 00:00:00,sector_Industrials,0.07668684795542335,-2.6505605008816687e-16
2016-08-11 00:00:00,sector_Other,0.05384736523297553,1.114055400074928e-15
2016-08-11 00:00:00,sector_Technology,-0.12957293566647532,-2.96126292727724e-16
2016-08-11 00:00:00,sector_Utilities,0.03621881795078124,-1.591918525616019e-16
2016-08-11 00:00:00,size_factor,0.01461771803453774,-2.0987186381436184e-15
2016-08-11 00:00:00,smb_beta,-0.33007585129962247,2.92761913795201e-15
2016-08-11 00:00:00,rmw_beta,0.33725535670875806,-2.8156222749404566e-15
2016-08-18 00:00:00,market_beta,-0.21479062598187132,4.223462855306158e-15
2016-08-18 00:00:00,sector_Consumer Discretionary,0.0027325511167521858,-9.087212515735954e-16
2016-08-18 00:00:00,sector_Consumer Staples,0.01606996181314366,-8.778812872338141e-16
2016-08-18 00:00:00,sector_Energy,0.06440046065187349,-3.1938742537081005e-16
2016-08-18 00:00:00,sector_Financials,-0.00785610694457641,5.532289732624001e-16
2016-08-18 00:00:00,sector_Healthcare,0.062033290950417104,-7.750751780794026e-16
2016-08-18 00:00:00,sector_Industrials,0.10643631113584444,-2.165864388353921e-16
2016-08-18 00:00:00,sector_Other,-0.03499468591577301,1.4624586062354735e-15
2016-08-18 00:00:00,sector_Technology,-0.09514637765991026,-7.509463587131366e-16
2016-08-18 00:00:00,sector_Utilities,0.01896634489239965,-5.504555314409541e-16
2016-08-18 00:00:00,size_factor,0.051490510043584035,-1.6857875649380829e-15
2016-08-18 00:00:00,smb_beta,-0.2156371087585192,4.253186467517736e-15
2016-08-18 00:00:00,rmw_beta,0.2720981224859763,-4.2350546926893136e-15
2016-08-25 00:00:00,market_beta,-0.1912807626327908,1.5248107233715482e-15
2016-08-25 00:00:00,sector_Consumer Discretionary,-0.0320100915538022,-3.3491798475908227e-16
2016-08-25 00:00:00,sector_Consumer Staples,0.028683374574327812,-4.941306892436636e-16
2016-08-25 00:00:00,sector_Energy,0.06753137668928286,-1.1882783213542785e-16
2016-08-25 00:00:00,sector_Financials,-0.058030285038712354,1.788253179219723e-16
2016-08-25 00:00:00,sector_Healthcare,0.09052634717639448,-1.5585063661656075e-16
2016-08-25 00:00:00,sector_Industrials,0.07008084332455995,-9.468023122400724e-17
2016-08-25 00:00:00,sector_Other,-0.07040216158828468,7.29217488771744e-16
2016-08-25 00:00:00,sector_Technology,0.026151206466812318,-5.172518991891876e-16
2016-08-25 00:00:00,sector_Utilities,0.021558858032364372,-1.720682395038822e-16
2016-08-25 00:00:00,size_factor,0.06630329308086053,-1.3246686301434306e-15
2016-08-25 00:00:00,smb_beta,-0.20034433224971634,1.6593726885087903e-15
2016-08-25 00:00:00,rmw_beta,0.24520942093334488,-1.5831308002945094e-15
2016-09-01 00:00:00,market_beta,-0.3721087790588767,1.0982936765855612e-15
2016-09-01 00:00:00,sector_Consumer Discretionary,0.050312073857021765,-4.706370694480162e-16
2016-09-01 00:00:00,sector_Consumer Staples,0.008276137541865779,-3.5314067065676707e-16
2016-09-01 00:00:00,sector_Energy,0.0005617632593738176,-3.053056017646965e-16
2016-09-01 00:00:00,sector_Financials,-0.21650360844327507,-1.9723865890070287e-16
2016-09-01 00:00:00,sector_Healthcare,0.1942969608646508,-4.593410378425765e-16
2016-09-01 00:00:00,sector_Industrials,0.026439955282705666,-1.9100298296321136e-16
2016-09-01 00:00:00,sector_Other,-0.07352736588309186,1.2217022880449665e-15
2016-09-01 00:00:00,sector_Technology,0.07636532277075293,-8.155605331357377e-16
2016-09-01 00:00:00,sector_Utilities,0.029952039352811,-1.6377299896466332e-16
2016-09-01 00:00:00,size_factor,0.14630300030293014,-2.7225162171590238e-15
2016-09-01 00:00:00,smb_beta,-0.3169439067636972,1.2637463779528584e-15
2016-09-01 00:00:00,rmw_beta,0.35327927646584834,-9.709668073945785e-16
2016-09-09 00:00:00,market_beta,-0.2657674958175273,4.480483237308238e-16
2016-09-09 00:00:00,sector_Consumer Discretionary,-0.011869755667110658,-9.63684126809971e-17
2016-09-09 00:00:00,sector_Consumer Staples,0.006797887626349221,1.1840695838553523e-16
2016-09-09 00:00:00,sector_Energy,-0.006960591379772326,-4.2592746991496e-16
2016-09-09 00:00:00,sector_Financials,-0.17264626352225287,3.2698884226963315e-17
2016-09-09 00:00:00,sector_Healthcare,0.22780199931619555,-4.746292589307706e-16
2016-09-09 00:00:00,sector_Industrials,0.021381512586676046,1.6362238873478164e-16
2016-09-09 00:00:00,sector_Other,-0.05630391627946908,5.883558844379876e-16
2016-09-09 00:00:00,sector_Technology,0.0187541702843656,-6.262367637008283e-16
2016-09-09 00:00:00,sector_Utilities,-0.017277672645813334,-8.670025989017017e-18
2016-09-09 00:00:00,size_factor,0.04224502278428069,-1.5245270496990694e-15
2016-09-09 00:00:00,smb_beta,-0.2971530518162048,4.678610981124372e-16
2016-09-09 00:00:00,rmw_beta,0.25658978336588467,-3.595586218857665e-16
2016-09-16 00:00:00,market_beta,-0.009233185391227168,-1.1197805798202935e-15
2016-09-16 00:00:00,sector_Consumer Discretionary,-0.0668258888609632,2.468874877052595e-16
2016-09-16 00:00:00,sector_Consumer Staples,-0.007881650429590112,4.993577845349687e-16
2016-09-16 00:00:00,sector_Energy,0.027342446262933452,-6.581135651527908e-17
2016-09-16 00:00:00,sector_Financials,0.019492400983613788,-3.333414769578556e-16
2016-09-16 00:00:00,sector_Healthcare,0.20062978155410222,-2.4737949149594443e-16
2016-09-16 00:00:00,sector_Industrials,-0.010356654834903757,1.1697688056682296e-16
2016-09-16 00:00:00,sector_Other,-0.06802406765036714,-1.3498856209560519e-16
2016-09-16 00:00:00,sector_Technology,-0.021727410813251073,1.7349872054717218e-16
2016-09-16 00:00:00,sector_Utilities,-0.041922406291308445,-4.5673547050480704e-17
2016-09-16 00:00:00,size_factor,0.12461757268363031,2.288758128539437e-16
2016-09-16 00:00:00,smb_beta,-0.06429719365405381,-1.0179035173775142e-15
2016-09-16 00:00:00,rmw_beta,-0.10982886730926233,1.1862522295496686e-15
2016-09-23 00:00:00,market_beta,0.08084180516847728,1.30709160075229e-15
2016-09-23 00:00:00,sector_Consumer Discretionary,-0.011021282737986485,-4.986549177956924e-16
2016-09-23 00:00:00,sector_Consumer Staples,0.023646550303327227,-5.394879307431061e-16
2016-09-23 00:00:00,sector_Energy,-0.026859886039359862,4.944059993207551e-17
2016-09-23 00:00:00,sector_Financials,-0.0354337233301301,1.3860366882070048e-16
2016-09-23 00:00:00,sector_Healthcare,0.1155340568122279,-3.5650152957138317e-16
2016-09-23 00:00:00,sector_Industrials,-0.005980314740991184,-1.6500587377661136e-16
2016-09-23 00:00:00,sector_Other,-0.1017081357892821,8.69155588748042e-16
2016-09-23 00:00:00,sector_Technology,0.12901589564709098,-4.090368052976106e-16
2016-09-23 00:00:00,sector_Utilities,-0.05655941045343612,-3.46427601338052e-16
2016-09-23 00:00:00,size_factor,0.10608411372483473,-7.71645887051682e-16
2016-09-23 00:00:00,smb_beta,-0.07258859362923673,1.6084910235662392e-15
2016-09-23 00:00:00,rmw_beta,0.19519160480452982,-1.607583012862686e-15
2016-09-30 00:00:00,market_beta,-0.2113063021928132,-2.8328024748931985e-16
2016-09-30 00:00:00,sector_Consumer Discretionary,-0.07701901410696202,-6.518277146425117e-17
2016-09-30 00:00:00,sector_Consumer Staples,-0.011723184665781804,-1.0737887691020119e-16
2016-09-30 00:00:00,sector_Energy,-0.030232267802627152,-1.447027957507394e-16
2016-09-30 00:00:00,sector_Financials,0.06929007579062599,6.667482948920613e-17
2016-09-30 00:00:00,sector_Healthcare,0.06812428656724004,2.249359632218273e-16
2016-09-30 00:00:00,sector_Industrials,-0.029929834699128858,2.47181557335877e-17
2016-09-30 00:00:00,sector_Other,0.04360041983499991,-1.2504164859467181e-16
2016-09-30 00:00:00,sector_Technology,-0.09345364780834449,1.2940763270601746e-16
2016-09-30 00:00:00,sector_Utilities,-0.04131565747029167,1.5670609001505736e-16
2016-09-30 00:00:00,size_factor,0.003403957350503333,1.2343979560249254e-16
2016-09-30 00:00:00,smb_beta,-0.10080166974106455,-7.714722239600929e-18
2016-09-30 00:00:00,rmw_beta,0.01448473303527103,-4.03716940143182e-17
2016-10-07 00:00:00,market_beta,0.07258735349095916,-1.754604265751435e-15
2016-10-07 00:00:00,sector_Consumer Discretionary,-0.12411605768497606,2.83683954808604e-16
2016-10-07 00:00:00,sector_Consumer Staples,0.009013808066503292,2.4696306704737386e-16
2016-10-07 00:00:00,sector_Energy,0.05012032305910509,-9.211904961762189e-17
2016-10-07 00:00:00,sector_Financials,0.07207587697411796,-2.847773031692596e-17
2016-10-07 00:00:00,sector_Healthcare,0.0292259806724112,2.0878051989746319e-16
2016-10-07 00:00:00,sector_Industrials,-0.09832513903460818,1.2111568671770703e-17
2016-10-07 00:00:00,sector_Other,0.03323654991202252,-5.193346530002655e-16
2016-10-07 00:00:00,sector_Technology,-0.030105323664642723,3.960564661041347e-16
2016-10-07 00:00:00,sector_Utilities,0.01048597701708229,5.788728976060568e-17
2016-10-07 00:00:00,size_factor,0.0778093369648338,5.582305677703797e-16
2016-10-07 00:00:00,smb_beta,-0.05819346013996597,-1.3879590799001694e-15
2016-10-07 00:00:00,rmw_beta,-0.1450611395182422,1.938966616868694e-15
2016-10-14 00:00:00,market_beta,-0.07772576205583911,1.0822552481313688e-15
2016-10-14 00:00:00,sector_Consumer Discretionary,-0.11174813754828775,-1.8670315089512997e-16
2016-10-14 00:00:00,sector_Consumer Staples,0.017296918910625163,-3.171366657823294e-16
2016-10-14 00:00:00,sector_Energy,-0.02939047797551451,-5.660887383054289e-17
2016-10-14 00:00:00,sector_Financials,0.10061753248320239,3.172466281819232e-16
2016-10-14 00:00:00,sector_Healthcare,0.07475040703462882,6.474420983304556e-18
2016-10-14 00:00:00,sector_Industrials,0.023200646751215418,-8.470300115265601e-17
2016-10-14 00:00:00,sector_Other,-0.036766044991015406,-6.036409465378967e-17
2016-10-14 00:00:00,sector_Technology,-0.02513582380363369,2.996720070205557e-16
2016-10-14 00:00:00,sector_Utilities,0.018139346977705056,-5.818933166446826e-17
2016-10-14 00:00:00,size_factor,-0.005344407245128553,1.2776746294663827e-16
2016-10-14 00:00:00,smb_beta,0.022182141075048623,1.2430147748329392e-15
2016-10-14 00:00:00,rmw_beta,-0.024614943921300727,-1.0755693251039109e-15
2016-10-21 00:00:00,market_beta,0.018246279817922994,2.981854283643972e-16
2016-10-21 00:00:00,sector_Consumer Discretionary,-0.08003628360211376,-3.289667168175625e-17
2016-10-21 00:00:00,sector_Consumer Staples,0.05617956522513868,-6.805846870094281e-17
2016-10-21 00:00:00,sector_Energy,-0.03433251883293208,-1.0177739360000997e-16
2016-10-21 00:00:00,sector_Financials,-0.05311072856173534,1.9221364240869628e-16
2016-10-21 00:00:00,sector_Healthcare,0.054139090274974475,-1.9793003326099956e-16
2016-10-21 00:00:00,sector_Industrials,-0.020121017176969937,8.961561527526611e-17
2016-10-21 00:00:00,sector_Other,0.002507133557606814,-2.844194654831904e-17
2016-10-21 00:00:00,sector_Technology,0.014448977752827535,2.3565110831560087e-16
2016-10-21 00:00:00,sector_Utilities,0.10359289920839403,-6.253058478728439e-17
2016-10-21 00:00:00,size_factor,-0.08986214912437644,9.88322154080534e-17
2016-10-21 00:00:00,smb_beta,-0.00777797249042491,3.4896195158297335e-16
2016-10-21 00:00:00,rmw_beta,-0.012285954977754107,-2.13863313293218e-16
2016-10-28 00:00:00,market_beta,0.23187028727520567,-3.5064442915732616e-17
2016-10-28 00:00:00,sector_Consumer Discretionary,-0.056333722598287304,-2.4362946302755194e-16
2016-10-28 00:00:00,sector_Consumer Staples,-0.03973086314123534,-6.689135103981125e-17
2016-10-28 00:00:00,sector_Energy,0.003073934693313857,-1.6703046903562816e-16
2016-10-28 00:00:00,sector_Financials,-0.04623046274371637,-4.935480424555357e-16
2016-10-28 00:00:00,sector_Healthcare,0.04790813775884289,-3.004481648410147e-16
2016-10-28 00:00:00,sector_Industrials,-0.0014016634712834303,-1.0365591321347027e-16
2016-10-28 00:00:00,sector_Other,0.04426543161378302,6.200457521532826e-17
2016-10-28 00:00:00,sector_Technology,-0.0052730371818465694,8.613204640980124e-16
2016-10-28 00:00:00,sector_Utilities,0.0007669497770128463,2.895666483521443e-17
2016-10-28 00:00:00,size_factor,-0.06184082767898294,1.296446039949785e-16
2016-10-28 00:00:00,smb_beta,0.343317474180283,9.927294548766294e-17
2016-10-28 00:00:00,rmw_beta,-0.3683089045031458,-2.5065713470512235e-16
2016-11-04 00:00:00,market_beta,0.04268694089765193,1.1147747013619403e-16
2016-11-04 00:00:00,sector_Consumer Discretionary,-0.0787395751767432,3.270159413983757e-16
2016-11-04 00:00:00,sector_Consumer Staples,-0.016453317084069108,-5.319676887732144e-17
2016-11-04 00:00:00,sector_Energy,-0.026601893888678705,7.768617346535119e-17
2016-11-04 00:00:00,sector_Financials,0.015440892908702458,-1.198033466449105e-16
2016-11-04 00:00:00,sector_Healthcare,0.03965294667622116,9.168049531981414e-17
2016-11-04 00:00:00,sector_Industrials,0.0622404299182178,7.631932758331128e-17
2016-11-04 00:00:00,sector_Other,-0.03138468607765521,-2.4509995465465082e-17
2016-11-04 00:00:00,sector_Technology,0.06110742177225983,-2.603396711329838e-16
2016-11-04 00:00:00,sector_Utilities,-0.03801881145309755,2.4612128023762136e-17
2016-11-04 00:00:00,size_factor,-0.06395129484680596,-3.9666046567049527e-16
2016-11-04 00:00:00,smb_beta,0.263694648146358,3.575906098699888e-16
2016-11-04 00:00:00,rmw_beta,-0.26159247845560973,-3.832085269742413e-16
2016-11-11 00:00:00,market_beta,-0.08783081758972512,-1.7414265929154243e-16
2016-11-11 00:00:00,sector_Consumer Discretionary,-0.011469964570810912,5.917350676356565e-17
2016-11-11 00:00:00,sector_Consumer Staples,-0.04009356521732263,1.4436468511560262e-16
2016-11-11 00:00:00,sector_Energy,-0.04966933760537997,2.3757845750175175e-16
2016-11-11 00:00:00,sector_Financials,-0.12433846695822927,1.168496582887013e-17
2016-11-11 00:00:00,sector_Healthcare,0.10373708439441211,-3.39679239211341e-17
2016-11-11 00:00:00,sector_Industrials,0.011205408446887048,-9.7861967646915e-17
2016-11-11 00:00:00,sector_Other,0.020139444633666466,1.3849602838441886e-16
2016-11-11 00:00:00,sector_Technology,0.03090213184308304,-3.6937788480841254e-16
2016-11-11 00:00:00,sector_Utilities,0.01156397737983141,4.07059752711987e-17
2016-11-11 00:00:00,size_factor,-0.17217875923418238,-2.7772186266267866e-16
2016-11-11 00:00:00,smb_beta,0.0050745097451852334,-5.028384963280285e-16
2016-11-11 00:00:00,rmw_beta,-0.01897290920118453,-2.0134411855937875e-16
2016-11-18 00:00:00,market_beta,0.07537276193954448,-3.759304239557654e-16
2016-11-18 00:00:00,sector_Consumer Discretionary,-0.006528280894063388,6.721652677462738e-17
2016-11-18 00:00:00,sector_Consumer Staples,0.016986935125715176,2.0187807850520516e-16
2016-11-18 00:00:00,sector_Energy,-0.06790725410071793,-1.6561753395276776e-16
2016-11-18 00:00:00,sector_Financials,-0.08808286974860607,2.673384730072378e-16
2016-11-18 00:00:00,sector_Healthcare,0.14802827071644578,-1.559933770330893e-16
2016-11-18 00:00:00,sector_Industrials,-0.06093106125691022,-1.6212035926140062e-16
2016-11-18 00:00:00,sector_Other,-0.050941617014596936,-1.6500718667714785e-16
2016-11-18 00:00:00,sector_Technology,0.12087192911749803,1.0242325486434246e-16
2016-11-18 00:00:00,sector_Utilities,-0.0034587251403985944,4.4650276800514436e-17
2016-11-18 00:00:00,size_factor,-0.08638262293247577,-3.244943346673002e-16
2016-11-18 00:00:00,smb_beta,0.011820492093662979,-3.858460632394278e-16
2016-11-18 00:00:00,rmw_beta,-0.09663018567166556,1.573775169120736e-16
2016-11-28 00:00:00,market_beta,-0.11511413904305455,-1.3703084142361973e-16
2016-11-28 00:00:00,sector_Consumer Discretionary,-0.07658614789945906,1.422421087268222e-16
2016-11-28 00:00:00,sector_Consumer Staples,0.06927245027401045,-7.950421174996126e-17
2016-11-28 00:00:00,sector_Energy,-0.026552967378953896,-8.125381898927595e-17
2016-11-28 00:00:00,sector_Financials,-0.08725472467143626,1.4815740200341503e-17
2016-11-28 00:00:00,sector_Healthcare,0.1600199559000438,-3.863712640481215e-17
2016-11-28 00:00:00,sector_Industrials,-0.12432993936817179,4.6982403665934723e-17
2016-11-28 00:00:00,sector_Other,-0.08895497583550736,-1.1558421314516266e-17
2016-11-28 00:00:00,sector_Technology,0.18390842101361485,-2.805981869923343e-16
2016-11-28 00:00:00,sector_Utilities,0.06514742959328786,4.138782239709889e-18
2016-11-28 00:00:00,size_factor,0.05280002099963455,-1.1264040336488741e-15
2016-11-28 00:00:00,smb_beta,-0.486474778446758,-1.986444647366622e-17
2016-11-28 00:00:00,rmw_beta,0.11695094626899383,-1.9192195199128673e-17
2016-12-05 00:00:00,market_beta,-0.11164665325206138,-3.5582548884708864e-16
2016-12-05 00:00:00,sector_Consumer Discretionary,-0.07819149927065859,2.893212377729461e-16
2016-12-05 00:00:00,sector_Consumer Staples,0.10544961649900567,3.473356017848305e-16
2016-12-05 00:00:00,sector_Energy,-0.06647753158200763,-5.124733782624484e-17
2016-12-05 00:00:00,sector_Financials,-0.18305751214274452,3.006653054923946e-16
2016-12-05 00:00:00,sector_Healthcare,0.07969176874400703,-2.8062095179290166e-16
2016-12-05 00:00:00,sector_Industrials,-0.039629442572741876,1.4603620123272764e-16
2016-12-05 00:00:00,sector_Other,-0.044821218724421595,-7.595355426733252e-18
2016-12-05 00:00:00,sector_Technology,0.1902912292923231,-6.811518887882179e-16
2016-12-05 00:00:00,sector_Utilities,0.05127275039387889,1.0906026036697636e-16
2016-12-05 00:00:00,size_factor,-0.10412549826220172,-6.039225210801763e-16
2016-12-05 00:00:00,smb_beta,-0.3392017218106131,-8.861666672352775e-16
2016-12-05 00:00:00,rmw_beta,0.2513036628721912,2.4755105950931985e-16
2016-12-12 00:00:00,market_beta,0.06712197527589506,5.240030370637352e-16
2016-12-12 00:00:00,sector_Consumer Discretionary,-0.13024916664557915,-6.204943195497661e-17
2016-12-12 00:00:00,sector_Consumer Staples,-0.01782138810964789,-2.715467849168174e-16
2016-12-12 00:00:00,sector_Energy,-0.08345715672810484,-1.772328815095148e-16
2016-12-12 00:00:00,sector_Financials,-0.005738037761567024,3.94151242718432e-16
2016-12-12 00:00:00,sector_Healthcare,0.27649652926735596,-2.899576644088707e-17
2016-12-12 00:00:00,sector_Industrials,0.022648466943309343,-2.3370427724849195e-17
2016-12-12 00:00:00,sector_Other,-0.07559542371171196,-5.674754820777625e-17
2016-12-12 00:00:00,sector_Technology,0.052017606872889206,3.7070963588962437e-17
2016-12-12 00:00:00,sector_Utilities,-0.04569323824001959,1.361215852318855e-16
2016-12-12 00:00:00,size_factor,0.03165707177817179,-2.3464352221255645e-16
2016-12-12 00:00:00,smb_beta,0.07436762749253605,6.002578653963188e-16
2016-12-12 00:00:00,rmw_beta,-0.3469481757624399,-1.9764715747962216e-16
2016-12-19 00:00:00,market_beta,0.11542304149512682,2.8249065422418795e-16
2016-12-19 00:00:00,sector_Consumer Discretionary,-0.04745619955983112,1.7620181205544264e-16
2016-12-19 00:00:00,sector_Consumer Staples,-0.07876430089869287,-4.261027702451771e-17
2016-12-19 00:00:00,sector_Energy,-0.1703217294070096,-1.324172822587098e-16
2016-12-19 00:00:00,sector_Financials,-0.06466266807467036,1.9685810470327313e-16
2016-12-19 00:00:00,sector_Healthcare,0.05164430816054682,5.922285838972419e-17
2016-12-19 00:00:00,sector_Industrials,0.07493621356999178,-1.0434658727022493e-17
2016-12-19 00:00:00,sector_Other,0.037018283888735626,-4.174809002194768e-16
2016-12-19 00:00:00,sector_Technology,0.07831489100854624,4.375415437526326e-16
2016-12-19 00:00:00,sector_Utilities,-0.04620800224520523,9.777420854236825e-17
2016-12-19 00:00:00,size_factor,-0.08435776200370834,3.4312422474537805e-16
2016-12-19 00:00:00,smb_beta,0.1390353508796972,3.966656612730919e-16
2016-12-19 00:00:00,rmw_beta,-0.01997406165510853,3.5442012555404e-17
2016-12-27 00:00:00,market_beta,0.2337258780836142,1.0928119991840197e-16
2016-12-27 00:00:00,sector_Consumer Discretionary,-0.025406420575997807,4.850970600843255e-17
2016-12-27 00:00:00,sector_Consumer Staples,-0.12739372384553982,-7.921975189407788e-17
2016-12-27 00:00:00,sector_Energy,-0.0729974152666291,-1.7192604465078478e-17
2016-12-27 00:00:00,sector_Financials,0.08099056642161187,-1.71992978328334e-17
2016-12-27 00:00:00,sector_Healthcare,-0.011607141614259603,-2.465232689372787e-16
2016-12-27 00:00:00,sector_Industrials,0.009692988476788731,-2.6827709895603595e-16
2016-12-27 00:00:00,sector_Other,0.11190145674291054,2.4982928593003993e-16
2016-12-27 00:00:00,sector_Technology,-0.11066801758093163,-5.950274778241623e-17
2016-12-27 00:00:00,sector_Utilities,-0.03291269214255457,6.861011501905358e-17
2016-12-27 00:00:00,size_factor,-0.09012158580319304,-3.3493054814137735e-16
2016-12-27 00:00:00,smb_beta,0.2923610713960201,7.613895260993021e-17
2016-12-27 00:00:00,rmw_beta,-0.29226022716371436,-5.0306297878231446e-17
2017-01-04 00:00:00,market_beta,0.27621582939291495,-1.1983351981671367e-16
2017-01-04 00:00:00,sector_Consumer Discretionary,-0.032505457017895326,-8.681657237434083e-17
2017-01-04 00:00:00,sector_Consumer Staples,-0.08284524257838309,5.767085517887542e-17
2017-01-04 00:00:00,sector_Energy,-0.024179332629528327,3.128419942343625e-17
2017-01-04 00:00:00,sector_Financials,0.16013592695221027,-1.6956469934664373e-16
2017-01-04 00:00:00,sector_Healthcare,-0.09772208027740793,-6.925882085989674e-17
2017-01-04 00:00:00,sector_Industrials,0.06348840960956302,8.808362499108254e-17
2017-01-04 00:00:00,sector_Other,0.03968788198664424,1.6741904791445654e-16
2017-01-04 00:00:00,sector_Technology,-0.05738826197202062,-7.367576185470316e-17
2017-01-04 00:00:00,sector_Utilities,-0.0724945374806192,-1.3748825650326113e-17
2017-01-04 00:00:00,size_factor,0.025313234616936988,5.643486610975401e-17
2017-01-04 00:00:00,smb_beta,0.3457519744466863,-3.9684169804018325e-16
2017-01-04 00:00:00,rmw_beta,-0.4077396620716982,1.2744281917108388e-16
2017-01-11 00:00:00,market_beta,0.25925631211142025,-4.8895835585027245e-18
2017-01-11 00:00:00,sector_Consumer Discretionary,-0.060064891081218874,-1.1913305342361202e-16
2017-01-11 00:00:00,sector_Consumer Staples,-0.0896612096942196,1.9167236177025873e-16
2017-01-11 00:00:00,sector_Energy,0.009361446637667001,6.099134125389419e-17
2017-01-11 00:00:00,sector_Financials,0.06742792650453322,-5.153311441961826e-16
2017-01-11 00:00:00,sector_Healthcare,-0.2523557067792562,1.836010896148286e-16
2017-01-11 00:00:00,sector_Industrials,0.05716600885309089,6.191131521655275e-17
2017-01-11 00:00:00,sector_Other,0.18585647415922169,2.2402268363156986e-17
2017-01-11 00:00:00,sector_Technology,-0.08092340105074065,4.98135523619091e-16
2017-01-11 00:00:00,sector_Utilities,-0.060727667840192276,-4.759538004822014e-17
2017-01-11 00:00:00,size_factor,-0.06990127109535622,1.740045348387875e-15
2017-01-11 00:00:00,smb_beta,0.3691093919643165,-9.973256089532897e-17
2017-01-11 00:00:00,rmw_beta,-0.1921468459169609,2.494455849792793e-17
2017-01-19 00:00:00,market_beta,0.19544374194328903,2.377458159268379e-16
2017-01-19 00:00:00,sector_Consumer Discretionary,-0.05944876792895993,-1.529392207839138e-17
2017-01-19 00:00:00,sector_Consumer Staples,-0.03849306341594879,-1.1521188866318241e-16
2017-01-19 00:00:00,sector_Energy,0.05771166318398942,-6.179477873205537e-18
2017-01-19 00:00:00,sector_Financials,0.07868539842817879,9.297068151526196e-17
2017-01-19 00:00:00,sector_Healthcare,-0.14579156250737976,-5.3576324940998414e-18
2017-01-19 00:00:00,sector_Industrials,0.017416806522870237,5.2702632150237544e-17
2017-01-19 00:00:00,sector_Other,0.058355737665738046,3.16465168339511e-16
2017-01-19 00:00:00,sector_Technology,-0.005367652097491829,-4.199455039828342e-16
2017-01-19 00:00:00,sector_Utilities,-0.05660498809727788,-1.3983048086035927e-16
2017-01-19 00:00:00,size_factor,-0.020046833189078475,-2.0505890891494758e-16
2017-01-19 00:00:00,smb_beta,0.3292511238573729,-8.850816554465625e-17
2017-01-19 00:00:00,rmw_beta,-0.1818708364706771,-3.4298607198815524e-16
2017-01-26 00:00:00,market_beta,0.059070285910410046,-1.9466562009208972e-17
2017-01-26 00:00:00,sector_Consumer Discretionary,-0.076605704176265,-7.873530772989236e-17
2017-01-26 00:00:00,sector_Consumer Staples,-0.034025429281648596,6.27518615789056e-17
2017-01-26 00:00:00,sector_Energy,0.08186609601128206,7.922710737255675e-17
2017-01-26 00:00:00,sector_Financials,0.12005612384082763,1.8636597211372893e-17
2017-01-26 00:00:00,sector_Healthcare,0.06229767844411623,6.813775660284556e-17
2017-01-26 00:00:00,sector_Industrials,-0.008390622645019354,1.7613155050163385e-17
2017-01-26 00:00:00,sector_Other,0.01996798185637417,2.3362945710663634e-16
2017-01-26 00:00:00,sector_Technology,-0.14508725025514804,-3.698098148548227e-16
2017-01-26 00:00:00,sector_Utilities,-0.011639237986704751,-1.0047820785209369e-16
2017-01-26 00:00:00,size_factor,0.021647763978356823,-9.002567388011787e-17
2017-01-26 00:00:00,smb_beta,0.2586642852742486,3.051040463788254e-16
2017-01-26 00:00:00,rmw_beta,-0.22267433641161938,-1.2199608843747498e-16
2017-02-02 00:00:00,market_beta,0.3464585323959819,3.5375325081049795e-15
2017-02-02 00:00:00,sector_Consumer Discretionary,-0.0643989681172548,-6.899256051352637e-16
2017-02-02 00:00:00,sector_Consumer Staples,-0.14244248981213212,-1.0433840170186492e-15
2017-02-02 00:00:00,sector_Energy,0.11688908185765215,-7.656167639037144e-17
2017-02-02 00:00:00,sector_Financials,0.203920514744934,1.0639810544603426e-15
2017-02-02 00:00:00,sector_Healthcare,-0.06536856385134385,2.785858123422227e-16
2017-02-02 00:00:00,sector_Industrials,0.08592915637243166,1.5967676543558782e-16
2017-02-02 00:00:00,sector_Other,-0.043223374256805516,6.274644979400217e-16
2017-02-02 00:00:00,sector_Technology,0.016051171094693818,-9.009578988628737e-16
2017-02-02 00:00:00,sector_Utilities,-0.08287781836221898,-5.62130938427405e-16
2017-02-02 00:00:00,size_factor,0.007046072867207509,-9.420969074690193e-16
2017-02-02 00:00:00,smb_beta,0.46050243027765747,4.0134636824953915e-15
2017-02-02 00:00:00,rmw_beta,-0.2835802395763099,-5.767835453896177e-15
2017-02-09 00:00:00,market_beta,0.033361916396046735,-2.38353822390096e-16
2017-02-09 00:00:00,sector_Consumer Discretionary,-0.06282124213511461,9.016544349476757e-17
2017-02-09 00:00:00,sector_Consumer Staples,-0.1279877041202581,-1.0215422288595657e-16
2017-02-09 00:00:00,sector_Energy,0.030358397468785214,1.3811515057695143e-17
2017-02-09 00:00:00,sector_Financials,0.14761537514649967,-1.0070979138636779e-16
2017-02-09 00:00:00,sector_Healthcare,0.0445088401466626,1.4983651889191307e-16
2017-02-09 00:00:00,sector_Industrials,0.10879140506456879,-1.198072074073757e-16
2017-02-09 00:00:00,sector_Other,-0.020932824565357742,-5.81733268179544e-17
2017-02-09 00:00:00,sector_Technology,-0.07350396284411331,4.4203043585079084e-17
2017-02-09 00:00:00,sector_Utilities,-0.09606428724153482,4.174415497724105e-17
2017-02-09 00:00:00,size_factor,0.06698793891200426,2.3113229690679657e-16
2017-02-09 00:00:00,smb_beta,0.22118700016413065,-2.9883075547090586e-16
2017-02-09 00:00:00,rmw_beta,-0.1249492891954065,4.663724913141618e-16
2017-02-16 00:00:00,market_beta,0.21518612890904587,2.0579527851878983e-17
2017-02-16 00:00:00,sector_Consumer Discretionary,-0.0736319726528453,9.343959432133864e-17
2017-02-16 00:00:00,sector_Consumer Staples,-0.1104348399657229,7.946921742740223e-17
2017-02-16 00:00:00,sector_Energy,0.0389978788471657,-1.2595014772298575e-17
2017-02-16 00:00:00,sector_Financials,0.20299987144206638,-4.128630737844024e-17
2017-02-16 00:00:00,sector_Healthcare,-0.21844196015693085,-2.6985687866197903e-16
2017-02-16 00:00:00,sector_Industrials,0.03448076453580807,-1.338536599439246e-16
2017-02-16 00:00:00,sector_Other,0.07478780395260703,4.2852365353632814e-16
2017-02-16 00:00:00,sector_Technology,-0.018511696628348426,-6.295324229026718e-16
2017-02-16 00:00:00,sector_Utilities,-0.12336453152206586,6.710114155981544e-17
2017-02-16 00:00:00,size_factor,0.015056042175702415,-9.85570865052827e-16
2017-02-16 00:00:00,smb_beta,0.18129758776739188,-2.0034772973804435e-16
2017-02-16 00:00:00,rmw_beta,-0.131744581526392,-4.527605911448665e-16
2017-02-24 00:00:00,market_beta,0.2815291037244956,3.654747832229132e-16
2017-02-24 00:00:00,sector_Consumer Discretionary,-0.0672129215646642,1.0909027898307075e-16
2017-02-24 00:00:00,sector_Consumer Staples,-0.16571524421744632,-5.2118130410394e-16
2017-02-24 00:00:00,sector_Energy,0.07497847889344675,2.0603085453037908e-16
2017-02-24 00:00:00,sector_Financials,0.06326671656512348,5.139710298801885e-16
2017-02-24 00:00:00,sector_Healthcare,-0.14507535592488233,-6.520527991017315e-16
2017-02-24 00:00:00,sector_Industrials,0.049651458697447484,5.5461083389120666e-17
2017-02-24 00:00:00,sector_Other,0.14920796062260616,1.5260866219469197e-16
2017-02-24 00:00:00,sector_Technology,-0.09732925861527661,-1.3942326853854838e-16
2017-02-24 00:00:00,sector_Utilities,-0.09971819323152252,7.275638518572682e-16
2017-02-24 00:00:00,size_factor,-0.08365589299921179,8.837173231766263e-17
2017-02-24 00:00:00,smb_beta,0.2995833549627221,-3.152985858076493e-16
2017-02-24 00:00:00,rmw_beta,-0.33106911962305835,3.1141718190035227e-16
2017-03-03 00:00:00,market_beta,0.15520629767615368,-3.2297439826198155e-16
2017-03-03 00:00:00,sector_Consumer Discretionary,-0.04187947621140478,1.2487699603853602e-16
2017-03-03 00:00:00,sector_Consumer Staples,-0.07563200852919529,-2.2057877264648913e-16
2017-03-03 00:00:00,sector_Energy,0.012342408524659072,4.653680236776802e-16
2017-03-03 00:00:00,sector_Financials,-0.027654873075285736,1.573027722197977e-16
2017-03-03 00:00:00,sector_Healthcare,-0.20433271851809356,5.429482783070437e-16
2017-03-03 00:00:00,sector_Industrials,-0.04900528071357098,-2.229953398739109e-16
2017-03-03 00:00:00,sector_Other,0.20904562530131782,-4.897760693465818e-16
2017-03-03 00:00:00,sector_Technology,-0.0928726650991415,1.5596584806154882e-16
2017-03-03 00:00:00,sector_Utilities,-0.0655315561020726,1.531341704680394e-16
2017-03-03 00:00:00,size_factor,-0.09703114614917006,-5.159337674932137e-16
2017-03-03 00:00:00,smb_beta,0.2761509148498881,-3.6580239983054786e-16
2017-03-03 00:00:00,rmw_beta,-0.03210640928100521,9.748983672092492e-16
2017-03-10 00:00:00,market_beta,0.3189715260400617,2.3476397642624877e-15
2017-03-10 00:00:00,sector_Consumer Discretionary,-0.005424269868691926,-3.5907309824554437e-16
2017-03-10 00:00:00,sector_Consumer Staples,-0.13059440509396367,-4.706942522150999e-16
2017-03-10 00:00:00,sector_Energy,-0.002711358416741482,1.7990119622839269e-16
2017-03-10 00:00:00,sector_Financials,0.10645781269942638,4.826012016717048e-16
2017-03-10 00:00:00,sector_Healthcare,-0.2620366465458547,-3.122914423830338e-16
2017-03-10 00:00:00,sector_Industrials,-0.09581272528787155,5.419638890476459e-17
2017-03-10 00:00:00,sector_Other,0.18058500336733288,5.522337033264488e-16
2017-03-10 00:00:00,sector_Technology,-0.05604022292377606,-8.518683886632089e-16
2017-03-10 00:00:00,sector_Utilities,-0.026890531153761613,-2.0061229089397936e-16
2017-03-10 00:00:00,size_factor,-0.12059706727727648,-1.2668129978241232e-15
2017-03-10 00:00:00,smb_beta,0.42060094989855823,1.7950401236365116e-15
2017-03-10 00:00:00,rmw_beta,-0.3054094090233752,-2.4935406357118888e-15
2017-03-17 00:00:00,market_beta,0.3142547572833421,1.98763717021283e-15
2017-03-17 00:00:00,sector_Consumer Discretionary,-0.03467459613947686,-6.481595402504294e-16
2017-03-17 00:00:00,sector_Consumer Staples,-0.12393730613653899,-2.6161217845635395e-16
2017-03-17 00:00:00,sector_Energy,-0.024501709616088583,1.737163967292169e-16
2017-03-17 00:00:00,sector_Financials,0.1317522779983189,1.5127052168497612e-16
2017-03-17 00:00:00,sector_Healthcare,-0.19966026324754357,-1.5127052168497612e-16
2017-03-17 00:00:00,sector_Industrials,0.04257712465673233,-3.8591345083824366e-16
2017-03-17 00:00:00,sector_Other,0.14791143570603288,7.501515452181792e-16
2017-03-17 00:00:00,sector_Technology,-0.11689163533405077,-6.550874871588204e-16
2017-03-17 00:00:00,sector_Utilities,-0.059062703366768644,1.410874676535615e-16
2017-03-17 00:00:00,size_factor,-0.17233773389602491,-1.268446975855643e-15
2017-03-17 00:00:00,smb_beta,0.406888058773884,1.3233943067443e-15
2017-03-17 00:00:00,rmw_beta,-0.3149868029125391,-2.3621532921318518e-15
2017-03-24 00:00:00,market_beta,0.29260689328093126,1.5308555758003655e-15
2017-03-24 00:00:00,sector_Consumer Discretionary,0.010030169866092712,-7.73914984871946e-18
2017-03-24 00:00:00,sector_Consumer Staples,-0.11722329632447533,-2.978313471827301e-16
2017-03-24 00:00:00,sector_Energy,-0.042403242885647896,5.579526958645384e-18
2017-03-24 00:00:00,sector_Financials,0.12142581686680474,5.21755974008427e-16
2017-03-24 00:00:00,sector_Healthcare,-0.10586601990552465,2.142309297253144e-17
2017-03-24 00:00:00,sector_Industrials,0.0015278468784975757,1.3660063197903406e-16
2017-03-24 00:00:00,sector_Other,0.1490693835068866,-2.1341951638241076e-16
2017-03-24 00:00:00,sector_Technology,-0.1895114855104985,1.9782103000864583e-16
2017-03-24 00:00:00,sector_Utilities,-0.029658857329614183,-1.3980677641190057e-16
2017-03-24 00:00:00,size_factor,-0.1517987422151509,4.3476712298500434e-16
2017-03-24 00:00:00,smb_beta,0.2786664186278823,1.4009709604036073e-15
2017-03-24 00:00:00,rmw_beta,-0.29035172061001696,-1.5615740903054222e-15
2017-03-31 00:00:00,market_beta,0.3114216364517971,9.743602190021238e-16
2017-03-31 00:00:00,sector_Consumer Discretionary,-0.062123200554603596,-1.6140900048552042e-16
2017-03-31 00:00:00,sector_Consumer Staples,-0.08623339562944458,-1.0712412406200568e-16
2017-03-31 00:00:00,sector_Energy,-0.08376831774537849,-1.7818519299478918e-16
2017-03-31 00:00:00,sector_Financials,0.14190936417905073,3.4873712767557174e-16
2017-03-31 00:00:00,sector_Healthcare,0.08256158134363924,3.8393676299235844e-16
2017-03-31 00:00:00,sector_Industrials,0.036041417071870516,-3.394503128504472e-17
2017-03-31 00:00:00,sector_Other,0.024010370634343293,1.8648650071476257e-16
2017-03-31 00:00:00,sector_Technology,-0.13059095659880174,-4.473877934461464e-16
2017-03-31 00:00:00,sector_Utilities,0.0022809731462774805,-2.183713173593883e-16
2017-03-31 00:00:00,size_factor,-0.09314551699197816,-2.89295874694966e-16
2017-03-31 00:00:00,smb_beta,0.05558036919674592,6.902490621250262e-16
2017-03-31 00:00:00,rmw_beta,-0.15166734843819002,-1.2910807766591014e-15
2017-04-07 00:00:00,market_beta,0.38040643106794964,1.0834446983487402e-15
2017-04-07 00:00:00,sector_Consumer Discretionary,-0.1519107705630901,-1.748689153494797e-16
2017-04-07 00:00:00,sector_Consumer Staples,-0.07464615504336573,-1.5468231562094832e-16
2017-04-07 00:00:00,sector_Energy,-0.08474448539360623,-5.133582651241574e-17
2017-04-07 00:00:00,sector_Financials,0.21442616169687415,8.840343718260714e-17
2017-04-07 00:00:00,sector_Healthcare,0.10190946849359346,-2.3401940606020185e-16
2017-04-07 00:00:00,sector_Industrials,-0.024660053338640207,-3.193800862491629e-17
2017-04-07 00:00:00,sector_Other,0.00043209219242678454,3.728325188730223e-16
2017-04-07 00:00:00,sector_Technology,-0.06239728111204079,-2.370146609515984e-16
2017-04-07 00:00:00,sector_Utilities,-0.05724705083649904,-1.9971807269344003e-16
2017-04-07 00:00:00,size_factor,-0.058116549452447305,-5.140020329622232e-16
2017-04-07 00:00:00,smb_beta,0.1970377919608578,8.889046839055804e-16
2017-04-07 00:00:00,rmw_beta,-0.2519419078535979,-9.649873905707304e-16
2017-04-17 00:00:00,market_beta,0.27102907904540857,-1.1200784495064014e-15
2017-04-17 00:00:00,sector_Consumer Discretionary,-0.020282570609786332,7.922745981965826e-17
2017-04-17 00:00:00,sector_Consumer Staples,-0.06151454231643736,1.0459415737173142e-16
2017-04-17 00:00:00,sector_Energy,-0.10527218715518284,9.666916347750695e-17
2017-04-17 00:00:00,sector_Financials,0.3469265496845,-2.6378216120529335e-16
2017-04-17 00:00:00,sector_Healthcare,0.11429556635906932,2.975670685517842e-16
2017-04-17 00:00:00,sector_Industrials,-0.04187746211020635,-2.5113281464532226e-16
2017-04-17 00:00:00,sector_Other,-0.17252857723733883,1.6741113672401484e-16
2017-04-17 00:00:00,sector_Technology,0.03857339407653446,-3.578253924178335e-16
2017-04-17 00:00:00,sector_Utilities,-0.021050852429115544,1.9332504511392972e-16
2017-04-17 00:00:00,size_factor,0.07751902836476285,-1.6392392405677806e-16
2017-04-17 00:00:00,smb_beta,0.02711305696995024,-1.1683722060051601e-15
2017-04-17 00:00:00,rmw_beta,-0.05971847454056074,9.769466758666243e-16
2017-04-24 00:00:00,market_beta,0.18319867169324358,-2.402055232188231e-16
2017-04-24 00:00:00,sector_Consumer Discretionary,-0.013783147163885968,-1.262763725343345e-16
2017-04-24 00:00:00,sector_Consumer Staples,-0.001459814996256401,-5.3741066822643e-17
2017-04-24 00:00:00,sector_Energy,-0.06620050950372242,-4.827507806237635e-17
2017-04-24 00:00:00,sector_Financials,0.13388616858946484,-7.330326235959158e-17
2017-04-24 00:00:00,sector_Healthcare,0.0518130010065027,-4.298739053951928e-16
2017-04-24 00:00:00,sector_Industrials,-0.04884090934551929,-1.110415484137576e-16
2017-04-24 00:00:00,sector_Other,-0.09308724608277329,4.742264098082698e-16
2017-04-24 00:00:00,sector_Technology,0.08234948874272578,-3.571841172571499e-16
2017-04-24 00:00:00,sector_Utilities,-0.08901939499261728,-5.585317407717455e-18
2017-04-24 00:00:00,size_factor,-0.031968910925045904,-8.508565272331447e-16
2017-04-24 00:00:00,smb_beta,0.015658357972355895,-2.447376090225535e-16
2017-04-24 00:00:00,rmw_beta,-0.034577815053526535,2.888705656977803e-16
2017-05-01 00:00:00,market_beta,0.2870254370880682,-3.1398155167047607e-16
2017-05-01 00:00:00,sector_Consumer Discretionary,0.005750226254833539,-7.992668471980372e-17
2017-05-01 00:00:00,sector_Consumer Staples,-0.013981138507339914,1.3849053232314726e-16
2017-05-01 00:00:00,sector_Energy,-0.00044507219742841,8.391799141894649e-17
2017-05-01 00:00:00,sector_Financials,0.2012322942905095,-2.285044947054574e-16
2017-05-01 00:00:00,sector_Healthcare,-0.008363105833207256,1.3873755011653959e-17
2017-05-01 00:00:00,sector_Industrials,-0.028148198191861745,3.1848720859079675e-17
2017-05-01 00:00:00,sector_Other,-0.0689919711906733,1.0396301892364333e-16
2017-05-01 00:00:00,sector_Technology,0.017386889356790933,-1.0190256449451992e-16
2017-05-01 00:00:00,sector_Utilities,-0.09526356547567992,-6.581139272626434e-17
2017-05-01 00:00:00,size_factor,0.023789197922407017,-3.7609534067274125e-17
2017-05-01 00:00:00,smb_beta,0.11207503264941834,-2.550190237839343e-16
2017-05-01 00:00:00,rmw_beta,-0.24210602541869866,2.1419407912874673e-16
2017-05-08 00:00:00,market_beta,0.18578626026429299,6.417468087568603e-16
2017-05-08 00:00:00,sector_Consumer Discretionary,-0.007987707351102206,-3.146503101095275e-16
2017-05-08 00:00:00,sector_Consumer Staples,-0.018895126259812108,3.267041065201165e-16
2017-05-08 00:00:00,sector_Energy,0.01709652189911201,7.299904604266079e-17
2017-05-08 00:00:00,sector_Financials,0.1079482827336464,2.712689430530776e-16
2017-05-08 00:00:00,sector_Healthcare,-0.0036695263734595213,2.599424736145357e-16
2017-05-08 00:00:00,sector_Industrials,-0.023394069306295097,-2.0187938308876254e-16
2017-05-08 00:00:00,sector_Other,0.015940482167775372,-2.6598782055426655e-16
2017-05-08 00:00:00,sector_Technology,-0.11653653815074712,1.777486690022862e-16
2017-05-08 00:00:00,sector_Utilities,0.012532422345215687,-2.224704171403691e-17
2017-05-08 00:00:00,size_factor,-0.0630266697790899,9.544072959348015e-17
2017-05-08 00:00:00,smb_beta,0.08308601242424325,8.104357347517271e-17
2017-05-08 00:00:00,rmw_beta,-0.36268714376887456,1.0370255604595173e-16
2017-05-15 00:00:00,market_beta,-0.08342503432901871,2.925907083339736e-17
2017-05-15 00:00:00,sector_Consumer Discretionary,0.049174174138688825,8.296361537570231e-17
2017-05-15 00:00:00,sector_Consumer Staples,0.06452651822100228,3.789085884706604e-17
2017-05-15 00:00:00,sector_Energy,-0.015482717910125851,1.0236104698580564e-16
2017-05-15 00:00:00,sector_Financials,0.08081591729409089,-3.765751084881403e-16
2017-05-15 00:00:00,sector_Healthcare,0.042235648777212906,-2.0619030530334236e-16
2017-05-15 00:00:00,sector_Industrials,0.016533194128994923,-9.146696780475425e-17
2017-05-15 00:00:00,sector_Other,-0.021434941002721437,3.5249632995156703e-16
2017-05-15 00:00:00,sector_Technology,-0.16651759489618834,-2.0306022032355855e-16
2017-05-15 00:00:00,sector_Utilities,0.025672899900366718,-8.921348850683112e-18
2017-05-15 00:00:00,size_factor,-0.05500288522933392,-2.4633780590181565e-17
2017-05-15 00:00:00,smb_beta,-0.2675782106728707,7.234890761090796e-17
2017-05-15 00:00:00,rmw_beta,-0.011595457462206004,2.386400543128665e-16
2017-05-22 00:00:00,market_beta,0.05272986684698464,9.56584315617183e-16
2017-05-22 00:00:00,sector_Consumer Discretionary,0.10039030117073666,1.294044933042991e-16
2017-05-22 00:00:00,sector_Consumer Staples,-0.05570859527009555,2.0970997107350158e-16
2017-05-22 00:00:00,sector_Energy,-0.054341468536518035,4.335790878266717e-17
2017-05-22 00:00:00,sector_Financials,0.030306934497106357,8.805296299023207e-16
2017-05-22 00:00:00,sector_Healthcare,-0.09740942029923648,-1.012415125129981e-15
2017-05-22 00:00:00,sector_Industrials,0.050394895344377556,4.959414091656675e-16
2017-05-22 00:00:00,sector_Other,0.02862752375996983,1.8540447001747164e-17
2017-05-22 00:00:00,sector_Technology,-0.034977801963214594,-3.886642755203933e-16
2017-05-22 00:00:00,sector_Utilities,-0.11084949993283152,-5.60190177284966e-17
2017-05-22 00:00:00,size_factor,-0.05768448692303289,-4.2594576956870137e-17
2017-05-22 00:00:00,smb_beta,0.09665150383075186,7.751024827472469e-16
2017-05-22 00:00:00,rmw_beta,-0.1309459379271807,-6.878953121907115e-16
2017-05-30 00:00:00,market_beta,-0.0002671605682363852,1.4607457468139587e-15
2017-05-30 00:00:00,sector_Consumer Discretionary,0.06681263864976779,-2.1118585672020744e-16
2017-05-30 00:00:00,sector_Consumer Staples,-0.11520453314735646,-4.098422921948548e-16
2017-05-30 00:00:00,sector_Energy,-0.02378364656770562,-1.8789466442807565e-16
2017-05-30 00:00:00,sector_Financials,-0.046901265502791646,3.067576363875772e-16
2017-05-30 00:00:00,sector_Healthcare,0.052042592910633616,-5.192991217853814e-16
2017-05-30 00:00:00,sector_Industrials,0.05090272421558025,4.8862911546877793e-17
2017-05-30 00:00:00,sector_Other,0.004577741393353124,3.3283131567688297e-16
2017-05-30 00:00:00,sector_Technology,-0.005367683240349252,1.1310688336023378e-16
2017-05-30 00:00:00,sector_Utilities,-0.10440811205533652,-8.303482517126877e-17
2017-05-30 00:00:00,size_factor,-0.1059355155129059,1.2730776363381181e-17
2017-05-30 00:00:00,smb_beta,0.1569762103949225,1.241107466536453e-15
2017-05-30 00:00:00,rmw_beta,-0.018647325297589872,-1.2803541708686755e-15
2017-06-06 00:00:00,market_beta,0.16918800530119862,1.3630996835823912e-16
2017-06-06 00:00:00,sector_Consumer Discretionary,0.027123705824138238,2.403245757813626e-16
2017-06-06 00:00:00,sector_Consumer Staples,-0.1700747134987948,-5.494908930717544e-17
2017-06-06 00:00:00,sector_Energy,-0.012208448325744813,1.3500799263903973e-16
2017-06-06 00:00:00,sector_Financials,0.054750488417659796,1.937629271057142e-16
2017-06-06 00:00:00,sector_Healthcare,0.0009204808654503998,-2.353510675576724e-16
2017-06-06 00:00:00,sector_Industrials,0.04602990929750276,2.78235919528875e-16
2017-06-06 00:00:00,sector_Other,-0.009017137863981334,-3.6039438644619713e-16
2017-06-06 00:00:00,sector_Technology,0.03740440624850261,2.7582763972198266e-16
2017-06-06 00:00:00,sector_Utilities,-0.09116775976362847,2.1200632522151124e-16
2017-06-06 00:00:00,size_factor,-0.04885983436076271,2.220939303679155e-16
2017-06-06 00:00:00,smb_beta,0.19348524497082545,3.0598809938211945e-17
2017-06-06 00:00:00,rmw_beta,-0.0634752943520447,-2.973596674874863e-16
2017-06-13 00:00:00,market_beta,-0.009002025165424093,1.8705381274163582e-16
2017-06-13 00:00:00,sector_Consumer Discretionary,0.11683174006818267,-1.7371522730864405e-16
2017-06-13 00:00:00,sector_Consumer Staples,-0.04224381492344145,3.562824980283959e-16
2017-06-13 00:00:00,sector_Energy,-0.013068289970523414,-1.0188067249611143e-16
2017-06-13 00:00:00,sector_Financials,-0.12887455284373828,1.5795888436261142e-16
2017-06-13 00:00:00,sector_Healthcare,-0.09056235970246965,2.4350591342040093e-16
2017-06-13 00:00:00,sector_Industrials,-0.09037712596514476,-4.84192908203794e-17
2017-06-13 00:00:00,sector_Other,0.04674843807966543,-1.9964620573307298e-16
2017-06-13 00:00:00,sector_Technology,0.08430729464741642,4.707585472705155e-17
2017-06-13 00:00:00,sector_Utilities,0.024825295048000958,4.5724340186215234e-17
2017-06-13 00:00:00,size_factor,-0.03434802820221546,5.758378424067596e-17
2017-06-13 00:00:00,smb_beta,0.007979115396971463,2.272382861749327e-16
2017-06-13 00:00:00,rmw_beta,-0.00202477706306731,-5.844716403922881e-17
2017-06-20 00:00:00,market_beta,0.21753545786954898,-2.0768045669723808e-16
2017-06-20 00:00:00,sector_Consumer Discretionary,0.1447027329981134,-1.2779097185220969e-17
2017-06-20 00:00:00,sector_Consumer Staples,0.019351627087026448,2.130258539903277e-16
2017-06-20 00:00:00,sector_Energy,-0.037326429257937326,1.520814026602441e-16
2017-06-20 00:00:00,sector_Financials,-0.030106625489627673,-7.172995033398638e-17
2017-06-20 00:00:00,sector_Healthcare,-0.13918218306287566,2.4710493903602357e-16
2017-06-20 00:00:00,sector_Industrials,-0.15186288013586488,2.2621199425072903e-16
2017-06-20 00:00:00,sector_Other,0.01659970974328573,-4.2189977933335806e-16
2017-06-20 00:00:00,sector_Technology,0.08177315239022098,2.7690569158711747e-16
2017-06-20 00:00:00,sector_Utilities,0.009389555128045433,1.15448826852238e-16
2017-06-20 00:00:00,size_factor,0.04922531379186959,1.8481104057850582e-16
2017-06-20 00:00:00,smb_beta,0.17405785155257164,-2.452845286697247e-16
2017-06-20 00:00:00,rmw_beta,-0.0020976611496256003,2.2072838878746277e-16
2017-06-27 00:00:00,market_beta,0.06004871802183498,-5.090138691302048e-16
2017-06-27 00:00:00,sector_Consumer Discretionary,0.15654071591375465,-2.4958253999047385e-16
2017-06-27 00:00:00,sector_Consumer Staples,0.12790590140527724,2.496297388444351e-16
2017-06-27 00:00:00,sector_Energy,-0.06269979728084919,-1.5790833648149472e-16
2017-06-27 00:00:00,sector_Financials,-0.09472742079546703,-7.442772387395083e-16
2017-06-27 00:00:00,sector_Healthcare,-0.16176556801683753,2.17198775943944e-16
2017-06-27 00:00:00,sector_Industrials,-0.10838375558849796,-1.0041326880113099e-16
2017-06-27 00:00:00,sector_Other,0.024077709366508708,4.0397251927034027e-16
2017-06-27 00:00:00,sector_Technology,0.04069572786302073,-1.2375872082901286e-16
2017-06-27 00:00:00,sector_Utilities,0.049160682563228114,6.350500954986397e-17
2017-06-27 00:00:00,size_factor,0.07089987565417913,-9.50807816722549e-17
2017-06-27 00:00:00,smb_beta,-0.2331802615780932,-6.490378330895296e-16
2017-06-27 00:00:00,rmw_beta,0.2252452091032277,1.4387047680564315e-16
2017-07-05 00:00:00,market_beta,0.09724956224635563,6.4195840431431475e-18
2017-07-05 00:00:00,sector_Consumer Discretionary,0.11880754029121379,-3.851043371576037e-17
2017-07-05 00:00:00,sector_Consumer Staples,0.1541852964555296,-7.806634021629587e-17
2017-07-05 00:00:00,sector_Energy,-0.06846771270723834,-1.2791709010858946e-16
2017-07-05 00:00:00,sector_Financials,-0.15486836347505542,-1.563532007781085e-16
2017-07-05 00:00:00,sector_Healthcare,-0.07117479779969196,1.2411542742179748e-16
2017-07-05 00:00:00,sector_Industrials,-0.051091596711381436,4.185327450821013e-17
2017-07-05 00:00:00,sector_Other,-0.006643441365810127,2.2467686981872933e-16
2017-07-05 00:00:00,sector_Technology,0.05881110001086454,-3.1029401996990365e-16
2017-07-05 00:00:00,sector_Utilities,0.04606317041606052,1.2847780950872392e-16
2017-07-05 00:00:00,size_factor,0.05216762529597508,5.4751321594730513e-17
2017-07-05 00:00:00,smb_beta,-0.15942121560069952,2.003200451031799e-17
2017-07-05 00:00:00,rmw_beta,0.2175681073327701,2.7330761656703524e-16
2017-07-12 00:00:00,market_beta,0.03356650946171645,2.1793306102745678e-16
2017-07-12 00:00:00,sector_Consumer Discretionary,0.08010692112090051,4.709570100164609e-17
2017-07-12 00:00:00,sector_Consumer Staples,0.1988840120239979,7.859886702430943e-17
2017-07-12 00:00:00,sector_Energy,0.002477675788291794,6.179620378216547e-18
2017-07-12 00:00:00,sector_Financials,-0.05067003161659724,-8.226251148047075e-17
2017-07-12 00:00:00,sector_Healthcare,0.004918619911068968,1.444778562976335e-16
2017-07-12 00:00:00,sector_Industrials,-0.033487666191143156,4.690162323172676e-17
2017-07-12 00:00:00,sector_Other,-0.0643717379598682,-1.8590405194589775e-16
2017-07-12 00:00:00,sector_Technology,-0.02016021627031918,1.9845390586656322e-16
2017-07-12 00:00:00,sector_Utilities,0.009207540802397478,-3.109550934777239e-17
2017-07-12 00:00:00,size_factor,0.06059941229075085,2.2203885005579997e-16
2017-07-12 00:00:00,smb_beta,-0.19929772621308234,1.3244714726812026e-16
2017-07-12 00:00:00,rmw_beta,0.21905690372659717,-1.427626498949794e-16
2017-07-19 00:00:00,market_beta,-0.038836548371574936,-1.4286995127639795e-16
2017-07-19 00:00:00,sector_Consumer Discretionary,0.1373119143693678,-1.2989933593204682e-16
2017-07-19 00:00:00,sector_Consumer Staples,0.11586968855129187,-7.018335841747875e-17
2017-07-19 00:00:00,sector_Energy,-0.009842000087460029,1.1792417945229196e-16
2017-07-19 00:00:00,sector_Financials,-0.05760448079182699,-4.423498051907266e-17
2017-07-19 00:00:00,sector_Healthcare,0.029268370467384855,-9.317581002953603e-17
2017-07-19 00:00:00,sector_Industrials,0.023723382903436327,4.268563824522933e-17
2017-07-19 00:00:00,sector_Other,-0.07881755703256386,7.010907598716582e-17
2017-07-19 00:00:00,sector_Technology,-0.02586097329723617,1.364089316004358e-16
2017-07-19 00:00:00,sector_Utilities,0.05722496768524409,2.704273053235372e-17
2017-07-19 00:00:00,size_factor,0.028409957293393365,1.2348421077021829e-17
2017-07-19 00:00:00,smb_beta,-0.41832971272048713,1.9296098421007825e-16
2017-07-19 00:00:00,rmw_beta,0.2933105780120872,-3.974947111341292e-16
2017-07-26 00:00:00,market_beta,-0.2337267775778081,2.826313443271914e-17
2017-07-26 00:00:00,sector_Consumer Discretionary,0.12063812529214958,-3.615493913415847e-16
2017-07-26 00:00:00,sector_Consumer Staples,0.18469782939224455,5.163618680474473e-17
2017-07-26 00:00:00,sector_Energy,-0.019007236657288377,3.9307048760000913e-16
2017-07-26 00:00:00,sector_Financials,-0.01893190628875331,-2.334227657772316e-16
2017-07-26 00:00:00,sector_Healthcare,0.1523013167936747,-2.0256757057638585e-16
2017-07-26 00:00:00,sector_Industrials,-0.021866509267497992,-2.456495212203453e-16
2017-07-26 00:00:00,sector_Other,-0.07354839523689824,3.734368238179473e-16
2017-07-26 00:00:00,sector_Technology,-0.1561460561606689,-8.581402571189207e-17
2017-07-26 00:00:00,sector_Utilities,-0.021717794419141435,-7.261568563218637e-18
2017-07-26 00:00:00,size_factor,0.05098457975420978,-1.9409942630399185e-16
2017-07-26 00:00:00,smb_beta,-0.23188433541363324,9.77189608510183e-17
2017-07-26 00:00:00,rmw_beta,0.30748458648132726,-1.0930411479211478e-17
2017-08-02 00:00:00,market_beta,0.039833453287706724,-1.1667593911682083e-16
2017-08-02 00:00:00,sector_Consumer Discretionary,0.1426505170030568,6.798413339056999e-16
2017-08-02 00:00:00,sector_Consumer Staples,-0.05376667734499496,3.1978210565044797e-16
2017-08-02 00:00:00,sector_Energy,-0.10327539786634342,-3.4056121809070115e-16
2017-08-02 00:00:00,sector_Financials,0.038526501346375995,-2.1080784909503912e-16
2017-08-02 00:00:00,sector_Healthcare,0.16477873232773757,3.4082215659060193e-16
2017-08-02 00:00:00,sector_Industrials,0.01710005136690967,-9.514504946652751e-17
2017-08-02 00:00:00,sector_Other,-0.07279794819292668,-3.2886750397210893e-16
2017-08-02 00:00:00,sector_Technology,-0.04050301461531422,-8.102159488147074e-17
2017-08-02 00:00:00,sector_Utilities,-0.05687830258199477,1.4616874149747666e-16
2017-08-02 00:00:00,size_factor,-0.066836664704155,5.767715027795634e-17
2017-08-02 00:00:00,smb_beta,-0.01538387569770723,-2.986737625020222e-16
2017-08-02 00:00:00,rmw_beta,0.015146809119696477,4.536731633720163e-16
2017-08-09 00:00:00,market_beta,0.007336949959224416,1.9046045365883735e-16
2017-08-09 00:00:00,sector_Consumer Discretionary,0.07872279074724267,-1.0964841983305741e-16
2017-08-09 00:00:00,sector_Consumer Staples,-0.05124970980108665,6.861575860339951e-17
2017-08-09 00:00:00,sector_Energy,-0.09942034671337356,-4.904315292694619e-17
2017-08-09 00:00:00,sector_Financials,0.07520047144479834,-1.7253699592078491e-16
2017-08-09 00:00:00,sector_Healthcare,0.11180499438454596,-1.2324071137198924e-17
2017-08-09 00:00:00,sector_Industrials,-0.017419119500447,-6.146873095387984e-17
2017-08-09 00:00:00,sector_Other,-0.05237563253976317,1.5170959935585553e-16
2017-08-09 00:00:00,sector_Technology,-0.018185720659631702,-2.888170020497454e-17
2017-08-09 00:00:00,sector_Utilities,-0.06823147583328275,-5.11722793697918e-17
2017-08-09 00:00:00,size_factor,0.0013262342121421523,-2.4964810772079957e-16
2017-08-09 00:00:00,smb_beta,-0.03336480689542899,6.007745306307069e-17
2017-08-09 00:00:00,rmw_beta,0.00012078194933150958,3.016876371128527e-17
2017-08-16 00:00:00,market_beta,0.20408026140072305,-8.664861994554543e-16
2017-08-16 00:00:00,sector_Consumer Discretionary,0.008699398700573827,2.1804693046226541e-16
2017-08-16 00:00:00,sector_Consumer Staples,-0.08324085543907224,-6.10277478204845e-17
2017-08-16 00:00:00,sector_Energy,-0.08704927114626099,1.0391913356692587e-16
2017-08-16 00:00:00,sector_Financials,-0.009118573236215557,-2.6195962439410764e-17
2017-08-16 00:00:00,sector_Healthcare,0.13250562965050147,3.9577143253055723e-16
2017-08-16 00:00:00,sector_Industrials,-0.019358493603151082,2.924993957282789e-16
2017-08-16 00:00:00,sector_Other,0.011767058216578445,-1.8905895625840662e-16
2017-08-16 00:00:00,sector_Technology,0.007006215050531683,-3.6917408696344245e-16
2017-08-16 00:00:00,sector_Utilities,-0.10080749794703016,1.3790974995529156e-16
2017-08-16 00:00:00,size_factor,-0.008492592494577204,2.281993172720431e-16
2017-08-16 00:00:00,smb_beta,0.16952252805319296,-5.419457452596122e-16
2017-08-16 00:00:00,rmw_beta,-0.20548846317158093,2.1811520419677626e-16
2017-08-23 00:00:00,market_beta,0.2739226694996493,-3.789827255629999e-16
2017-08-23 00:00:00,sector_Consumer Discretionary,0.03537001879288792,8.65771189420209e-17
2017-08-23 00:00:00,sector_Consumer Staples,-0.06482012964105244,-2.1328413517673726e-17
2017-08-23 00:00:00,sector_Energy,-0.11575489329256686,1.0527929395732639e-16
2017-08-23 00:00:00,sector_Financials,0.031360211028328346,2.3266895054759863e-16
2017-08-23 00:00:00,sector_Healthcare,0.06250349641697854,-1.2493798952234394e-16
2017-08-23 00:00:00,sector_Industrials,-0.017264439150850706,1.7889029483375635e-16
2017-08-23 00:00:00,sector_Other,0.03582442708756643,-1.3885119632627559e-16
2017-08-23 00:00:00,sector_Technology,-0.030754556616584543,-2.2541928634784868e-17
2017-08-23 00:00:00,sector_Utilities,-0.13341470484907506,1.3278374865028877e-16
2017-08-23 00:00:00,size_factor,-0.10013979808114357,1.2547064732305737e-16
2017-08-23 00:00:00,smb_beta,0.25147186909814667,-6.244095930777217e-17
2017-08-23 00:00:00,rmw_beta,-0.22065723482482946,2.023392965143741e-17
2017-08-30 00:00:00,market_beta,0.010548196131267822,3.0453087123303903e-16
2017-08-30 00:00:00,sector_Consumer Discretionary,-0.030709608740237218,1.630250336327928e-16
2017-08-30 00:00:00,sector_Consumer Staples,0.02032695864503349,-3.0485811420394806e-17
2017-08-30 00:00:00,sector_Energy,0.03401428098216961,-1.6283206953416225e-16
2017-08-30 00:00:00,sector_Financials,0.17165858787435298,-2.340726757416641e-16
2017-08-30 00:00:00,sector_Healthcare,0.011523240895669173,-2.195939535308395e-16
2017-08-30 00:00:00,sector_Industrials,0.007133788813783606,5.678708901507235e-17
2017-08-30 00:00:00,sector_Other,-0.061008283460285084,1.782334036647057e-16
2017-08-30 00:00:00,sector_Technology,-0.01117767477080831,-1.8850648259762998e-17
2017-08-30 00:00:00,sector_Utilities,-0.12621222361651627,-4.846183337553699e-17
2017-08-30 00:00:00,size_factor,0.017113467898209223,1.0046622892220322e-16
2017-08-30 00:00:00,smb_beta,0.17735252159737797,-2.695080286167919e-16
2017-08-30 00:00:00,rmw_beta,-0.3130270564621288,3.4029468382251283e-16
2017-09-07 00:00:00,market_beta,0.08208058145820372,-1.0573234558079533e-16
2017-09-07 00:00:00,sector_Consumer Discretionary,0.11306722078542923,9.945032199158798e-17
2017-09-07 00:00:00,sector_Consumer Staples,0.009559533244670135,4.9712215830653924e-17
2017-09-07 00:00:00,sector_Energy,-0.06312284613308944,3.436056664398228e-17
2017-09-07 00:00:00,sector_Financials,0.09864735352968532,-9.227309552716112e-17
2017-09-07 00:00:00,sector_Healthcare,-0.013275614875460215,1.6710875567911068e-17
2017-09-07 00:00:00,sector_Industrials,0.035418243660894924,8.739897820367965e-17
2017-09-07 00:00:00,sector_Other,-0.05379638836103311,-1.0457562527007366e-16
2017-09-07 00:00:00,sector_Technology,-0.05553421546103416,9.851376374668883e-17
2017-09-07 00:00:00,sector_Utilities,0.01664328757727588,1.7154566858724067e-17
2017-09-07 00:00:00,size_factor,0.07861322295681109,2.4560195706649606e-16
2017-09-07 00:00:00,smb_beta,-0.1556965982010263,-2.334597960961774e-16
2017-09-07 00:00:00,rmw_beta,0.06683689526101015,3.113848708341738e-16
2017-09-14 00:00:00,market_beta,-0.026299153270681046,1.3455855136942213e-16
2017-09-14 00:00:00,sector_Consumer Discretionary,0.06870153544291857,2.6020116145074913e-16
2017-09-14 00:00:00,sector_Consumer Staples,0.09946571605160309,8.153078764473931e-17
2017-09-14 00:00:00,sector_Energy,-0.08129342779929248,-1.0209004628336553e-16
2017-09-14 00:00:00,sector_Financials,0.0312944615698139,6.24414608722874e-17
2017-09-14 00:00:00,sector_Healthcare,-0.09799063373649836,1.3591908692200234e-16
2017-09-14 00:00:00,sector_Industrials,-0.050727033209533576,-1.0438108651192438e-17
2017-09-14 00:00:00,sector_Other,-0.01382661218605219,-3.4211371761314974e-16
2017-09-14 00:00:00,sector_Technology,0.02996921455441392,1.8303751008328166e-16
2017-09-14 00:00:00,sector_Utilities,0.05044225992639338,6.070932961345911e-17
2017-09-14 00:00:00,size_factor,0.06797500529023671,1.9353510244742344e-16
2017-09-14 00:00:00,smb_beta,-0.20020606078498374,1.39112227108567e-16
2017-09-14 00:00:00,rmw_beta,0.10311804819378384,3.7773177003183754e-18
2017-09-21 00:00:00,market_beta,-0.0387774415929268,1.9568332867204648e-17
2017-09-21 00:00:00,sector_Consumer Discretionary,0.040108208633307135,-7.08888860367774e-18
2017-09-21 00:00:00,sector_Consumer Staples,0.015590283669412355,-5.234918989894362e-17
2017-09-21 00:00:00,sector_Energy,-0.11306145996240598,-1.0735510499978448e-16
2017-09-21 00:00:00,sector_Financials,0.07247030313155454,-3.836805007849899e-17
2017-09-21 00:00:00,sector_Healthcare,-0.021861276555434562,-9.437579402135261e-17
2017-09-21 00:00:00,sector_Industrials,-0.04591388074641715,4.6719376094094725e-17
2017-09-21 00:00:00,sector_Other,-0.022781511282185005,1.632649907617694e-16
2017-09-21 00:00:00,sector_Technology,0.007166772663704064,-9.926866613522823e-17
2017-09-21 00:00:00,sector_Utilities,0.07177802619816719,-4.0458229740562063e-17
2017-09-21 00:00:00,size_factor,0.041848571115660545,-1.4585581464252273e-16
2017-09-21 00:00:00,smb_beta,-0.2533659633834366,1.5666341670396832e-16
2017-09-21 00:00:00,rmw_beta,0.2538627483876857,-1.2863209713620696e-16
2017-09-28 00:00:00,market_beta,0.08955507815235382,3.211339398414184e-16
2017-09-28 00:00:00,sector_Consumer Discretionary,0.03107564123375389,-4.620188874587564e-16
2017-09-28 00:00:00,sector_Consumer Staples,0.06565521260304254,-5.733823883797204e-18
2017-09-28 00:00:00,sector_Energy,-0.13692250122510022,-4.443737837833329e-16
2017-09-28 00:00:00,sector_Financials,-0.11273749882714705,-1.3436024149114138e-16
2017-09-28 00:00:00,sector_Healthcare,0.0834773533446082,-1.3115482817524934e-16
2017-09-28 00:00:00,sector_Industrials,-0.036442929289399024,-9.110597944433429e-17
2017-09-28 00:00:00,sector_Other,-0.056764589262105855,8.159859226368126e-16
2017-09-28 00:00:00,sector_Technology,0.11166096571815151,-5.779281727988669e-16
2017-09-28 00:00:00,sector_Utilities,0.05967480887336269,-1.927389232763158e-16
2017-09-28 00:00:00,size_factor,0.0816611150560293,-1.4915230367176212e-15
2017-09-28 00:00:00,smb_beta,-0.16163934422928714,4.1041456587953427e-16
2017-09-28 00:00:00,rmw_beta,0.1513564317904504,-1.8003541545393702e-16
2017-10-05 00:00:00,market_beta,-0.15213319048220833,1.0825931949165854e-17
2017-10-05 00:00:00,sector_Consumer Discretionary,0.026722208323338686,-1.6149441714345001e-16
2017-10-05 00:00:00,sector_Consumer Staples,0.13245981722731798,-1.0627383357323795e-16
2017-10-05 00:00:00,sector_Energy,-0.022354143142134332,-9.309529926551472e-17
2017-10-05 00:00:00,sector_Financials,-0.21573843431085446,-2.640483854484567e-17
2017-10-05 00:00:00,sector_Healthcare,0.10820960614936777,-2.4362200091376484e-16
2017-10-05 00:00:00,sector_Industrials,-0.03409042358881878,3.252286460687994e-17
2017-10-05 00:00:00,sector_Other,-0.05433462924667339,1.6794735065787285e-16
2017-10-05 00:00:00,sector_Technology,0.10046209982004656,6.504932178044069e-17
2017-10-05 00:00:00,sector_Utilities,0.062013468787180344,7.260575858450137e-17
2017-10-05 00:00:00,size_factor,0.07419201254257338,-6.79147533292755e-17
2017-10-05 00:00:00,smb_beta,-0.3124949383753271,-1.8416097295883906e-16
2017-10-05 00:00:00,rmw_beta,0.1686315462997513,-2.93648319227569e-17
2017-10-12 00:00:00,market_beta,-0.178315811886946,1.449551555271548e-16
2017-10-12 00:00:00,sector_Consumer Discretionary,0.01938282409003142,-9.508385093977502e-18
2017-10-12 00:00:00,sector_Consumer Staples,0.07702638742367604,-2.1621284887836209e-16
2017-10-12 00:00:00,sector_Energy,-0.05570244279969989,-1.1994960711105088e-16
2017-10-12 00:00:00,sector_Financials,-0.0955703334643721,-3.4621826205793285e-16
2017-10-12 00:00:00,sector_Healthcare,0.06880083077817772,-2.5396748918214335e-16
2017-10-12 00:00:00,sector_Industrials,0.007601732866437552,-1.1820914089946316e-16
2017-10-12 00:00:00,sector_Other,-0.0336079823817191,7.0330936613644505e-16
2017-10-12 00:00:00,sector_Technology,0.021853464621345357,-4.932682087562213e-16
2017-10-12 00:00:00,sector_Utilities,0.04097722357771533,-1.6339165425035322e-16
2017-10-12 00:00:00,size_factor,0.028567996210716932,-9.725276766469638e-16
2017-10-12 00:00:00,smb_beta,-0.2563801031830502,2.963889392245345e-16
2017-10-12 00:00:00,rmw_beta,-0.003329322858004078,-4.5987905065511975e-17
2017-10-19 00:00:00,market_beta,-0.19986737479132105,-2.036942921238157e-16
2017-10-19 00:00:00,sector_Consumer Discretionary,0.019590743951382904,-7.322619422358779e-17
2017-10-19 00:00:00,sector_Consumer Staples,0.061686495131971504,-6.0069789874967934e-18
2017-10-19 00:00:00,sector_Energy,0.03903116845889048,6.160671662917485e-17
2017-10-19 00:00:00,sector_Financials,0.04073906468897643,-1.151354338746666e-16
2017-10-19 00:00:00,sector_Healthcare,0.08030609561413787,1.1897328167048879e-16
2017-10-19 00:00:00,sector_Industrials,0.11780875837807966,-8.163509132005699e-17
2017-10-19 00:00:00,sector_Other,-0.06838845256198642,2.0351259255548658e-16
2017-10-19 00:00:00,sector_Technology,-0.09610742260382685,-2.7731718579974265e-16
2017-10-19 00:00:00,sector_Utilities,-0.05235224481291409,2.864241123783331e-18
2017-10-19 00:00:00,size_factor,0.042046098159867124,-7.432071166545033e-17
2017-10-19 00:00:00,smb_beta,-0.0520524344258351,1.8130700972040344e-17
2017-10-19 00:00:00,rmw_beta,-0.07965973877074416,-2.9111979293643185e-16
2017-10-26 00:00:00,market_beta,-0.28868362536156394,3.381279809752384e-16
2017-10-26 00:00:00,sector_Consumer Discretionary,-0.02734588464680412,8.89211145739287e-17
2017-10-26 00:00:00,sector_Consumer Staples,0.02275808002422579,-1.0689968765012121e-16
2017-10-26 00:00:00,sector_Energy,0.041892853600811714,6.127293621547153e-17
2017-10-26 00:00:00,sector_Financials,-0.010224704687159004,1.9414342662023563e-16
2017-10-26 00:00:00,sector_Healthcare,0.10889779420599455,1.8465759144335118e-16
2017-10-26 00:00:00,sector_Industrials,-0.025889132111285112,8.534798574269463e-17
2017-10-26 00:00:00,sector_Other,0.047237028417973156,-2.1557695266117676e-16
2017-10-26 00:00:00,sector_Technology,-0.1486219003053326,1.6937325010472158e-17
2017-10-26 00:00:00,sector_Utilities,-0.057736584927623034,-1.8741143602102298e-16
2017-10-26 00:00:00,size_factor,0.02003243454122126,3.663685277786091e-16
2017-10-26 00:00:00,smb_beta,0.05643316298031616,1.2487928510562473e-16
2017-10-26 00:00:00,rmw_beta,-0.11246304332979365,-1.3649163520916344e-16
2017-11-02 00:00:00,market_beta,-0.20405479541841678,8.517725046662815e-17
2017-11-02 00:00:00,sector_Consumer Discretionary,-0.08825375261489549,-2.3807951751660114e-16
2017-11-02 00:00:00,sector_Consumer Staples,0.11320826458701533,-6.163831347161796e-17
2017-11-02 00:00:00,sector_Energy,-0.04628273830572755,-9.618941433676423e-17
2017-11-02 00:00:00,sector_Financials,0.03412410140816827,2.6433556640623132e-17
2017-11-02 00:00:00,sector_Healthcare,0.1054885891369356,1.648950438057919e-16
2017-11-02 00:00:00,sector_Industrials,0.07082158858848658,5.539603678228629e-17
2017-11-02 00:00:00,sector_Other,0.08566573037969429,-1.3349648847340606e-16
2017-11-02 00:00:00,sector_Technology,-0.3096413059281628,2.8972070170354604e-16
2017-11-02 00:00:00,sector_Utilities,0.017219253419607474,-9.479565442810739e-18
2017-11-02 00:00:00,size_factor,-0.04277368768827109,1.0065661808752903e-16
2017-11-02 00:00:00,smb_beta,0.15088015046062753,-1.3036815582237933e-16
2017-11-02 00:00:00,rmw_beta,-0.0504995749593861,-2.7044136204880633e-16
2017-11-09 00:00:00,market_beta,-0.05481735596420002,3.5480284511480297e-16
2017-11-09 00:00:00,sector_Consumer Discretionary,-0.07561574351369084,2.247248338863015e-16
2017-11-09 00:00:00,sector_Consumer Staples,0.05651800609605332,-1.9430106772035787e-16
2017-11-09 00:00:00,sector_Energy,0.029175984573598646,3.836548433159169e-16
2017-11-09 00:00:00,sector_Financials,0.05609623699590277,4.886160748132166e-16
2017-11-09 00:00:00,sector_Healthcare,0.0905890564566102,1.417944687693256e-16
2017-11-09 00:00:00,sector_Industrials,0.05062486537848311,-1.1243685645653434e-16
2017-11-09 00:00:00,sector_Other,0.041841658808693755,-3.895002093418194e-16
2017-11-09 00:00:00,sector_Technology,-0.20829724353382828,9.889824198437183e-17
2017-11-09 00:00:00,sector_Utilities,0.023518680275954936,-1.7615541947421592e-16
2017-11-09 00:00:00,size_factor,0.04814802418137551,8.861399229300904e-16
2017-11-09 00:00:00,smb_beta,0.25493231686171286,1.4837298151241878e-16
2017-11-09 00:00:00,rmw_beta,-0.08468003202475245,-6.401366635834418e-17
2017-11-16 00:00:00,market_beta,-0.0326200104283081,9.94734514944227e-16
2017-11-16 00:00:00,sector_Consumer Discretionary,-0.03381826941141872,3.7796762345398275e-16
2017-11-16 00:00:00,sector_Consumer Staples,-0.008989293367719656,5.196991426882729e-16
2017-11-16 00:00:00,sector_Energy,0.06168217563590952,8.226865074633622e-16
2017-11-16 00:00:00,sector_Financials,0.11390879931402406,-7.882050819702478e-16
2017-11-16 00:00:00,sector_Healthcare,0.22449877938368168,-1.7558389630881946e-16
2017-11-16 00:00:00,sector_Industrials,0.036020367879974376,1.0434658289365844e-16
2017-11-16 00:00:00,sector_Other,-0.061968441458758024,-1.0218607522265042e-15
2017-11-16 00:00:00,sector_Technology,-0.17056338054304648,1.5811465552866686e-15
2017-11-16 00:00:00,sector_Utilities,0.06721500325990097,3.4694941067742943e-16
2017-11-16 00:00:00,size_factor,-0.022473550155031694,7.317667425772629e-16
2017-11-16 00:00:00,smb_beta,0.2206431167621154,6.061058113192167e-17
2017-11-16 00:00:00,rmw_beta,-0.18762607650755753,-6.768271800978577e-16
2017-11-24 00:00:00,market_beta,-0.02835323845062852,-6.090650696999044e-16
2017-11-24 00:00:00,sector_Consumer Discretionary,-0.18742241012531302,-1.1546201925265358e-16
2017-11-24 00:00:00,sector_Consumer Staples,-0.12758841708348082,4.2830707368251333e-16
2017-11-24 00:00:00,sector_Energy,0.07844145027883426,-2.723624906085754e-16
2017-11-24 00:00:00,sector_Financials,0.14734814374721453,9.582352155250797e-17
2017-11-24 00:00:00,sector_Healthcare,0.16520280505131443,2.8235997684139016e-16
2017-11-24 00:00:00,sector_Industrials,0.11497040308260754,8.586496345176831e-17
2017-11-24 00:00:00,sector_Other,-0.02165609098691321,-1.4094585287646724e-16
2017-11-24 00:00:00,sector_Technology,-0.07726414944573046,-2.5370417425769525e-16
2017-11-24 00:00:00,sector_Utilities,0.00022503858810930398,-2.4165391305258767e-16
2017-11-24 00:00:00,size_factor,0.04560877562236195,-5.1185266072787656e-17
2017-11-24 00:00:00,smb_beta,0.11262503662129968,3.4265294067723863e-16
2017-11-24 00:00:00,rmw_beta,-0.024406114935230275,2.2635148419744277e-17
2017-12-01 00:00:00,market_beta,0.17743091061424546,-3.720606047968778e-16
2017-12-01 00:00:00,sector_Consumer Discretionary,-0.0908010670119094,-3.056813355388742e-16
2017-12-01 00:00:00,sector_Consumer Staples,-0.11729489780011038,2.4117009508232963e-16
2017-12-01 00:00:00,sector_Energy,0.0879391756965189,2.5162571898799306e-16
2017-12-01 00:00:00,sector_Financials,-0.03316919373609643,-4.0206923234991224e-16
2017-12-01 00:00:00,sector_Healthcare,0.06705249868367738,-1.6664922040915212e-16
2017-12-01 00:00:00,sector_Industrials,-0.003993672325748385,-6.240772303778376e-17
2017-12-01 00:00:00,sector_Other,-0.01498910430549265,2.592715358797652e-16
2017-12-01 00:00:00,sector_Technology,0.1260166329909869,8.781120454157197e-17
2017-12-01 00:00:00,sector_Utilities,-0.04525005830016288,-3.906314554227614e-17
2017-12-01 00:00:00,size_factor,-0.014095081855186365,-2.806186603617341e-16
2017-12-01 00:00:00,smb_beta,-0.22081010126498943,3.45879512845593e-16
2017-12-01 00:00:00,rmw_beta,-0.5080539578001579,7.330011205506938e-17
2017-12-08 00:00:00,market_beta,0.21922696748154483,3.025058681754143e-16
2017-12-08 00:00:00,sector_Consumer Discretionary,-0.08817090964989492,3.855704106921698e-16
2017-12-08 00:00:00,sector_Consumer Staples,-0.13123380560084447,9.213560730770409e-17
2017-12-08 00:00:00,sector_Energy,-0.009694180392277076,-8.40615565723744e-19
2017-12-08 00:00:00,sector_Financials,-0.06756280444956836,4.669292148749468e-16
2017-12-08 00:00:00,sector_Healthcare,0.10781446424527076,1.8570853459771112e-16
2017-12-08 00:00:00,sector_Industrials,-0.055664966865428496,2.7947219045084144e-16
2017-12-08 00:00:00,sector_Other,0.026274343161696596,-8.560405170451108e-16
2017-12-08 00:00:00,sector_Technology,0.09683109609562653,4.384551229895261e-16
2017-12-08 00:00:00,sector_Utilities,0.030276787012599754,-4.69435672951129e-17
2017-12-08 00:00:00,size_factor,-0.0486216513091076,1.7169718975142885e-15
2017-12-08 00:00:00,smb_beta,-0.22415198813263593,-1.8962743543125439e-16
2017-12-08 00:00:00,rmw_beta,-0.4234912695021763,-3.1708924718101515e-17
2017-12-15 00:00:00,market_beta,0.135081093445415,-1.3750312794197292e-16
2017-12-15 00:00:00,sector_Consumer Discretionary,-0.09437438275467269,3.7543286228409483e-16
2017-12-15 00:00:00,sector_Consumer Staples,-0.09113871474766252,1.5756810714081596e-16
2017-12-15 00:00:00,sector_Energy,0.027026387510079696,7.146876878419565e-16
2017-12-15 00:00:00,sector_Financials,-0.08651209497193875,-7.849860992469227e-17
2017-12-15 00:00:00,sector_Healthcare,0.028609008202152196,5.243227762145476e-16
2017-12-15 00:00:00,sector_Industrials,-0.05567837051451984,3.7864924060406145e-16
2017-12-15 00:00:00,sector_Other,0.03121646473367849,-9.691568050208762e-16
2017-12-15 00:00:00,sector_Technology,0.14549674933641235,3.8517883776862774e-16
2017-12-15 00:00:00,sector_Utilities,0.049740729091294324,1.1416077741208313e-16
2017-12-15 00:00:00,size_factor,-0.04453165970969247,1.4842269705066929e-15
2017-12-15 00:00:00,smb_beta,-0.14469428051416866,-8.394681826014259e-16
2017-12-15 00:00:00,rmw_beta,-0.2894328679398784,-7.53209179330442e-16
2017-12-22 00:00:00,market_beta,0.12596739612400615,-5.12334029197551e-16
2017-12-22 00:00:00,sector_Consumer Discretionary,0.015137025821658573,4.562668521850817e-16
2017-12-22 00:00:00,sector_Consumer Staples,-0.01735527598794436,2.83681636761615e-16
2017-12-22 00:00:00,sector_Energy,-0.02312899036825526,1.4779359013710504e-16
2017-12-22 00:00:00,sector_Financials,0.005876153924831423,3.40020162209619e-16
2017-12-22 00:00:00,sector_Healthcare,0.0819855448699518,3.242052709440553e-16
2017-12-22 00:00:00,sector_Industrials,-0.06988372691064683,1.8774787099686625e-16
2017-12-22 00:00:00,sector_Other,-0.06907102904244337,-5.845996750955199e-16
2017-12-22 00:00:00,sector_Technology,0.09159407106921463,-2.554175279353376e-16
2017-12-22 00:00:00,sector_Utilities,0.02656005908014147,5.567621778734208e-17
2017-12-22 00:00:00,size_factor,-0.060675999073941535,1.1910383456349843e-15
2017-12-22 00:00:00,smb_beta,-0.13319929980968012,5.299952663898236e-17
2017-12-22 00:00:00,rmw_beta,-0.24813206219742578,1.3026891355644992e-15
2018-01-02 00:00:00,market_beta,0.0794950154276152,4.1430521884265057e-16
2018-01-02 00:00:00,sector_Consumer Discretionary,-0.08692854561862762,-2.1138232316829448e-16
2018-01-02 00:00:00,sector_Consumer Staples,-0.03854957832806075,8.082319369422078e-17
2018-01-02 00:00:00,sector_Energy,-0.005825938443762394,-1.6421429918519397e-17
2018-01-02 00:00:00,sector_Financials,0.11147222735822179,2.1443356150928104e-16
2018-01-02 00:00:00,sector_Healthcare,0.0513295227898963,1.9255586881216007e-16
2018-01-02 00:00:00,sector_Industrials,0.04218905459075868,-3.870148156481839e-17
2018-01-02 00:00:00,sector_Other,-0.05925700839573612,-1.7426258277313478e-16
2018-01-02 00:00:00,sector_Technology,0.0355410468871404,6.00493064660628e-17
2018-01-02 00:00:00,sector_Utilities,0.018730112941869513,-1.1066994852823967e-17
2018-01-02 00:00:00,size_factor,-0.04099597271584555,7.19941506697606e-17
2018-01-02 00:00:00,smb_beta,-0.07142146447685127,4.894322115072214e-16
2018-01-02 00:00:00,rmw_beta,0.15587757027101912,-1.4146473796129223e-16
2018-01-09 00:00:00,market_beta,-0.16833810174559888,-5.920363639048106e-17
2018-01-09 00:00:00,sector_Consumer Discretionary,-0.002513409161282429,3.8872220400041076e-17
2018-01-09 00:00:00,sector_Consumer Staples,0.05383996922546963,-6.495073690065091e-17
2018-01-09 00:00:00,sector_Energy,-0.05858233542499343,-9.80238458682386e-17
2018-01-09 00:00:00,sector_Financials,0.07015185118150848,7.521049835541874e-17
2018-01-09 00:00:00,sector_Healthcare,0.023608073104924767,1.0126767888800476e-16
2018-01-09 00:00:00,sector_Industrials,-0.021856034374675253,-1.411722199957229e-16
2018-01-09 00:00:00,sector_Other,-0.03054519951690534,2.0412285860981074e-16
2018-01-09 00:00:00,sector_Technology,-0.03975200715642717,-3.876073701209367e-16
2018-01-09 00:00:00,sector_Utilities,0.0717270459172748,1.7767348757097808e-16
2018-01-09 00:00:00,size_factor,-0.08090044844386332,-7.036991028340214e-16
2018-01-09 00:00:00,smb_beta,-0.21189719207443047,5.184657823066331e-16
2018-01-09 00:00:00,rmw_beta,0.2708761436085884,2.806139000190226e-16
2018-01-17 00:00:00,market_beta,-0.2479773269649014,5.423381224044219e-16
2018-01-17 00:00:00,sector_Consumer Discretionary,0.014520138720333479,-3.689565285102159e-16
2018-01-17 00:00:00,sector_Consumer Staples,0.15182528117414185,-2.958935822543012e-16
2018-01-17 00:00:00,sector_Energy,-0.07764530103198054,-3.0662919406884783e-16
2018-01-17 00:00:00,sector_Financials,0.03069440064704177,-7.230065326766924e-16
2018-01-17 00:00:00,sector_Healthcare,-0.03056755393397098,-7.230065326766924e-16
2018-01-17 00:00:00,sector_Industrials,-0.011171887655690963,-3.0490395375989243e-16
2018-01-17 00:00:00,sector_Other,-0.06625359388242703,1.6099245215062738e-15
2018-01-17 00:00:00,sector_Technology,0.006601684730639014,-8.709063578433474e-16
2018-01-17 00:00:00,sector_Utilities,0.10297673327441169,-7.979394410842703e-17
2018-01-17 00:00:00,size_factor,-0.01415060993353165,-2.569141650759223e-15
2018-01-17 00:00:00,smb_beta,-0.3342932320556498,8.213902876194644e-16
2018-01-17 00:00:00,rmw_beta,0.2470182409091825,1.8864745821670597e-17
2018-01-24 00:00:00,market_beta,-0.1410879623928245,-6.490679556588679e-16
2018-01-24 00:00:00,sector_Consumer Discretionary,-0.10026185863756595,-4.172983291683577e-16
2018-01-24 00:00:00,sector_Consumer Staples,0.0003178308628701967,2.408846981029209e-16
2018-01-24 00:00:00,sector_Energy,0.11071351711831282,-1.4697846756408886e-16
2018-01-24 00:00:00,sector_Financials,-0.05451600550995502,4.7494114556529197e-17
2018-01-24 00:00:00,sector_Healthcare,-0.03912953905078563,-5.108513297421798e-16
2018-01-24 00:00:00,sector_Industrials,-0.02155326007908916,-1.4274350559993632e-16
2018-01-24 00:00:00,sector_Other,0.07496538087071741,6.713096242466367e-16
2018-01-24 00:00:00,sector_Technology,-0.06498937930973492,-4.78953570802311e-16
2018-01-24 00:00:00,sector_Utilities,0.11196415951530773,-1.1836138929366872e-16
2018-01-24 00:00:00,size_factor,-0.1060847889487642,-4.735017405467e-16
2018-01-24 00:00:00,smb_beta,0.09859502761825399,2.4311629466836127e-16
2018-01-24 00:00:00,rmw_beta,0.11715951182428418,1.9922523882323852e-16
2018-01-31 00:00:00,market_beta,-0.24522931336896042,1.709740463755556e-16
2018-01-31 00:00:00,sector_Consumer Discretionary,0.007377894512521828,-4.1920181713744853e-17
2018-01-31 00:00:00,sector_Consumer Staples,0.026672932573518597,-1.150450506537782e-16
2018-01-31 00:00:00,sector_Energy,0.07486495785065175,1.0456470932412473e-16
2018-01-31 00:00:00,sector_Financials,-0.09292398174894376,5.635158751617637e-17
2018-01-31 00:00:00,sector_Healthcare,-0.1591262474379444,6.370179458350373e-17
2018-01-31 00:00:00,sector_Industrials,0.06602018145599806,-7.188353869448415e-17
2018-01-31 00:00:00,sector_Other,0.10364662981629692,1.392018741150968e-16
2018-01-31 00:00:00,sector_Technology,-0.08217400722857927,-2.3377264920907003e-16
2018-01-31 00:00:00,sector_Utilities,0.05844616462159197,-5.38582791668661e-17
2018-01-31 00:00:00,size_factor,-0.1243704432510435,-2.374890264364767e-16
2018-01-31 00:00:00,smb_beta,0.12245731104395392,4.557021275959008e-16
2018-01-31 00:00:00,rmw_beta,0.085794658909102,2.4457141799215014e-16
2018-02-07 00:00:00,market_beta,0.23206709803351883,-7.76609653953885e-17
2018-02-07 00:00:00,sector_Consumer Discretionary,-0.04230043858076607,3.548557043107097e-16
2018-02-07 00:00:00,sector_Consumer Staples,-0.012066793257925498,-1.2482310716366206e-16
2018-02-07 00:00:00,sector_Energy,0.036961529479097116,-1.1648088414407858e-16
2018-02-07 00:00:00,sector_Financials,-0.053179012404353694,2.753402391573968e-16
2018-02-07 00:00:00,sector_Healthcare,-0.07204942968140392,1.8078658560059844e-16
2018-02-07 00:00:00,sector_Industrials,0.1559074134078972,1.1706899626501304e-16
2018-02-07 00:00:00,sector_Other,-0.04894837565892469,-1.3179582024021634e-16
2018-02-07 00:00:00,sector_Technology,0.12338610958829364,-3.2161962539226425e-16
2018-02-07 00:00:00,sector_Utilities,0.019168359984435793,7.390263735955251e-17
2018-02-07 00:00:00,size_factor,0.0265971156694533,2.1433826702956747e-16
2018-02-07 00:00:00,smb_beta,0.16582295249760348,-1.1229245246004308e-16
2018-02-07 00:00:00,rmw_beta,-0.046861872081364615,5.767143701333876e-16
2018-02-14 00:00:00,market_beta,-0.018286919215932555,-1.755685698213355e-17
2018-02-14 00:00:00,sector_Consumer Discretionary,0.05276081141899859,-2.7535542319296183e-16
2018-02-14 00:00:00,sector_Consumer Staples,-0.007039809589380816,-9.81644243263171e-17
2018-02-14 00:00:00,sector_Energy,0.059961913011472065,1.335370662785682e-16
2018-02-14 00:00:00,sector_Financials,0.012501345341981215,9.348393400263114e-17
2018-02-14 00:00:00,sector_Healthcare,0.01179127608261047,-5.956149381602237e-17
2018-02-14 00:00:00,sector_Industrials,0.1946266452915037,1.2932643174691956e-16
2018-02-14 00:00:00,sector_Other,-0.05998035967325547,1.0682433056282727e-16
2018-02-14 00:00:00,sector_Technology,-0.0780449649153247,-1.195109593106698e-16
2018-02-14 00:00:00,sector_Utilities,-0.006838611897099251,3.195376997277173e-17
2018-02-14 00:00:00,size_factor,0.0256910915319802,7.516478594347145e-17
2018-02-14 00:00:00,smb_beta,0.35426279643248676,-1.395022765200875e-16
2018-02-14 00:00:00,rmw_beta,0.05078663783865653,-2.0532375729132086e-16
2018-02-22 00:00:00,market_beta,0.1490950042735656,6.382825805970503e-17
2018-02-22 00:00:00,sector_Consumer Discretionary,0.10373685251066335,3.197954135190365e-16
2018-02-22 00:00:00,sector_Consumer Staples,-0.04756965417544681,2.534745976074581e-16
2018-02-22 00:00:00,sector_Energy,0.08707765515244349,1.8730661838923655e-16
2018-02-22 00:00:00,sector_Financials,0.04498327848524715,7.221437194647482e-17
2018-02-22 00:00:00,sector_Healthcare,-0.03091857274714796,2.3826881011216566e-16
2018-02-22 00:00:00,sector_Industrials,0.12295759042943452,7.081303012766637e-17
2018-02-22 00:00:00,sector_Other,-0.08998173395133352,-8.337433665919651e-16
2018-02-22 00:00:00,sector_Technology,0.02328268790567627,6.690566709172225e-16
2018-02-22 00:00:00,sector_Utilities,-0.03628065488631455,7.404288514223907e-17
2018-02-22 00:00:00,size_factor,0.058237870844838724,9.65515711086267e-16
2018-02-22 00:00:00,smb_beta,0.26183476105299563,-4.404054663415215e-16
2018-02-22 00:00:00,rmw_beta,0.007010355954389119,-7.999770920682174e-17
2018-03-01 00:00:00,market_beta,-0.006215727893932747,-3.723918695140362e-16
2018-03-01 00:00:00,sector_Consumer Discretionary,0.06218311266387079,1.934879517461391e-16
2018-03-01 00:00:00,sector_Consumer Staples,0.0012387704805027647,-8.430095994264137e-17
2018-03-01 00:00:00,sector_Energy,0.03481455454103438,-3.9515736621783627e-17
2018-03-01 00:00:00,sector_Financials,0.014317980666688802,-7.171153968069636e-17
2018-03-01 00:00:00,sector_Healthcare,0.04007483043177697,-9.443202750032293e-17
2018-03-01 00:00:00,sector_Industrials,0.046272740540379206,-9.790765761065426e-17
2018-03-01 00:00:00,sector_Other,-0.04659522587355496,1.4387885046443216e-16
2018-03-01 00:00:00,sector_Technology,-0.03474220990904031,-1.0756148166310319e-16
2018-03-01 00:00:00,sector_Utilities,0.004819531958968688,9.104552846389718e-18
2018-03-01 00:00:00,size_factor,0.03787079899419613,1.3876898492585866e-16
2018-03-01 00:00:00,smb_beta,0.1785744144961039,1.068583797704739e-16
2018-03-01 00:00:00,rmw_beta,0.06470871517749606,3.304645252683768e-16
2018-03-08 00:00:00,market_beta,0.0005305769619578668,-9.449025860456883e-17
2018-03-08 00:00:00,sector_Consumer Discretionary,0.06882682286648714,-3.0383390024429093e-17
2018-03-08 00:00:00,sector_Consumer Staples,-0.0037064201822798394,1.7706957183006662e-17
2018-03-08 00:00:00,sector_Energy,0.053233396252308954,-3.463449449164501e-17
2018-03-08 00:00:00,sector_Financials,0.07790684287648601,-4.7514357598930854e-17
2018-03-08 00:00:00,sector_Healthcare,0.041217176724186726,8.77695772313584e-17
2018-03-08 00:00:00,sector_Industrials,0.058744674423256246,3.8723400711941114e-17
2018-03-08 00:00:00,sector_Other,-0.13320845206051168,-4.999169535528812e-18
2018-03-08 00:00:00,sector_Technology,0.04490724603746919,-1.8779404231516136e-17
2018-03-08 00:00:00,sector_Utilities,-0.0069805827503119245,-6.716032175457561e-18
2018-03-08 00:00:00,size_factor,0.04845946972809198,3.2364447688394e-17
2018-03-08 00:00:00,smb_beta,-0.01307883660286552,4.3361740222250566e-16
2018-03-08 00:00:00,rmw_beta,-0.12216176112420973,-6.697200133661432e-17
2018-03-15 00:00:00,market_beta,0.11423391894841713,6.480268324804655e-17
2018-03-15 00:00:00,sector_Consumer Discretionary,0.010011571783031512,-1.666766231542171e-16
2018-03-15 00:00:00,sector_Consumer Staples,-0.05064529137685728,1.4199514449946721e-16
2018-03-15 00:00:00,sector_Energy,0.011910960271729798,6.724782145500345e-17
2018-03-15 00:00:00,sector_Financials,0.0808790120883135,1.8261101404216505e-16
2018-03-15 00:00:00,sector_Healthcare,-0.02009810783684287,-9.684647446563371e-17
2018-03-15 00:00:00,sector_Industrials,0.054933445889071016,6.997518998289527e-17
2018-03-15 00:00:00,sector_Other,-0.058888701235880574,-8.212507437922833e-18
2018-03-15 00:00:00,sector_Technology,0.04040195942462541,-9.732302460017919e-17
2018-03-15 00:00:00,sector_Utilities,-0.00915688687129269,4.171263028224184e-17
2018-03-15 00:00:00,size_factor,-0.010214988150959645,-1.443228672602383e-16
2018-03-15 00:00:00,smb_beta,-0.05013705192040898,-4.587682665227538e-17
2018-03-15 00:00:00,rmw_beta,-0.11925519792794168,1.6007498663506127e-16
2018-03-22 00:00:00,market_beta,0.17211950196209969,-1.523096653819578e-16
2018-03-22 00:00:00,sector_Consumer Discretionary,0.0995777293770683,-1.4079535541776734e-16
2018-03-22 00:00:00,sector_Consumer Staples,-0.020138474782856804,-8.416556023987926e-17
2018-03-22 00:00:00,sector_Energy,0.02283554255574256,-4.8134468846655184e-17
2018-03-22 00:00:00,sector_Financials,0.08372767341478114,-9.410313710359666e-17
2018-03-22 00:00:00,sector_Healthcare,0.00505250469005903,-1.1650864593778635e-16
2018-03-22 00:00:00,sector_Industrials,0.026698612751679684,-8.997670243759696e-17
2018-03-22 00:00:00,sector_Other,-0.10427485604777853,3.564343949753152e-16
2018-03-22 00:00:00,sector_Technology,0.05849030020375446,-2.353472158166949e-16
2018-03-22 00:00:00,sector_Utilities,-0.12638569847595665,-7.365084539877541e-17
2018-03-22 00:00:00,size_factor,0.08840731713183148,-5.24332092757354e-16
2018-03-22 00:00:00,smb_beta,-0.09282858682374982,3.619416903407452e-16
2018-03-22 00:00:00,rmw_beta,-0.11300499049963207,-6.949964592716196e-17
2018-03-29 00:00:00,market_beta,0.12043447413547928,-1.9341809709848155e-16
2018-03-29 00:00:00,sector_Consumer Discretionary,0.07039113628038107,-3.507658883953486e-17
2018-03-29 00:00:00,sector_Consumer Staples,-3.8296643118259426e-05,7.47019180251604e-17
2018-03-29 00:00:00,sector_Energy,-0.017456416677000243,6.06139006168527e-17
2018-03-29 00:00:00,sector_Financials,0.06599826883725925,-1.0718670254628352e-16
2018-03-29 00:00:00,sector_Healthcare,-0.015653462281904045,-1.865327031324934e-16
2018-03-29 00:00:00,sector_Industrials,0.009902383530512093,1.3171372541972308e-16
2018-03-29 00:00:00,sector_Other,-0.07028617163721017,2.7549389816191865e-16
2018-03-29 00:00:00,sector_Technology,0.07282421614624605,-2.1554226471097271e-16
2018-03-29 00:00:00,sector_Utilities,-0.15508404152755875,-3.731525026855113e-16
2018-03-29 00:00:00,size_factor,0.08973306479479512,-3.8248605525254317e-16
2018-03-29 00:00:00,smb_beta,-0.09076464016116989,3.8422283693863015e-16
2018-03-29 00:00:00,rmw_beta,-0.04718742931336926,3.598621430531036e-17
2018-04-06 00:00:00,market_beta,0.2709240208532516,-6.89742075345259e-17
2018-04-06 00:00:00,sector_Consumer Discretionary,-0.03467215870696895,-4.3012207580492315e-17
2018-04-06 00:00:00,sector_Consumer Staples,-0.07779196390948616,1.688208853686508e-16
2018-04-06 00:00:00,sector_Energy,-0.00514141371887094,-8.13095032633632e-17
2018-04-06 00:00:00,sector_Financials,0.09543229522221339,2.912868310255014e-16
2018-04-06 00:00:00,sector_Healthcare,-0.01757197194065816,-5.414051232660653e-16
2018-04-06 00:00:00,sector_Industrials,0.026703376601371145,6.83694312198329e-17
2018-04-06 00:00:00,sector_Other,-0.06800702368036597,3.9719050275612944e-17
2018-04-06 00:00:00,sector_Technology,0.13155769455228447,7.60651931871415e-17
2018-04-06 00:00:00,sector_Utilities,-0.07349381339396609,2.687750199145126e-18
2018-04-06 00:00:00,size_factor,0.08263388130305828,-9.789620822670725e-17
2018-04-06 00:00:00,smb_beta,-0.12582402982090068,7.420272704701438e-17
2018-04-06 00:00:00,rmw_beta,-0.18687103895381127,1.8763278214399388e-17
2018-04-13 00:00:00,market_beta,0.37963642071676706,-2.1719565548617259e-16
2018-04-13 00:00:00,sector_Consumer Discretionary,0.053677789432463006,9.502452788558335e-17
2018-04-13 00:00:00,sector_Consumer Staples,-0.04355555773064736,1.3247942281371802e-16
2018-04-13 00:00:00,sector_Energy,-0.0935742554375358,-2.0198648892518517e-16
2018-04-13 00:00:00,sector_Financials,0.0751444426882992,-4.1079030181402525e-16
2018-04-13 00:00:00,sector_Healthcare,-0.005828706723125496,-3.361809521255805e-16
2018-04-13 00:00:00,sector_Industrials,-0.03571063254023321,-2.6396680961794664e-16
2018-04-13 00:00:00,sector_Other,-0.09146483920875313,3.6737712476422805e-16
2018-04-13 00:00:00,sector_Technology,0.1482684913887686,5.877259189448008e-17
2018-04-13 00:00:00,sector_Utilities,-0.053512069130166075,2.9300064420845425e-17
2018-04-13 00:00:00,size_factor,0.1102368400891166,-3.568281169054064e-16
2018-04-13 00:00:00,smb_beta,-0.17774376335984235,1.2175972685226085e-17
2018-04-13 00:00:00,rmw_beta,-0.1764206848682534,4.1516448595627164e-16
2018-04-20 00:00:00,market_beta,0.3491205802714253,-1.016263874475511e-15
2018-04-20 00:00:00,sector_Consumer Discretionary,0.05784511470406038,-1.2007119783707811e-15
2018-04-20 00:00:00,sector_Consumer Staples,-0.15689597166533942,-7.749039255979356e-16
2018-04-20 00:00:00,sector_Energy,-0.15031964469644957,-6.20582707989873e-16
2018-04-20 00:00:00,sector_Financials,0.11924139685453845,-1.3120203115594231e-15
2018-04-20 00:00:00,sector_Healthcare,-0.014097656707829717,-7.270527302535513e-16
2018-04-20 00:00:00,sector_Industrials,0.032988444137908385,-7.026352656147827e-16
2018-04-20 00:00:00,sector_Other,-0.08510481426920528,3.1088242207515154e-15
2018-04-20 00:00:00,sector_Technology,0.13491569076514415,-1.7594641801049935e-15
2018-04-20 00:00:00,sector_Utilities,0.009188478443583606,2.007482405373424e-17
2018-04-20 00:00:00,size_factor,0.0661250806747128,-4.570887812580973e-15
2018-04-20 00:00:00,smb_beta,-0.2265122477128012,1.244499326095111e-15
2018-04-20 00:00:00,rmw_beta,-0.31609513685335755,4.817955145197465e-16
2018-04-27 00:00:00,market_beta,0.1597671041474637,8.327906167705708e-17
2018-04-27 00:00:00,sector_Consumer Discretionary,0.05048511666255468,-1.2467714772212211e-17
2018-04-27 00:00:00,sector_Consumer Staples,0.031562328562771955,-7.45615064930326e-18
2018-04-27 00:00:00,sector_Energy,-0.1687739450225046,4.224670925200431e-16
2018-04-27 00:00:00,sector_Financials,0.0194444498040218,-1.6312948463746329e-16
2018-04-27 00:00:00,sector_Healthcare,-0.1606799245924541,2.7146499650802434e-16
2018-04-27 00:00:00,sector_Industrials,0.016264003233913964,-3.4403109049766473e-16
2018-04-27 00:00:00,sector_Other,-0.014355043782207923,-4.150861944158978e-17
2018-04-27 00:00:00,sector_Technology,0.11853610645744425,-5.2674609671900174e-17
2018-04-27 00:00:00,sector_Utilities,0.047944503475173074,1.279064695038671e-16
2018-04-27 00:00:00,size_factor,0.033947185922616294,-1.759954986839341e-16
2018-04-27 00:00:00,smb_beta,-0.142183149077366,-3.699156472185506e-17
2018-04-27 00:00:00,rmw_beta,-0.11217039604630373,-8.223350979653361e-17
2018-05-04 00:00:00,market_beta,-0.03264471413968651,1.3096131709669193e-16
2018-05-04 00:00:00,sector_Consumer Discretionary,0.06117882862600394,9.364154978525436e-17
2018-05-04 00:00:00,sector_Consumer Staples,0.17682792011505646,5.395443437723878e-16
2018-05-04 00:00:00,sector_Energy,-0.09779168295799787,4.584367189381332e-16
2018-05-04 00:00:00,sector_Financials,0.05351515118927202,-2.485644479080452e-16
2018-05-04 00:00:00,sector_Healthcare,-0.028294147764877257,1.5962854452810243e-17
2018-05-04 00:00:00,sector_Industrials,0.013160319474233498,4.375160162111602e-16
2018-05-04 00:00:00,sector_Other,-0.15214215566421224,-4.232374584804655e-16
2018-05-04 00:00:00,sector_Technology,0.05890486491716711,1.352404720882596e-16
2018-05-04 00:00:00,sector_Utilities,0.05802453136992667,-5.516812176559423e-17
2018-05-04 00:00:00,size_factor,0.12485372257237244,-6.93669891255181e-17
2018-05-04 00:00:00,smb_beta,-0.14628317134788488,6.643651184880046e-17
2018-05-04 00:00:00,rmw_beta,0.2206456906609883,-4.612847515966576e-16
2018-05-11 00:00:00,market_beta,0.0025831650904320725,4.632247986698971e-16
2018-05-11 00:00:00,sector_Consumer Discretionary,0.03511131190316486,1.25577978920966e-16
2018-05-11 00:00:00,sector_Consumer Staples,0.13396873095664608,-9.679338621900881e-17
2018-05-11 00:00:00,sector_Energy,-0.08085345604614594,-3.335618784211663e-17
2018-05-11 00:00:00,sector_Financials,0.030292259729767155,3.600021336308192e-17
2018-05-11 00:00:00,sector_Healthcare,-0.048354404057363666,1.009186309030657e-16
2018-05-11 00:00:00,sector_Industrials,0.024716569545948325,2.2163397649348671e-16
2018-05-11 00:00:00,sector_Other,-0.06669814075851804,-2.548329577866719e-16
2018-05-11 00:00:00,sector_Technology,0.009304794680396225,2.7463795658320773e-16
2018-05-11 00:00:00,sector_Utilities,0.018700380455850475,-2.7147764749968974e-16
2018-05-11 00:00:00,size_factor,0.12625915809686863,1.0139879319827491e-15
2018-05-11 00:00:00,smb_beta,-0.03509680906156371,-4.568970761948375e-16
2018-05-11 00:00:00,rmw_beta,0.05294388845246749,-2.7839762603306136e-16
2018-05-18 00:00:00,market_beta,-0.1400285717113387,5.262786088181304e-16
2018-05-18 00:00:00,sector_Consumer Discretionary,0.0518770594465025,2.6728132088519604e-16
2018-05-18 00:00:00,sector_Consumer Staples,0.021473380338671286,8.406573566517947e-17
2018-05-18 00:00:00,sector_Energy,-0.029651995722367624,7.49667936151629e-17
2018-05-18 00:00:00,sector_Financials,0.04939413788283933,2.1916783752081088e-16
2018-05-18 00:00:00,sector_Healthcare,-0.014225102508601551,9.093133684374067e-17
2018-05-18 00:00:00,sector_Industrials,0.024812016156643395,2.847438446493701e-16
2018-05-18 00:00:00,sector_Other,0.0023191988160997227,-7.329976213473699e-16
2018-05-18 00:00:00,sector_Technology,-0.0907906956058699,7.522875580720368e-16
2018-05-18 00:00:00,sector_Utilities,0.007764721555821974,5.932112522102552e-18
2018-05-18 00:00:00,size_factor,-0.0006809841547741887,1.430444195769407e-15
2018-05-18 00:00:00,smb_beta,-0.14048699687868882,-3.197649024434236e-16
2018-05-18 00:00:00,rmw_beta,0.14491270543211973,-5.079382773559273e-16
2018-05-25 00:00:00,market_beta,-0.36166874025181395,5.4057823619733224e-17
2018-05-25 00:00:00,sector_Consumer Discretionary,0.03328198429813297,4.662266452368492e-16
2018-05-25 00:00:00,sector_Consumer Staples,0.061590498207204775,4.352913979880606e-16
2018-05-25 00:00:00,sector_Energy,0.006712567576719942,3.282630063206255e-16
2018-05-25 00:00:00,sector_Financials,-0.05198495155849736,4.628085356386426e-16
2018-05-25 00:00:00,sector_Healthcare,-0.05173260576826785,2.4283699899988817e-16
2018-05-25 00:00:00,sector_Industrials,-0.10740808853674846,3.9996771106537286e-16
2018-05-25 00:00:00,sector_Other,0.09624287894141396,-1.3484458522941071e-15
2018-05-25 00:00:00,sector_Technology,-0.10143096780699196,6.950146714037819e-16
2018-05-25 00:00:00,sector_Utilities,0.02724150069722611,8.182867903320712e-17
2018-05-25 00:00:00,size_factor,-0.0842894986531126,2.2559574436517304e-15
2018-05-25 00:00:00,smb_beta,-0.002480092510545914,-7.146651869210592e-16
2018-05-25 00:00:00,rmw_beta,0.308647645615845,1.6726173039031055e-17
2018-06-04 00:00:00,market_beta,-0.1090982288254559,-5.3310588422565115e-17
2018-06-04 00:00:00,sector_Consumer Discretionary,0.07889090888829867,3.6284879646942126e-16
2018-06-04 00:00:00,sector_Consumer Staples,-0.0632894300502793,8.407390019400283e-17
2018-06-04 00:00:00,sector_Energy,-0.02942725948640763,4.818961436850573e-17
2018-06-04 00:00:00,sector_Financials,0.006515771541608206,1.6439500207164952e-16
2018-06-04 00:00:00,sector_Healthcare,-0.08150190477156498,1.548845474063475e-16
2018-06-04 00:00:00,sector_Industrials,-0.024288344229509946,8.59515041563505e-17
2018-06-04 00:00:00,sector_Other,0.041695538757814454,-2.9847415903201293e-16
2018-06-04 00:00:00,sector_Technology,-0.00302718836850819,-1.8762802697726604e-16
2018-06-04 00:00:00,sector_Utilities,0.011191259681969223,3.594984235518659e-18
2018-06-04 00:00:00,size_factor,-0.01196243670310228,2.0935942002006171e-16
2018-06-04 00:00:00,smb_beta,-0.05718259165297182,-9.532648425847149e-17
2018-06-04 00:00:00,rmw_beta,0.0736986475826332,3.1359017160848874e-17
2018-06-11 00:00:00,market_beta,0.02277841777223106,-2.2023717754836733e-16
2018-06-11 00:00:00,sector_Consumer Discretionary,-0.1220064406319445,6.157441926997318e-17
2018-06-11 00:00:00,sector_Consumer Staples,-0.1262895588728465,-1.6863696695613885e-16
2018-06-11 00:00:00,sector_Energy,0.0647478735156394,-1.194030476758502e-16
2018-06-11 00:00:00,sector_Financials,0.06711149697651783,-2.3604077374184726e-16
2018-06-11 00:00:00,sector_Healthcare,-0.042013121275322834,1.421932371938839e-17
2018-06-11 00:00:00,sector_Industrials,-0.009689092065575835,-1.1639498641989006e-16
2018-06-11 00:00:00,sector_Other,0.08463087694646175,2.4128618650639204e-16
2018-06-11 00:00:00,sector_Technology,-0.025989006577436597,-2.6658609169579978e-17
2018-06-11 00:00:00,sector_Utilities,-0.0007905726014917201,3.426739117395186e-17
2018-06-11 00:00:00,size_factor,-0.12293789524399372,-6.498449587565583e-16
2018-06-11 00:00:00,smb_beta,0.04248573146099545,4.2222732032137957e-16
2018-06-11 00:00:00,rmw_beta,-0.25547965153145186,-9.181576963063117e-18
2018-06-18 00:00:00,market_beta,-0.046735015969422686,1.0362548468021467e-16
2018-06-18 00:00:00,sector_Consumer Discretionary,-0.09629616073738304,-5.2413467643152316e-17
2018-06-18 00:00:00,sector_Consumer Staples,-0.063291891403249,1.8000744155315418e-16
2018-06-18 00:00:00,sector_Energy,0.1142086422350947,4.5770027478283014e-17
2018-06-18 00:00:00,sector_Financials,0.18708222050086293,-1.3012940830004682e-16
2018-06-18 00:00:00,sector_Healthcare,-0.01878068262538999,-2.3013239409976123e-17
2018-06-18 00:00:00,sector_Industrials,0.07021810580493801,-3.3350515346016366e-17
2018-06-18 00:00:00,sector_Other,0.03827930870975465,-1.5848587794178685e-18
2018-06-18 00:00:00,sector_Technology,-0.15782799994963725,1.0109326686139465e-16
2018-06-18 00:00:00,sector_Utilities,-0.04175708338799205,4.7749650929469125e-17
2018-06-18 00:00:00,size_factor,-0.13143891778049246,-6.890524072336264e-17
2018-06-18 00:00:00,smb_beta,0.061990842313759474,-9.99487971578478e-17
2018-06-18 00:00:00,rmw_beta,-0.12838130122758287,2.981666785766229e-16
2018-06-25 00:00:00,market_beta,0.13543002552877936,-3.0446059645482434e-16
2018-06-25 00:00:00,sector_Consumer Discretionary,-0.007745792840716575,1.245024821715829e-16
2018-06-25 00:00:00,sector_Consumer Staples,-0.1701896366018576,-4.628704425121775e-18
2018-06-25 00:00:00,sector_Energy,0.11400272392945437,8.317431832892416e-17
2018-06-25 00:00:00,sector_Financials,0.1682309561448417,-4.1677802014069956e-16
2018-06-25 00:00:00,sector_Healthcare,0.005951536740669486,4.0021730410861885e-16
2018-06-25 00:00:00,sector_Industrials,0.1021507473918119,3.198718961346594e-16
2018-06-25 00:00:00,sector_Other,-0.06582835798165172,6.534063959120909e-17
2018-06-25 00:00:00,sector_Technology,0.007969489112175815,-3.9849923057483753e-16
2018-06-25 00:00:00,sector_Utilities,-0.0033936917640173376,-6.376378955658847e-17
2018-06-25 00:00:00,size_factor,-0.03918902117284284,-3.89269828257441e-16
2018-06-25 00:00:00,smb_beta,-0.008207420050402247,1.0041124007228414e-17
2018-06-25 00:00:00,rmw_beta,-0.36937455323937995,7.329202171218929e-16
2018-07-02 00:00:00,market_beta,0.17143201905536337,-8.784679020611725e-17
2018-07-02 00:00:00,sector_Consumer Discretionary,-0.011935796702276557,-2.151828256247234e-16
2018-07-02 00:00:00,sector_Consumer Staples,-0.11120733389370224,2.723064801205428e-16
2018-07-02 00:00:00,sector_Energy,0.04513301900339763,-2.05511218998121e-16
2018-07-02 00:00:00,sector_Financials,0.11117438583520048,-1.0620228273789225e-16
2018-07-02 00:00:00,sector_Healthcare,0.053371209967963566,-5.4498539826023644e-17
2018-07-02 00:00:00,sector_Industrials,0.04729268234072193,-6.508563142959205e-17
2018-07-02 00:00:00,sector_Other,-0.018196413354790792,5.028279018876511e-17
2018-07-02 00:00:00,sector_Technology,-0.03054893887217029,1.8128525649722738e-16
2018-07-02 00:00:00,sector_Utilities,-0.1153193624256048,1.8487748065200366e-17
2018-07-02 00:00:00,size_factor,-0.07110362424463387,1.538277314591995e-17
2018-07-02 00:00:00,smb_beta,0.07568127034673325,3.07179486391014e-17
2018-07-02 00:00:00,rmw_beta,-0.28567447321378114,3.4983047751304236e-16
2018-07-10 00:00:00,market_beta,0.36198039664959175,-3.858425719236726e-16
2018-07-10 00:00:00,sector_Consumer Discretionary,0.06322616201539348,-2.262551228267168e-16
2018-07-10 00:00:00,sector_Consumer Staples,-0.14541981016886937,-2.41513884689834e-16
2018-07-10 00:00:00,sector_Energy,0.05164084005058486,-3.819593273141359e-17
2018-07-10 00:00:00,sector_Financials,0.1721642567950011,-6.020732599531631e-19
2018-07-10 00:00:00,sector_Healthcare,-0.07398162120948842,1.3847684978922751e-17
2018-07-10 00:00:00,sector_Industrials,0.09047263381123528,-1.2983381170288592e-16
2018-07-10 00:00:00,sector_Other,-0.06554427485399797,2.736567023128745e-16
2018-07-10 00:00:00,sector_Technology,0.03956479866864858,-1.4714405442029666e-16
2018-07-10 00:00:00,sector_Utilities,-0.09850988363426381,-5.931234558562448e-17
2018-07-10 00:00:00,size_factor,-0.059352031199155775,-6.888382086671291e-16
2018-07-10 00:00:00,smb_beta,0.09982345135128379,1.9958991292895332e-16
2018-07-10 00:00:00,rmw_beta,-0.3480387052971594,1.1746747598129425e-16
2018-07-17 00:00:00,market_beta,0.1940582334188208,-2.6075542297024556e-16
2018-07-17 00:00:00,sector_Consumer Discretionary,0.03201688361374099,-1.2750311173633934e-16
2018-07-17 00:00:00,sector_Consumer Staples,-0.08700286414941205,1.643005659567595e-16
2018-07-17 00:00:00,sector_Energy,-0.012006360500250007,1.7764115339569767e-16
2018-07-17 00:00:00,sector_Financials,0.05542281554063701,1.7662261228111035e-16
2018-07-17 00:00:00,sector_Healthcare,-0.06961445544453189,1.9077703765555472e-17
2018-07-17 00:00:00,sector_Industrials,-0.010509454320954709,1.0562613831044971e-16
2018-07-17 00:00:00,sector_Other,0.017050158031034157,2.3309873196613842e-17
2018-07-17 00:00:00,sector_Technology,0.058184036810488136,-3.8270465839380237e-16
2018-07-17 00:00:00,sector_Utilities,-0.047902891159252,1.3941514978000722e-16
2018-07-17 00:00:00,size_factor,-0.08057577105926698,-3.288055227216861e-16
2018-07-17 00:00:00,smb_beta,0.25223159322168437,-7.279067061112837e-16
2018-07-17 00:00:00,rmw_beta,-0.09813488705968726,1.6567667503767547e-16
2018-07-24 00:00:00,market_beta,-0.03192087652909087,8.554204614797776e-18
2018-07-24 00:00:00,sector_Consumer Discretionary,-0.014580353640773161,2.6482761008672633e-16
2018-07-24 00:00:00,sector_Consumer Staples,-0.07330634548831041,-7.56649864933543e-18
2018-07-24 00:00:00,sector_Energy,0.01099912042143467,-3.326398315125433e-16
2018-07-24 00:00:00,sector_Financials,-0.04104003441540604,-3.5498355897155506e-17
2018-07-24 00:00:00,sector_Healthcare,-0.037166644816150875,2.8199628516431943e-17
2018-07-24 00:00:00,sector_Industrials,-0.0021406515277770048,-2.0197317459970617e-16
2018-07-24 00:00:00,sector_Other,0.0675518393061738,-1.6964213673368056e-16
2018-07-24 00:00:00,sector_Technology,0.013727002709276029,3.129384343224535e-16
2018-07-24 00:00:00,sector_Utilities,0.031421474293280814,-2.7618377905758072e-17
2018-07-24 00:00:00,size_factor,-0.11746430744669631,1.4016135897562346e-16
2018-07-24 00:00:00,smb_beta,0.3050803148718921,6.496709637870052e-16
2018-07-24 00:00:00,rmw_beta,-0.13252532749058757,3.622738685642558e-18
2018-07-31 00:00:00,market_beta,-0.12936043305645029,4.180666771822843e-16
2018-07-31 00:00:00,sector_Consumer Discretionary,0.059727006758364884,4.76723573515242e-16
2018-07-31 00:00:00,sector_Consumer Staples,-0.04799159289209827,-1.172780220406213e-16
2018-07-31 00:00:00,sector_Energy,0.055144524059579376,-8.689156553192578e-18
2018-07-31 00:00:00,sector_Financials,-0.13990736266130582,5.797987516813244e-16
2018-07-31 00:00:00,sector_Healthcare,-0.05284480075712632,-4.877461800266081e-16
2018-07-31 00:00:00,sector_Industrials,-0.023612428021883226,1.5349680706325587e-16
2018-07-31 00:00:00,sector_Other,0.06890731142614702,-3.574468661894954e-16
2018-07-31 00:00:00,sector_Technology,0.03880498722313074,2.6079020824526397e-16
2018-07-31 00:00:00,sector_Utilities,0.047430690477115636,-4.010130389139021e-17
2018-07-31 00:00:00,size_factor,-0.07772668561971414,6.169537014547555e-16
2018-07-31 00:00:00,smb_beta,0.2572602214803674,-3.534914592538238e-16
2018-07-31 00:00:00,rmw_beta,-0.14765110148612107,-4.751593414765394e-16
2018-08-07 00:00:00,market_beta,-0.09419582476070812,6.061784466692681e-16
2018-08-07 00:00:00,sector_Consumer Discretionary,0.005066104109128594,9.301577592195109e-17
2018-08-07 00:00:00,sector_Consumer Staples,-0.12570256426203885,-4.763570007314167e-16
2018-08-07 00:00:00,sector_Energy,0.05224443694288681,1.4171258541795785e-16
2018-08-07 00:00:00,sector_Financials,-0.23850983441489176,-1.4257591088358228e-16
2018-08-07 00:00:00,sector_Healthcare,-0.0541537167759215,-6.139069560861043e-16
2018-08-07 00:00:00,sector_Industrials,0.005065133372768535,-1.5078011479149954e-16
2018-08-07 00:00:00,sector_Other,0.18688272131640712,2.5090780246706567e-16
2018-08-07 00:00:00,sector_Technology,-0.006959474598480629,3.76519599018315e-16
2018-08-07 00:00:00,sector_Utilities,0.005772093341615623,-8.171205905693778e-18
2018-08-07 00:00:00,size_factor,-0.15184206868577743,5.199009938985268e-16
2018-08-07 00:00:00,smb_beta,0.3577754449103552,2.98495407579084e-16
2018-08-07 00:00:00,rmw_beta,-0.2122114500523616,-4.792668333648383e-16
2018-08-14 00:00:00,market_beta,0.07545168109967534,4.5574668102012807e-17
2018-08-14 00:00:00,sector_Consumer Discretionary,0.036884845227351436,1.30595726670021e-16
2018-08-14 00:00:00,sector_Consumer Staples,-0.06374830918801584,6.437886199694204e-18
2018-08-14 00:00:00,sector_Energy,0.02714609676397298,1.9551973406459902e-17
2018-08-14 00:00:00,sector_Financials,-0.09502946923538677,2.2909049180008123e-17
2018-08-14 00:00:00,sector_Healthcare,-0.0821347332004276,-6.191634913515709e-17
2018-08-14 00:00:00,sector_Industrials,-0.038742824081487444,5.824671004131136e-17
2018-08-14 00:00:00,sector_Other,0.05956859288538986,-1.4827308372862917e-16
2018-08-14 00:00:00,sector_Technology,0.05898453397139041,1.147821531954252e-16
2018-08-14 00:00:00,sector_Utilities,0.04968148774955623,9.143700314620081e-17
2018-08-14 00:00:00,size_factor,-0.011807826305320703,3.5312244273252214e-16
2018-08-14 00:00:00,smb_beta,0.228641416229581,-4.1749044694044316e-17
2018-08-14 00:00:00,rmw_beta,-0.16056691270934184,-9.556370074203573e-17
2018-08-21 00:00:00,market_beta,0.10508296821757997,1.1432705871059944e-16
2018-08-21 00:00:00,sector_Consumer Discretionary,0.0012557615681357587,3.339062963665803e-16
2018-08-21 00:00:00,sector_Consumer Staples,-0.09174536070955275,9.931135945069225e-17
2018-08-21 00:00:00,sector_Energy,0.02459354386205991,2.7508328054579455e-16
2018-08-21 00:00:00,sector_Financials,-0.0888436965909057,2.4965708696498594e-16
2018-08-21 00:00:00,sector_Healthcare,-0.08402966646294871,3.142583817052518e-16
2018-08-21 00:00:00,sector_Industrials,0.015581091732021204,1.875695219690545e-16
2018-08-21 00:00:00,sector_Other,0.1036979545148971,-7.031945900172296e-16
2018-08-21 00:00:00,sector_Technology,0.012171560727614552,1.9796600312730934e-16
2018-08-21 00:00:00,sector_Utilities,-0.06384573855525755,8.759710720575376e-17
2018-08-21 00:00:00,size_factor,-0.06761509697208441,1.0409866722123198e-15
2018-08-21 00:00:00,smb_beta,0.32482386399253316,-6.061015585740951e-16
2018-08-21 00:00:00,rmw_beta,-0.33851598206315425,5.1213483618790096e-17
2018-08-28 00:00:00,market_beta,-0.09410493642886746,2.903605651563891e-16
2018-08-28 00:00:00,sector_Consumer Discretionary,-0.037315338948582556,3.6317318726435898e-16
2018-08-28 00:00:00,sector_Consumer Staples,0.10639960191388131,-3.134135576748402e-17
2018-08-28 00:00:00,sector_Energy,0.0488492086251726,1.6958732564675555e-16
2018-08-28 00:00:00,sector_Financials,-0.013371084121259126,5.17356483231769e-16
2018-08-28 00:00:00,sector_Healthcare,-0.042406114697466586,1.4358900588190578e-16
2018-08-28 00:00:00,sector_Industrials,0.14549417853842508,2.796471302584687e-16
2018-08-28 00:00:00,sector_Other,0.013185240185149763,-1.1592316521847657e-15
2018-08-28 00:00:00,sector_Technology,-0.130516389347513,9.760035555211409e-16
2018-08-28 00:00:00,sector_Utilities,-0.004451942999361715,1.1716596034929736e-16
2018-08-28 00:00:00,size_factor,-0.04630083349688768,2.0234849491997e-15
2018-08-28 00:00:00,smb_beta,-0.2674200281531989,-2.577175307869835e-16
2018-08-28 00:00:00,rmw_beta,0.2355253892356426,-2.1668266567957861e-16
2018-09-05 00:00:00,market_beta,-0.06926123370118971,5.341906478284612e-17
2018-09-05 00:00:00,sector_Consumer Discretionary,-0.07828368322732293,1.7247461814359062e-16
2018-09-05 00:00:00,sector_Consumer Staples,0.09923917059830867,1.728426536035409e-16
2018-09-05 00:00:00,sector_Energy,0.0844441726367357,9.565651989693112e-17
2018-09-05 00:00:00,sector_Financials,0.0007757123449962979,8.410924911477887e-17
2018-09-05 00:00:00,sector_Healthcare,0.024797836846674397,-4.122537843935641e-16
2018-09-05 00:00:00,sector_Industrials,0.028214581350217444,1.9529620012509316e-16
2018-09-05 00:00:00,sector_Other,-0.057495721984320104,2.0631922054480623e-16
2018-09-05 00:00:00,sector_Technology,-0.00025697756780733715,-4.402138209999804e-16
2018-09-05 00:00:00,sector_Utilities,0.02875909485478088,-8.680947589440886e-17
2018-09-05 00:00:00,size_factor,0.029155102539417742,-4.641180656550279e-16
2018-09-05 00:00:00,smb_beta,-0.10291073234599744,2.3029300410504173e-17
2018-09-05 00:00:00,rmw_beta,0.00817446722858506,-1.223495183276959e-16
2018-09-12 00:00:00,market_beta,-0.166545926301117,-1.7171396341577833e-15
2018-09-12 00:00:00,sector_Consumer Discretionary,-0.09612214233715878,-5.178524743738094e-17
2018-09-12 00:00:00,sector_Consumer Staples,0.10960934315686262,4.0571739085958405e-16
2018-09-12 00:00:00,sector_Energy,-0.008982218342624226,1.0845493860699912e-17
2018-09-12 00:00:00,sector_Financials,0.005579387325809432,4.993825682289256e-17
2018-09-12 00:00:00,sector_Healthcare,0.010800095157812287,2.4969128411446285e-16
2018-09-12 00:00:00,sector_Industrials,-0.07074001670258814,2.89877878980065e-16
2018-09-12 00:00:00,sector_Other,0.010555389624899263,-3.3846425625949414e-16
2018-09-12 00:00:00,sector_Technology,-0.019514324099738925,-2.1620099033743992e-16
2018-09-12 00:00:00,sector_Utilities,0.0571846422498912,2.506141861580995e-16
2018-09-12 00:00:00,size_factor,0.025693439453002228,3.169411941688392e-17
2018-09-12 00:00:00,smb_beta,-0.049649675858427,-1.4822866043033227e-15
2018-09-12 00:00:00,rmw_beta,0.0032289493606652837,2.2752907235781664e-15
2018-09-19 00:00:00,market_beta,-0.18041599494340022,-2.4267068676865054e-15
2018-09-19 00:00:00,sector_Consumer Discretionary,-0.016310946637838,1.2725037957817969e-17
2018-09-19 00:00:00,sector_Consumer Staples,0.18178111929475943,6.814067470447307e-16
2018-09-19 00:00:00,sector_Energy,0.014046078767738954,-1.8230245995514177e-16
2018-09-19 00:00:00,sector_Financials,-0.001932566460647476,-5.484846650178295e-17
2018-09-19 00:00:00,sector_Healthcare,-0.004544583251818607,7.173683613086302e-16
2018-09-19 00:00:00,sector_Industrials,-0.06950268928475131,1.454721585802873e-16
2018-09-19 00:00:00,sector_Other,-0.012084642388359079,-2.8275136849191697e-16
2018-09-19 00:00:00,sector_Technology,-0.06487256901364429,-5.207751206368336e-16
2018-09-19 00:00:00,sector_Utilities,0.047132208816037066,1.6500921162502064e-16
2018-09-19 00:00:00,size_factor,-0.029629039322566202,4.001403889147435e-16
2018-09-19 00:00:00,smb_beta,0.05388643778787209,-2.0574524412818756e-15
2018-09-19 00:00:00,rmw_beta,-0.023422628598749624,3.474115113923409e-15
2018-09-26 00:00:00,market_beta,-0.032335469805712974,-1.4856870808756658e-15
2018-09-26 00:00:00,sector_Consumer Discretionary,-0.0920953285767875,-1.5126997938255464e-16
2018-09-26 00:00:00,sector_Consumer Staples,0.06322348852616716,4.839208761873489e-16
2018-09-26 00:00:00,sector_Energy,-0.03664087408249792,-3.3075753765187514e-17
2018-09-26 00:00:00,sector_Financials,-0.032269594627572874,-1.2907006491113473e-16
2018-09-26 00:00:00,sector_Healthcare,-0.08368300974482787,2.773089513437251e-16
2018-09-26 00:00:00,sector_Industrials,-0.07264740717589255,-1.874747728822905e-18
2018-09-26 00:00:00,sector_Other,0.13350916257213702,1.3910362679353292e-17
2018-09-26 00:00:00,sector_Technology,-0.06971641104343966,-4.254119050523832e-16
2018-09-26 00:00:00,sector_Utilities,-0.004233978772157423,2.0140237845997587e-16
2018-09-26 00:00:00,size_factor,-0.05512846710197345,-5.04509854929731e-16
2018-09-26 00:00:00,smb_beta,0.18355439009952637,-1.7852770250321605e-15
2018-09-26 00:00:00,rmw_beta,-0.13224240508333168,2.921140710861309e-15
2018-10-03 00:00:00,market_beta,-0.13927682463740526,-2.037786535331153e-15
2018-10-03 00:00:00,sector_Consumer Discretionary,0.020013521735323815,-1.4323787888474634e-16
2018-10-03 00:00:00,sector_Consumer Staples,0.035933579790802146,6.851881489614706e-16
2018-10-03 00:00:00,sector_Energy,-0.1205740354910559,-2.81413115106332e-16
2018-10-03 00:00:00,sector_Financials,-0.003458229680331919,-4.753038090807211e-16
2018-10-03 00:00:00,sector_Healthcare,-0.04348528461783861,6.317983965603599e-16
2018-10-03 00:00:00,sector_Industrials,-0.12333385597866703,1.9365059461939393e-16
2018-10-03 00:00:00,sector_Other,0.10870495215199052,1.0589282074329099e-16
2018-10-03 00:00:00,sector_Technology,-0.0680517556376618,-7.301148835044256e-16
2018-10-03 00:00:00,sector_Utilities,0.015104792347360745,2.8261501158311373e-16
2018-10-03 00:00:00,size_factor,-0.07566848375409356,-3.7151254780076553e-16
2018-10-03 00:00:00,smb_beta,0.2935171873350941,-1.3568822511120746e-15
2018-10-03 00:00:00,rmw_beta,-0.06439317278814732,3.4867598352851128e-15
2018-10-10 00:00:00,market_beta,0.14539895444336715,-2.3628578541047524e-15
2018-10-10 00:00:00,sector_Consumer Discretionary,0.06674856122064933,2.2656065095133015e-17
2018-10-10 00:00:00,sector_Consumer Staples,-0.01101053593313153,6.111226810752303e-16
2018-10-10 00:00:00,sector_Energy,-0.08560946011006375,7.973000500179778e-18
2018-10-10 00:00:00,sector_Financials,-0.054573775367888294,-2.875979803669249e-16
2018-10-10 00:00:00,sector_Healthcare,-0.09651921874629285,7.522052686970803e-16
2018-10-10 00:00:00,sector_Industrials,-0.08260343676519932,4.1746294145997594e-16
2018-10-10 00:00:00,sector_Other,0.09152884084223806,7.65921923413387e-18
2018-10-10 00:00:00,sector_Technology,0.02612779252626443,-1.1439731767405409e-15
2018-10-10 00:00:00,sector_Utilities,0.01736436167826622,2.9277694729383826e-16
2018-10-10 00:00:00,size_factor,-0.06875265979717791,-1.8917519816482172e-16
2018-10-10 00:00:00,smb_beta,0.3386214897300932,-1.6562170758347125e-15
2018-10-10 00:00:00,rmw_beta,-0.18171933122901401,3.432205045930347e-15
2018-10-17 00:00:00,market_beta,-0.07133004984119028,-9.132695631234865e-16
2018-10-17 00:00:00,sector_Consumer Discretionary,0.03555972846362697,1.8519955205112093e-16
2018-10-17 00:00:00,sector_Consumer Staples,0.0621225991208547,2.4079833758809115e-16
2018-10-17 00:00:00,sector_Energy,-0.013590880657153635,-8.775650373983052e-17
2018-10-17 00:00:00,sector_Financials,-0.07427199887875274,-2.791918638526964e-16
2018-10-17 00:00:00,sector_Healthcare,0.0047657562871034976,1.4772056288502455e-17
2018-10-17 00:00:00,sector_Industrials,-0.04226878683699747,1.6632518663959694e-16
2018-10-17 00:00:00,sector_Other,0.0597970824294914,7.270775845673261e-17
2018-10-17 00:00:00,sector_Technology,-0.07206637985474039,-2.3984903757403057e-16
2018-10-17 00:00:00,sector_Utilities,-0.0016935362669435758,9.381553816372425e-17
2018-10-17 00:00:00,size_factor,-0.08642299383248168,9.235274344485472e-17
2018-10-17 00:00:00,smb_beta,-0.013858580164493341,-3.5931329403306313e-16
2018-10-17 00:00:00,rmw_beta,0.13082168414489878,1.2536434537364797e-15
2018-10-24 00:00:00,market_beta,0.4387273017818132,-4.1291368558305896e-17
2018-10-24 00:00:00,sector_Consumer Discretionary,0.08572015161920393,2.2791352990537174e-16
2018-10-24 00:00:00,sector_Consumer Staples,-0.11791950611254805,2.196936835246428e-16
2018-10-24 00:00:00,sector_Energy,-0.07352961510623111,1.4103171805774607e-16
2018-10-24 00:00:00,sector_Financials,-0.046448340283582315,2.8301301188042316e-16
2018-10-24 00:00:00,sector_Healthcare,0.021113100099663617,7.098988592318308e-17
2018-10-24 00:00:00,sector_Industrials,-0.0750407137444023,1.3232101368012286e-16
2018-10-24 00:00:00,sector_Other,0.06034174192369153,-1.5529367303803381e-16
2018-10-24 00:00:00,sector_Technology,0.030111170971676333,-2.4980457788906082e-16
2018-10-24 00:00:00,sector_Utilities,-0.10820710530566413,-1.0339964853176188e-16
2018-10-24 00:00:00,size_factor,-0.07043856050890773,8.275852236193906e-16
2018-10-24 00:00:00,smb_beta,0.4261170927298125,-4.988703612488623e-17
2018-10-24 00:00:00,rmw_beta,-0.19366912804116718,-2.359179843742475e-16
2018-10-31 00:00:00,market_beta,0.1973427569510932,-2.273113671505303e-16
2018-10-31 00:00:00,sector_Consumer Discretionary,-0.00655532255968173,1.0852364236507129e-16
2018-10-31 00:00:00,sector_Consumer Staples,-0.07799965938340894,-2.0096383660886963e-17
2018-10-31 00:00:00,sector_Energy,0.02176901309825363,-4.338890798887127e-17
2018-10-31 00:00:00,sector_Financials,-0.13529446042771304,2.256829971709113e-16
2018-10-31 00:00:00,sector_Healthcare,0.028917592372210657,2.0704251362877118e-16
2018-10-31 00:00:00,sector_Industrials,0.06849132121660531,1.0743122038857296e-17
2018-10-31 00:00:00,sector_Other,0.004485189028730466,-8.569875432256738e-17
2018-10-31 00:00:00,sector_Technology,0.10194698984936135,-3.554799559587336e-16
2018-10-31 00:00:00,sector_Utilities,-0.05838864950290174,-4.742926704690076e-17
2018-10-31 00:00:00,size_factor,-0.07329884891165701,-3.370086652649932e-16
2018-10-31 00:00:00,smb_beta,0.0443782473646991,-1.021592779459648e-16
2018-10-31 00:00:00,rmw_beta,0.06883996229071249,3.123059302323143e-17
2018-11-07 00:00:00,market_beta,0.2305292405859273,-1.6302405916625036e-16
2018-11-07 00:00:00,sector_Consumer Discretionary,-0.17384825981470278,-1.1450290433974542e-16
2018-11-07 00:00:00,sector_Consumer Staples,-0.21547417165527086,-6.12322909395821e-17
2018-11-07 00:00:00,sector_Energy,0.02087769831695743,-1.2864601229462527e-16
2018-11-07 00:00:00,sector_Financials,-0.017234410159555683,1.6378818926541065e-16
2018-11-07 00:00:00,sector_Healthcare,0.07740906017453009,4.895242510629128e-17
2018-11-07 00:00:00,sector_Industrials,0.183919960158286,1.031322800838535e-16
2018-11-07 00:00:00,sector_Other,0.024671549540513992,4.152745194784494e-16
2018-11-07 00:00:00,sector_Technology,0.04108427217200715,-8.218710677493325e-16
2018-11-07 00:00:00,sector_Utilities,-0.024519589040636433,4.4652734175698745e-17
2018-11-07 00:00:00,size_factor,0.07783211984295496,-5.65762197693493e-16
2018-11-07 00:00:00,smb_beta,-0.06541150999161556,-3.049856322294467e-17
2018-11-07 00:00:00,rmw_beta,-0.23203319327008054,-1.0306977951021694e-16
2018-11-14 00:00:00,market_beta,0.4080313613845766,5.053951796095804e-16
2018-11-14 00:00:00,sector_Consumer Discretionary,0.005102206029491619,2.7082149990226897e-16
2018-11-14 00:00:00,sector_Consumer Staples,-0.09526238338697443,1.11458921666955e-16
2018-11-14 00:00:00,sector_Energy,-0.011514393532687987,3.0588083602274944e-17
2018-11-14 00:00:00,sector_Financials,-0.06809709659061171,-5.75471013145576e-17
2018-11-14 00:00:00,sector_Healthcare,0.025447515958716777,-1.6812780580135457e-16
2018-11-14 00:00:00,sector_Industrials,0.1201177131667191,-1.7174340284574467e-17
2018-11-14 00:00:00,sector_Other,-0.060782753385497074,-2.7074952207014156e-16
2018-11-14 00:00:00,sector_Technology,0.1333364213902082,3.77753558721388e-16
2018-11-14 00:00:00,sector_Utilities,-0.02683617446330706,-3.629021908080141e-17
2018-11-14 00:00:00,size_factor,0.048463378705101055,4.089258997589017e-16
2018-11-14 00:00:00,smb_beta,0.12859832970163368,-2.6113966761810416e-16
2018-11-14 00:00:00,rmw_beta,-0.3745736733842146,-4.416859741637347e-16
2018-11-21 00:00:00,market_beta,-0.0958166609557769,1.875266954023328e-16
2018-11-21 00:00:00,sector_Consumer Discretionary,0.043350335849668756,-3.416348562729539e-17
2018-11-21 00:00:00,sector_Consumer Staples,0.08147494768256296,-1.2377812373305108e-16
2018-11-21 00:00:00,sector_Energy,-0.06115137603162275,2.28314040015429e-17
2018-11-21 00:00:00,sector_Financials,-0.09871034032758942,2.968880713712439e-16
2018-11-21 00:00:00,sector_Healthcare,0.022194986354635862,1.62809587526166e-16
2018-11-21 00:00:00,sector_Industrials,0.18568494004376132,2.177716964348307e-16
2018-11-21 00:00:00,sector_Other,-0.14030958002730776,-3.2029644873629127e-16
2018-11-21 00:00:00,sector_Technology,0.12396257609617066,2.1801945769852603e-16
2018-11-21 00:00:00,sector_Utilities,0.026183839520968703,1.247642772092428e-17
2018-11-21 00:00:00,size_factor,0.1501854474242418,-1.3285694256960232e-17
2018-11-21 00:00:00,smb_beta,-0.2782910784276924,1.6769548811186813e-17
2018-11-21 00:00:00,rmw_beta,0.16832715258243736,-2.7555859687626404e-16
2018-11-29 00:00:00,market_beta,0.10433432097422579,-3.4920686404855366e-16
2018-11-29 00:00:00,sector_Consumer Discretionary,0.046946221037723765,-1.8229544600253742e-16
2018-11-29 00:00:00,sector_Consumer Staples,0.08608020472965221,-1.2071362047961484e-16
2018-11-29 00:00:00,sector_Energy,-0.01963145239125594,4.557258809940838e-17
2018-11-29 00:00:00,sector_Financials,-0.039846060379852465,-5.5185704673822236e-17
2018-11-29 00:00:00,sector_Healthcare,0.029716641886420266,-1.1046672144552673e-16
2018-11-29 00:00:00,sector_Industrials,0.13169721640222182,-1.2815016789747074e-16
2018-11-29 00:00:00,sector_Other,-0.08724189899570607,7.105427205803618e-16
2018-11-29 00:00:00,sector_Technology,0.0037952138514978175,-7.024606581255432e-16
2018-11-29 00:00:00,sector_Utilities,-0.024594975585966086,5.017134867702817e-17
2018-11-29 00:00:00,size_factor,0.10071843084652017,-1.6421840851617618e-16
2018-11-29 00:00:00,smb_beta,-0.1100934052199789,2.3251483359018755e-16
2018-11-29 00:00:00,rmw_beta,-0.16182685664602708,-1.278144014510808e-16
2018-12-07 00:00:00,market_beta,0.22030267246394178,2.5769763073136913e-16
2018-12-07 00:00:00,sector_Consumer Discretionary,0.10592256410959844,2.355931375334576e-16
2018-12-07 00:00:00,sector_Consumer Staples,0.12077383144806157,-1.3218474733450304e-16
2018-12-07 00:00:00,sector_Energy,-0.07007282299244341,-7.187385759916773e-17
2018-12-07 00:00:00,sector_Financials,-0.03671334430002992,1.2907764728960182e-16
2018-12-07 00:00:00,sector_Healthcare,-0.019603853175254336,-4.160694375398867e-16
2018-12-07 00:00:00,sector_Industrials,0.05029152839433449,2.1265301065134454e-16
2018-12-07 00:00:00,sector_Other,-0.0488820251067747,-1.9496241895267597e-18
2018-12-07 00:00:00,sector_Technology,-0.015909910482401063,1.4365756360840014e-17
2018-12-07 00:00:00,sector_Utilities,-0.04605920829460673,-4.891482029024239e-18
2018-12-07 00:00:00,size_factor,0.09571771500024188,2.788773212358844e-16
2018-12-07 00:00:00,smb_beta,-0.023384684211664033,4.275434665972767e-18
2018-12-07 00:00:00,rmw_beta,-0.08582321825407412,-2.0538532756984133e-16
2018-12-14 00:00:00,market_beta,-0.3822000566749216,-1.1003924695552374e-16
2018-12-14 00:00:00,sector_Consumer Discretionary,0.06745332483865335,-6.554994539891257e-16
2018-12-14 00:00:00,sector_Consumer Staples,0.19653443990220915,-4.0384944119293365e-16
2018-12-14 00:00:00,sector_Energy,-0.02261124234342647,-2.1611395241570893e-16
2018-12-14 00:00:00,sector_Financials,0.13088348851762607,-9.491002896020228e-16
2018-12-14 00:00:00,sector_Healthcare,-0.044753341281213846,-5.488155680430127e-16
2018-12-14 00:00:00,sector_Industrials,0.08999213216125161,-3.6472099707989435e-16
2018-12-14 00:00:00,sector_Other,-0.07222957882770296,2.126992431253778e-15
2018-12-14 00:00:00,sector_Technology,-0.16451932722320292,-1.2496681300169455e-15
2018-12-14 00:00:00,sector_Utilities,-0.02812205646838837,-2.5696599674987955e-16
2018-12-14 00:00:00,size_factor,0.07537598286800931,-2.880326943334553e-15
2018-12-14 00:00:00,smb_beta,-0.3519674503368079,1.104943538864095e-15
2018-12-14 00:00:00,rmw_beta,0.25598577375927634,-1.6761161848245107e-16
2018-12-21 00:00:00,market_beta,-0.34442973010275957,9.340257221482371e-18
2018-12-21 00:00:00,sector_Consumer Discretionary,-0.05350535130835934,-3.516949172147426e-16
2018-12-21 00:00:00,sector_Consumer Staples,0.09599015498562129,-1.6730135790539483e-16
2018-12-21 00:00:00,sector_Energy,-0.031427459672984895,-1.0259047730846423e-16
2018-12-21 00:00:00,sector_Financials,0.18623712817698113,-2.4834044710554232e-17
2018-12-21 00:00:00,sector_Healthcare,0.0006937601430248519,-5.631381969576384e-17
2018-12-21 00:00:00,sector_Industrials,-0.04341012106567884,-2.1667802556773021e-16
2018-12-21 00:00:00,sector_Other,0.003522633464420455,5.440637547911762e-16
2018-12-21 00:00:00,sector_Technology,-0.15228484192031821,-2.4852894632745323e-16
2018-12-21 00:00:00,sector_Utilities,-0.004644528223409513,-1.840591884430724e-16
2018-12-21 00:00:00,size_factor,-0.01070609902534076,-1.1569041853490287e-15
2018-12-21 00:00:00,smb_beta,-0.17350592936559947,5.819649874838286e-16
2018-12-21 00:00:00,rmw_beta,0.10332638278794351,2.6369060952006964e-16
2018-12-31 00:00:00,market_beta,-0.3594565991384142,1.6426582645427289e-16
2018-12-31 00:00:00,sector_Consumer Discretionary,-0.05647740462043638,-2.246834718761464e-16
2018-12-31 00:00:00,sector_Consumer Staples,0.10787311589698188,-1.6235625409303693e-16
2018-12-31 00:00:00,sector_Energy,-0.037766294774904736,-2.8621018367853303e-16
2018-12-31 00:00:00,sector_Financials,0.13700833137927823,-9.603900583838746e-17
2018-12-31 00:00:00,sector_Healthcare,0.050675019103430856,-1.331740880958973e-16
2018-12-31 00:00:00,sector_Industrials,-0.011649045151971824,-1.4794253501807675e-16
2018-12-31 00:00:00,sector_Other,0.036116694034206406,7.26936564210218e-16
2018-12-31 00:00:00,sector_Technology,-0.22036696092737235,-4.511787810380712e-16
2018-12-31 00:00:00,sector_Utilities,-0.03948951881536017,-1.5145038097859133e-16
2018-12-31 00:00:00,size_factor,-0.05276983660228355,-6.330740818856315e-16
2018-12-31 00:00:00,smb_beta,-0.11584341955142413,6.208152316027588e-16
2018-12-31 00:00:00,rmw_beta,0.1253190507368627,-1.953633109154049e-16
2019-01-08 00:00:00,market_beta,0.030337054784649854,5.483714381342059e-16
2019-01-08 00:00:00,sector_Consumer Discretionary,0.06591638748764421,2.3039798268432837e-16
2019-01-08 00:00:00,sector_Consumer Staples,0.0969238618592752,1.2191015297588724e-17
2019-01-08 00:00:00,sector_Energy,-0.0006575829294268319,-5.863718424420408e-17
2019-01-08 00:00:00,sector_Financials,0.013291123314106309,-2.878840865861186e-17
2019-01-08 00:00:00,sector_Healthcare,0.0361229139003209,4.5341743637313686e-17
2019-01-08 00:00:00,sector_Industrials,-0.10993280762500166,2.9063043813004646e-16
2019-01-08 00:00:00,sector_Other,0.0055343126550107865,-6.257949444034217e-16
2019-01-08 00:00:00,sector_Technology,-0.10220415671438715,8.008039150335878e-16
2019-01-08 00:00:00,sector_Utilities,-0.008296590147606314,1.4870704896683915e-17
2019-01-08 00:00:00,size_factor,0.03382355611411661,1.1693547352969755e-15
2019-01-08 00:00:00,smb_beta,0.07722609328657838,-1.1265756047279546e-16
2019-01-08 00:00:00,rmw_beta,0.014232442371797062,2.7512310673540142e-17
2019-01-15 00:00:00,market_beta,-0.2915528648510485,4.4346580191631516e-16
2019-01-15 00:00:00,sector_Consumer Discretionary,0.028145843301427016,-7.535523751939644e-18
2019-01-15 00:00:00,sector_Consumer Staples,0.09234398552855091,-1.514118339021254e-17
2019-01-15 00:00:00,sector_Energy,0.08737802518067729,-3.264188532066436e-16
2019-01-15 00:00:00,sector_Financials,-0.12074026416345862,-2.1028994127608763e-16
2019-01-15 00:00:00,sector_Healthcare,0.09661718248962814,-2.0918894681914475e-16
2019-01-15 00:00:00,sector_Industrials,-0.07515863089707217,-4.2360076004047944e-16
2019-01-15 00:00:00,sector_Other,-0.060685273206120674,2.916768996775918e-17
2019-01-15 00:00:00,sector_Technology,0.041281287079782736,6.615912535926399e-16
2019-01-15 00:00:00,sector_Utilities,0.020076247308558247,-8.74092884527678e-17
2019-01-15 00:00:00,size_factor,0.015421523209125135,-9.572896191530652e-17
2019-01-15 00:00:00,smb_beta,-0.34969066539013255,8.519636897191606e-16
2019-01-15 00:00:00,rmw_beta,0.32927611456126377,3.485524109403886e-16
2019-01-23 00:00:00,market_beta,-0.33734897746043824,-4.984609285643837e-16
2019-01-23 00:00:00,sector_Consumer Discretionary,0.09809828126056773,-8.458519694282761e-16
2019-01-23 00:00:00,sector_Consumer Staples,0.10207452120664173,-8.060855309555566e-16
2019-01-23 00:00:00,sector_Energy,0.021303186861723368,-1.8521831833662373e-16
2019-01-23 00:00:00,sector_Financials,-0.17351005562135952,-1.0304620993066585e-15
2019-01-23 00:00:00,sector_Healthcare,0.20898301651224477,-8.925833677092887e-16
2019-01-23 00:00:00,sector_Industrials,-0.024440870007537998,-7.4036328688792e-16
2019-01-23 00:00:00,sector_Other,-0.13937777101127707,2.6594230166481927e-15
2019-01-23 00:00:00,sector_Technology,0.05221019703115314,-1.3998928218929984e-15
2019-01-23 00:00:00,sector_Utilities,0.08891984213668012,-1.7800761067518013e-16
2019-01-23 00:00:00,size_factor,0.011622774102035422,-5.295440296955143e-15
2019-01-23 00:00:00,smb_beta,-0.41857244110132663,1.7140559721817867e-15
2019-01-23 00:00:00,rmw_beta,0.2767504292314643,-2.1701359641813756e-16
2019-01-30 00:00:00,market_beta,-0.34092516606231765,1.6663543106278372e-16
2019-01-30 00:00:00,sector_Consumer Discretionary,0.06353669396324109,6.755716682597596e-17
2019-01-30 00:00:00,sector_Consumer Staples,0.11248593751426414,9.380621630645825e-17
2019-01-30 00:00:00,sector_Energy,0.011049242696751506,1.929422908007804e-17
2019-01-30 00:00:00,sector_Financials,-0.11321707661825064,-2.500549493948322e-16
2019-01-30 00:00:00,sector_Healthcare,0.2039421076508808,-2.994078999332859e-16
2019-01-30 00:00:00,sector_Industrials,0.003945123884067844,-3.5438279286201916e-16
2019-01-30 00:00:00,sector_Other,-0.09040633226830272,-4.5657502945875775e-17
2019-01-30 00:00:00,sector_Technology,-0.06341146247078362,6.08547264895684e-16
2019-01-30 00:00:00,sector_Utilities,0.046689305851471796,7.702426247499841e-17
2019-01-30 00:00:00,size_factor,0.030814280366022646,0.0
2019-01-30 00:00:00,smb_beta,-0.3121643833099282,5.988416929995729e-17
2019-01-30 00:00:00,rmw_beta,0.14334013949160815,-8.949117209153941e-17
2019-02-06 00:00:00,market_beta,-0.07494966016364625,-8.366773129394224e-17
2019-02-06 00:00:00,sector_Consumer Discretionary,0.11801305156799198,3.502182827400444e-18
2019-02-06 00:00:00,sector_Consumer Staples,0.05630269610361459,-7.929454466800333e-18
2019-02-06 00:00:00,sector_Energy,0.020119253285810424,7.418504702904694e-17
2019-02-06 00:00:00,sector_Financials,-0.07103999839749373,-3.050720885545163e-16
2019-02-06 00:00:00,sector_Healthcare,0.14896569230874523,-5.853781773001789e-16
2019-02-06 00:00:00,sector_Industrials,0.0022423810293227624,-2.2213222669052203e-16
2019-02-06 00:00:00,sector_Other,-0.12143931344403418,4.3456247201991853e-16
2019-02-06 00:00:00,sector_Technology,0.011247473802321804,6.07677389543978e-17
2019-02-06 00:00:00,sector_Utilities,0.0013039968473901157,-1.8413099963478327e-16
2019-02-06 00:00:00,size_factor,0.13086510317511746,-6.276209958188358e-16
2019-02-06 00:00:00,smb_beta,-0.022511934388566933,-3.2437727257401685e-17
2019-02-06 00:00:00,rmw_beta,-0.10471764623671152,-2.914115848420802e-16
2019-02-13 00:00:00,market_beta,-0.033808559921642174,-1.3879732550754253e-16
2019-02-13 00:00:00,sector_Consumer Discretionary,0.0998820310830197,-1.9895235678830027e-16
2019-02-13 00:00:00,sector_Consumer Staples,0.06557544038103402,-1.1855113150992668e-17
2019-02-13 00:00:00,sector_Energy,-0.05527369877608364,2.3731115602893876e-17
2019-02-13 00:00:00,sector_Financials,0.010452099379696548,-2.540345171122482e-17
2019-02-13 00:00:00,sector_Healthcare,0.1414163952179425,-3.3024487224592267e-16
2019-02-13 00:00:00,sector_Industrials,0.011744086040801245,-1.8675056742158123e-16
2019-02-13 00:00:00,sector_Other,-0.16179495768392121,1.619777880899998e-16
2019-02-13 00:00:00,sector_Technology,0.042366353660336205,4.497052085378454e-16
2019-02-13 00:00:00,sector_Utilities,0.030314592552554843,3.653642962294714e-17
2019-02-13 00:00:00,size_factor,0.11959430385437513,2.0848037996728721e-16
2019-02-13 00:00:00,smb_beta,-0.09965551914994836,3.4230724508295524e-17
2019-02-13 00:00:00,rmw_beta,-0.048650986930133644,-1.5723743375679548e-16
2019-02-21 00:00:00,market_beta,-0.1368247403877263,-2.2317216252900586e-16
2019-02-21 00:00:00,sector_Consumer Discretionary,0.05213317908499162,-1.144618694044461e-16
2019-02-21 00:00:00,sector_Consumer Staples,0.039646492653448856,-1.4256476195420933e-16
2019-02-21 00:00:00,sector_Energy,-0.06884087881143258,-1.2020406800651358e-16
2019-02-21 00:00:00,sector_Financials,0.02979773188165879,4.5029202410359175e-17
2019-02-21 00:00:00,sector_Healthcare,0.14959091418236706,-3.4046470115149614e-17
2019-02-21 00:00:00,sector_Industrials,-0.03481194326670361,-1.8932343072167755e-16
2019-02-21 00:00:00,sector_Other,-0.09891667471412426,2.888777314688063e-16
2019-02-21 00:00:00,sector_Technology,0.0056038805399425285,-3.1205443176348855e-16
2019-02-21 00:00:00,sector_Utilities,-0.016099584533965063,1.0094295121821443e-16
2019-02-21 00:00:00,size_factor,0.1555392171236529,-1.0181632875339267e-15
2019-02-21 00:00:00,smb_beta,-0.16480656451359119,1.7000690824553656e-16
2019-02-21 00:00:00,rmw_beta,-0.02470387028253892,1.3440017241714024e-16
2019-02-28 00:00:00,market_beta,-0.2687057808543647,-8.386754119221079e-17
2019-02-28 00:00:00,sector_Consumer Discretionary,0.07138238434492468,-5.869074414816725e-17
2019-02-28 00:00:00,sector_Consumer Staples,0.04633825008258741,1.4125950354030048e-16
2019-02-28 00:00:00,sector_Energy,-0.06465047209426168,-6.984998300504979e-17
2019-02-28 00:00:00,sector_Financials,0.014267919664283129,3.564989058095381e-17
2019-02-28 00:00:00,sector_Healthcare,0.006386269103856765,-1.0639480963265203e-16
2019-02-28 00:00:00,sector_Industrials,0.00457259801560745,-4.985942475254565e-18
2019-02-28 00:00:00,sector_Other,-0.006167781406210514,-2.9923941438744136e-17
2019-02-28 00:00:00,sector_Technology,-0.054690517063308464,1.0192947144187827e-16
2019-02-28 00:00:00,sector_Utilities,-0.055823075615181655,-5.562873055344016e-17
2019-02-28 00:00:00,size_factor,0.003976836264066558,-6.705196387660999e-16
2019-02-28 00:00:00,smb_beta,-0.11905538034617279,1.947292452003287e-16
2019-02-28 00:00:00,rmw_beta,-0.050770760298360355,-2.911978278133381e-16
2019-03-07 00:00:00,market_beta,-0.011237884436487254,9.781798740444007e-17
2019-03-07 00:00:00,sector_Consumer Discretionary,0.07417524677064438,-2.9905943292788247e-16
2019-03-07 00:00:00,sector_Consumer Staples,-0.018628461219162024,-2.2627461616615216e-16
2019-03-07 00:00:00,sector_Energy,-0.18800822172994736,2.470213344972436e-17
2019-03-07 00:00:00,sector_Financials,0.026079128375743398,-2.210316943317701e-16
2019-03-07 00:00:00,sector_Healthcare,-0.10884407861810783,-1.6440227704901074e-16
2019-03-07 00:00:00,sector_Industrials,0.09050717134342769,1.6616065279234308e-16
2019-03-07 00:00:00,sector_Other,0.10811330225752959,2.853123534427579e-16
2019-03-07 00:00:00,sector_Technology,-0.09187893029426672,-6.338931545441563e-17
2019-03-07 00:00:00,sector_Utilities,-0.09551583078678492,1.8459038725248748e-16
2019-03-07 00:00:00,size_factor,-0.02900028263392966,-4.156943338454433e-16
2019-03-07 00:00:00,smb_beta,-0.09786756179214742,1.3013952912145455e-16
2019-03-07 00:00:00,rmw_beta,-0.0010634117409426575,-2.24202610478423e-16
2019-03-14 00:00:00,market_beta,-0.2174320823189645,-6.094369566235951e-17
2019-03-14 00:00:00,sector_Consumer Discretionary,-0.0028250144277962848,-2.5111954491399174e-16
2019-03-14 00:00:00,sector_Consumer Staples,-0.01181404107656162,-4.90364543195432e-17
2019-03-14 00:00:00,sector_Energy,-0.08882955123515918,-5.243271528828826e-17
2019-03-14 00:00:00,sector_Financials,-0.1076098873727189,-1.180794105240921e-16
2019-03-14 00:00:00,sector_Healthcare,-0.06452196256050607,-1.0683375237894046e-16
2019-03-14 00:00:00,sector_Industrials,0.1409855123585198,2.3716403575635844e-17
2019-03-14 00:00:00,sector_Other,0.18467081520297762,3.688551344266104e-16
2019-03-14 00:00:00,sector_Technology,-0.19803521796282528,-1.2914854087418573e-16
2019-03-14 00:00:00,sector_Utilities,-0.08380067163124369,-6.44804674127801e-17
2019-03-14 00:00:00,size_factor,-0.08965029331171506,-2.2284233462606993e-16
2019-03-14 00:00:00,smb_beta,-0.1130569766465757,1.489279016892672e-16
2019-03-14 00:00:00,rmw_beta,0.10811619597238166,-4.7230502800491806e-17
2019-03-21 00:00:00,market_beta,0.039792437133192506,5.578376895657299e-16
2019-03-21 00:00:00,sector_Consumer Discretionary,0.005476214252391041,-2.620421040352996e-16
2019-03-21 00:00:00,sector_Consumer Staples,-0.06824041727828682,-1.8598920620730583e-17
2019-03-21 00:00:00,sector_Energy,-0.06407718270008265,-1.0413893631286845e-16
2019-03-21 00:00:00,sector_Financials,-0.10010567097726869,9.505296170627994e-17
2019-03-21 00:00:00,sector_Healthcare,-0.03552115569441204,4.620630082944164e-16
2019-03-21 00:00:00,sector_Industrials,0.15416575099017138,2.394489053635016e-16
2019-03-21 00:00:00,sector_Other,0.1628972115812605,-4.407482492607955e-16
2019-03-21 00:00:00,sector_Technology,-0.2130401217380006,3.054875146127175e-16
2019-03-21 00:00:00,sector_Utilities,-0.013654251182342305,-6.38312028834635e-17
2019-03-21 00:00:00,size_factor,-0.09174205834895716,5.501343591386176e-16
2019-03-21 00:00:00,smb_beta,0.0666562631307602,-1.6196268700625668e-16
2019-03-21 00:00:00,rmw_beta,-0.07722080287252628,-1.9226189134986003e-16
2019-03-28 00:00:00,market_beta,0.17274243738574022,1.930485760871951e-16
2019-03-28 00:00:00,sector_Consumer Discretionary,-0.1078173768480404,2.1344463972802438e-16
2019-03-28 00:00:00,sector_Consumer Staples,-0.10746479140681468,2.053468007281737e-16
2019-03-28 00:00:00,sector_Energy,0.014403647522080584,-1.5791937387950027e-16
2019-03-28 00:00:00,sector_Financials,-0.02412933130991027,1.5832369352493772e-16
2019-03-28 00:00:00,sector_Healthcare,-0.05369485791444838,7.784248264976104e-17
2019-03-28 00:00:00,sector_Industrials,0.15554553431516138,-4.839250126043586e-19
2019-03-28 00:00:00,sector_Other,0.11813806009441713,-5.153442706152865e-16
2019-03-28 00:00:00,sector_Technology,-0.08700029994861001,4.118496215983133e-16
2019-03-28 00:00:00,sector_Utilities,-0.09973813641121508,-1.63038291537912e-16
2019-03-28 00:00:00,size_factor,-0.06380537064081837,5.333101457752625e-16
2019-03-28 00:00:00,smb_beta,0.22157459497956503,5.40884689688975e-17
2019-03-28 00:00:00,rmw_beta,-0.11832585628588378,-3.3517168727699555e-16
2019-04-04 00:00:00,market_beta,-0.279660233152532,1.4361616782792823e-16
2019-04-04 00:00:00,sector_Consumer Discretionary,-0.11479356484869349,-5.101398796528899e-16
2019-04-04 00:00:00,sector_Consumer Staples,0.08600206878068817,2.460359259573331e-16
2019-04-04 00:00:00,sector_Energy,0.06549380338387115,-7.596246824309384e-17
2019-04-04 00:00:00,sector_Financials,0.003958161307276562,5.281682680431345e-16
2019-04-04 00:00:00,sector_Healthcare,-0.009937931856345951,2.1027610671422374e-16
2019-04-04 00:00:00,sector_Industrials,0.09477085782080039,-8.673479333985658e-17
2019-04-04 00:00:00,sector_Other,0.007619477244018181,-3.294437815601108e-16
2019-04-04 00:00:00,sector_Technology,-0.1109561944235326,2.962570234027096e-16
2019-04-04 00:00:00,sector_Utilities,0.058591777786202184,1.989064298123746e-17
2019-04-04 00:00:00,size_factor,0.001661825527339331,-9.632927078755981e-17
2019-04-04 00:00:00,smb_beta,-0.11803799374866594,3.842044855448161e-17
2019-04-04 00:00:00,rmw_beta,0.17663582232431072,-2.553054654253074e-16
2019-04-11 00:00:00,market_beta,0.11656058406594336,5.169574709917766e-16
2019-04-11 00:00:00,sector_Consumer Discretionary,-0.16445941280013446,7.413681957244073e-17
2019-04-11 00:00:00,sector_Consumer Staples,-0.02980952007463492,-5.149009547184308e-18
2019-04-11 00:00:00,sector_Energy,0.049494547080131526,-8.812477890472704e-17
2019-04-11 00:00:00,sector_Financials,0.05233504297483234,-2.5437729965683145e-16
2019-04-11 00:00:00,sector_Healthcare,-0.02608343568549766,-1.315744653397404e-16
2019-04-11 00:00:00,sector_Industrials,0.07302014215930823,2.051039135329258e-16
2019-04-11 00:00:00,sector_Other,0.017951514455747226,1.0508129838663677e-16
2019-04-11 00:00:00,sector_Technology,0.024291378179424766,-1.2234726828387542e-18
2019-04-11 00:00:00,sector_Utilities,0.03252550565693345,3.5417045031132137e-17
2019-04-11 00:00:00,size_factor,-0.02408889693814998,-7.591137040642842e-17
2019-04-11 00:00:00,smb_beta,0.12800125709855795,5.172081135278669e-16
2019-04-11 00:00:00,rmw_beta,-0.1714283874824741,-3.936609108740549e-16
2019-04-18 00:00:00,market_beta,-0.19537100857245163,4.861423735974564e-17
2019-04-18 00:00:00,sector_Consumer Discretionary,-0.04104811209364555,3.1763623449745715e-18
2019-04-18 00:00:00,sector_Consumer Staples,0.041291151000401434,5.197432703960446e-17
2019-04-18 00:00:00,sector_Energy,0.0639927056923118,1.4931168307565904e-16
2019-04-18 00:00:00,sector_Financials,-0.13911943975919325,-7.50712916629401e-17
2019-04-18 00:00:00,sector_Healthcare,0.13595760399724827,4.203992333124645e-18
2019-04-18 00:00:00,sector_Industrials,0.010488928306117596,6.80668664731406e-17
2019-04-18 00:00:00,sector_Other,0.0043014674015728,8.803964993385458e-17
2019-04-18 00:00:00,sector_Technology,-0.031785684578268095,-1.980273928342647e-16
2019-04-18 00:00:00,sector_Utilities,0.08809366074412366,1.2739953769957638e-16
2019-04-18 00:00:00,size_factor,0.018896732333221318,-8.191537779433919e-17
2019-04-18 00:00:00,smb_beta,-0.15361079994120672,1.6283981595239725e-16
2019-04-18 00:00:00,rmw_beta,-0.1309503442280876,-1.5659053960182078e-16
2019-04-26 00:00:00,market_beta,-0.30553332018632856,-3.864977369476469e-17
2019-04-26 00:00:00,sector_Consumer Discretionary,-0.01066983177931541,-1.7135693675184934e-16
2019-04-26 00:00:00,sector_Consumer Staples,0.020191966450106697,1.3683753256527875e-16
2019-04-26 00:00:00,sector_Energy,0.00037867487280016836,-6.53244852652501e-17
2019-04-26 00:00:00,sector_Financials,-0.10171724803277923,-1.7372985100077916e-16
2019-04-26 00:00:00,sector_Healthcare,0.09863753949418337,5.211895530023375e-17
2019-04-26 00:00:00,sector_Industrials,0.09556187311470789,-5.1921444568466066e-17
2019-04-26 00:00:00,sector_Other,-0.0011576657326912874,1.7039288173961933e-16
2019-04-26 00:00:00,sector_Technology,-0.07088979927685463,-1.3892984832282272e-16
2019-04-26 00:00:00,sector_Utilities,0.10596773102941447,2.095882461456472e-17
2019-04-26 00:00:00,size_factor,-0.029529749617249055,-6.560047720152385e-16
2019-04-26 00:00:00,smb_beta,-0.23478725581604895,5.637986305324144e-17
2019-04-26 00:00:00,rmw_beta,-0.06151904092609025,1.2092383689154934e-16
2019-05-03 00:00:00,market_beta,-0.09586191704799003,4.79814710787837e-16
2019-05-03 00:00:00,sector_Consumer Discretionary,0.03391231390459722,1.0758773102637922e-16
2019-05-03 00:00:00,sector_Consumer Staples,-0.04161661218811624,-2.5461578502491055e-16
2019-05-03 00:00:00,sector_Energy,-0.025496312932657507,2.0961965039484747e-16
2019-05-03 00:00:00,sector_Financials,-0.17770590742414474,3.123874244427173e-16
2019-05-03 00:00:00,sector_Healthcare,0.11327952335288098,1.0489762222984233e-16
2019-05-03 00:00:00,sector_Industrials,0.007252530027680324,1.1267689430857602e-16
2019-05-03 00:00:00,sector_Other,0.04346516475652701,7.631414188531605e-17
2019-05-03 00:00:00,sector_Technology,0.01421169671696739,-4.818644830044686e-16
2019-05-03 00:00:00,sector_Utilities,0.012227942355457872,-1.5241919542599543e-16
2019-05-03 00:00:00,size_factor,-0.05958652083102073,-7.087596460094789e-17
2019-05-03 00:00:00,smb_beta,0.03418729624711953,2.3073429319182467e-16
2019-05-03 00:00:00,rmw_beta,-0.18698353018753,-6.101943488705632e-16
2019-05-10 00:00:00,market_beta,-0.027045972975798943,-4.582834407521046e-16
2019-05-10 00:00:00,sector_Consumer Discretionary,0.05565413627640349,-3.4113822307488434e-16
2019-05-10 00:00:00,sector_Consumer Staples,0.013676275636680078,1.3552839809928865e-16
2019-05-10 00:00:00,sector_Energy,0.007925750824142765,4.93974728664088e-16
2019-05-10 00:00:00,sector_Financials,-0.05054266150754478,9.117730442866584e-17
2019-05-10 00:00:00,sector_Healthcare,-0.07841401146030876,-2.1036332328966697e-16
2019-05-10 00:00:00,sector_Industrials,0.009787483035070016,-1.2021852920745063e-16
2019-05-10 00:00:00,sector_Other,0.006210499734325743,2.051537382330553e-16
2019-05-10 00:00:00,sector_Technology,0.0629320535153854,-2.902575164548854e-16
2019-05-10 00:00:00,sector_Utilities,-0.002704947653664072,7.20639429176454e-17
2019-05-10 00:00:00,size_factor,-0.03754939925667397,-1.279239456908927e-16
2019-05-10 00:00:00,smb_beta,-0.02176905368189106,-6.631674610237062e-16
2019-05-10 00:00:00,rmw_beta,0.04986631737962136,4.754717669647201e-16
2019-05-17 00:00:00,market_beta,0.0539212995161341,-4.835737211607254e-17
2019-05-17 00:00:00,sector_Consumer Discretionary,0.06141005922869711,5.517534043543399e-17
2019-05-17 00:00:00,sector_Consumer Staples,0.04119477564304409,-1.6887170225833311e-16
2019-05-17 00:00:00,sector_Energy,0.03565534141724349,1.307681426728832e-16
2019-05-17 00:00:00,sector_Financials,0.032314212459911354,4.6481263723010806e-17
2019-05-17 00:00:00,sector_Healthcare,-0.22427131269737693,-1.1083993657025655e-16
2019-05-17 00:00:00,sector_Industrials,0.06966101924400908,5.508260057614599e-17
2019-05-17 00:00:00,sector_Other,-0.04715429504465927,-1.0816645099143795e-17
2019-05-17 00:00:00,sector_Technology,0.11554172534683967,4.907142847744996e-17
2019-05-17 00:00:00,sector_Utilities,0.010084598900111576,-8.73534951511161e-19
2019-05-17 00:00:00,size_factor,0.029457990657684684,1.653917929031462e-16
2019-05-17 00:00:00,smb_beta,-0.038323951464793296,1.5550534623119312e-16
2019-05-17 00:00:00,rmw_beta,0.1921712316711085,-2.9135665854053596e-16
2019-05-24 00:00:00,market_beta,0.1548370116696984,7.357532340012386e-17
2019-05-24 00:00:00,sector_Consumer Discretionary,0.09456514366708303,4.513881212222367e-16
2019-05-24 00:00:00,sector_Consumer Staples,0.01789689957914352,-6.469425113115923e-17
2019-05-24 00:00:00,sector_Energy,-0.014702652599798692,-1.321167188988076e-16
2019-05-24 00:00:00,sector_Financials,0.009684130129571672,-1.3295770177136442e-16
2019-05-24 00:00:00,sector_Healthcare,-0.133139526051954,-4.967650395853176e-17
2019-05-24 00:00:00,sector_Industrials,0.03144357534255412,1.291575269548482e-16
2019-05-24 00:00:00,sector_Other,-0.07634886123211955,7.873267194306326e-17
2019-05-24 00:00:00,sector_Technology,0.15518220682719025,-1.7301303509468914e-16
2019-05-24 00:00:00,sector_Utilities,-0.08726973404105458,-6.707846551195998e-17
2019-05-24 00:00:00,size_factor,0.0016985534906720366,-7.623572693171899e-17
2019-05-24 00:00:00,smb_beta,0.05010805042571389,3.6565419631502893e-16
2019-05-24 00:00:00,rmw_beta,0.19209478973641056,1.0783857778468901e-16
2019-06-03 00:00:00,market_beta,0.2495056481071815,2.611498222282581e-16
2019-06-03 00:00:00,sector_Consumer Discretionary,0.004642812798743784,-1.458169280293354e-17
2019-06-03 00:00:00,sector_Consumer Staples,-0.038788703767737236,1.6253543130086352e-16
2019-06-03 00:00:00,sector_Energy,-0.020935144433063546,2.6043750985557292e-17
2019-06-03 00:00:00,sector_Financials,0.13198181507486642,2.443290220539208e-16
2019-06-03 00:00:00,sector_Healthcare,-0.12467311156657727,4.996855881215588e-17
2019-06-03 00:00:00,sector_Industrials,0.06670314781702115,1.2236347264120506e-16
2019-06-03 00:00:00,sector_Other,-0.048061172135545865,-4.103307859209992e-16
2019-06-03 00:00:00,sector_Technology,0.09315730422903416,3.916192975808077e-16
2019-06-03 00:00:00,sector_Utilities,-0.10650783953081232,-3.5503552397792937e-17
2019-06-03 00:00:00,size_factor,-0.049520582379434866,8.874484799115984e-16
2019-06-03 00:00:00,smb_beta,0.23088062386180935,1.2790345111814894e-16
2019-06-03 00:00:00,rmw_beta,0.1378136586039028,-2.1114064426374448e-16
2019-06-10 00:00:00,market_beta,0.19004251507451603,-1.392014853836147e-16
2019-06-10 00:00:00,sector_Consumer Discretionary,-0.011692174485740349,1.2486536509219772e-16
2019-06-10 00:00:00,sector_Consumer Staples,-0.014658086752234243,4.563183661854087e-16
2019-06-10 00:00:00,sector_Energy,-0.0012229009228312293,-1.370894756154028e-16
2019-06-10 00:00:00,sector_Financials,0.04006998341410852,3.636614339188127e-16
2019-06-10 00:00:00,sector_Healthcare,-0.26862580335542285,1.8200673895065456e-16
2019-06-10 00:00:00,sector_Industrials,0.05110226688591655,1.1286413897605501e-16
2019-06-10 00:00:00,sector_Other,0.03873043046900549,-6.320992305454285e-16
2019-06-10 00:00:00,sector_Technology,0.10630570291645658,2.2330663312518907e-16
2019-06-10 00:00:00,sector_Utilities,-0.02633374777262426,-2.530253894587806e-16
2019-06-10 00:00:00,size_factor,-0.11422228484189562,7.189487356432363e-16
2019-06-10 00:00:00,smb_beta,0.41150482374001024,3.0596687833863255e-16
2019-06-10 00:00:00,rmw_beta,0.18227821424452553,1.079783654988544e-15
2019-06-17 00:00:00,market_beta,0.2997691370465839,-2.799409792819015e-17
2019-06-17 00:00:00,sector_Consumer Discretionary,-0.02851796302176274,1.2889883058480073e-16
2019-06-17 00:00:00,sector_Consumer Staples,-0.0684199109310531,1.8067115061112142e-16
2019-06-17 00:00:00,sector_Energy,0.039311218694395966,9.741689331773396e-17
2019-06-17 00:00:00,sector_Financials,0.13913127795979993,4.4127445806465e-16
2019-06-17 00:00:00,sector_Healthcare,-0.20900509819942828,-5.310358343139315e-16
2019-06-17 00:00:00,sector_Industrials,-0.008999801579412577,2.892062276751553e-16
2019-06-17 00:00:00,sector_Other,-0.007425597292674456,-4.1269152016008254e-16
2019-06-17 00:00:00,sector_Technology,0.1444865382061818,4.0234911551667755e-16
2019-06-17 00:00:00,sector_Utilities,-0.0033140603931270407,-2.9396902913692135e-17
2019-06-17 00:00:00,size_factor,-0.036406244053379534,8.000754880660437e-16
2019-06-17 00:00:00,smb_beta,0.19993031064185332,-2.5868123510782163e-16
2019-06-17 00:00:00,rmw_beta,-0.04278602403122476,2.8002004399740162e-16
2019-06-24 00:00:00,market_beta,-0.2770416994130882,2.2841908496098574e-16
2019-06-24 00:00:00,sector_Consumer Discretionary,-0.06513099654882913,4.658869841319041e-16
2019-06-24 00:00:00,sector_Consumer Staples,-0.008232738885664302,2.5074963981501917e-16
2019-06-24 00:00:00,sector_Energy,-0.058172643189674515,3.2132426153838384e-17
2019-06-24 00:00:00,sector_Financials,0.037617245318331057,3.518209785151547e-16
2019-06-24 00:00:00,sector_Healthcare,-0.13998241839542017,-2.0695351677362044e-17
2019-06-24 00:00:00,sector_Industrials,-0.0880771832730353,9.824514688239453e-18
2019-06-24 00:00:00,sector_Other,0.14876191802797478,-2.0584473381080118e-16
2019-06-24 00:00:00,sector_Technology,-0.07851918327371275,-4.528104810954407e-16
2019-06-24 00:00:00,sector_Utilities,0.0072288620841377375,-5.614516630770242e-17
2019-06-24 00:00:00,size_factor,-0.19769539137084624,-1.064154336926336e-16
2019-06-24 00:00:00,smb_beta,0.004241240427078822,-1.8111635853039524e-16
2019-06-24 00:00:00,rmw_beta,-0.010237010982146822,6.195649465971301e-16
2019-07-01 00:00:00,market_beta,-0.24155608839629136,0.0
2019-07-01 00:00:00,sector_Consumer Discretionary,-0.12164339362882105,4.1419639070372957e-16
2019-07-01 00:00:00,sector_Consumer Staples,-0.04584843769146962,4.162332779955709e-17
2019-07-01 00:00:00,sector_Energy,-0.00046229243508564855,-8.314208409283942e-17
2019-07-01 00:00:00,sector_Financials,0.027649116944787125,-7.173159570484535e-17
2019-07-01 00:00:00,sector_Healthcare,-0.12556791488014463,-1.596189562080793e-16
2019-07-01 00:00:00,sector_Industrials,-0.006891159632551255,5.87900365408068e-17
2019-07-01 00:00:00,sector_Other,0.10896580909572019,2.6615635662786613e-16
2019-07-01 00:00:00,sector_Technology,-0.01471139859958147,-6.078195162563136e-16
2019-07-01 00:00:00,sector_Utilities,0.03127960234471152,-5.868709989805766e-17
2019-07-01 00:00:00,size_factor,-0.1915452663002807,-1.990051531042281e-17
2019-07-01 00:00:00,smb_beta,-0.1731008253840243,1.575879354406072e-16
2019-07-01 00:00:00,rmw_beta,-0.0083988001543399,-6.040620090006298e-18
2019-07-09 00:00:00,market_beta,-0.10405823469589955,-6.836626321148027e-16
2019-07-09 00:00:00,sector_Consumer Discretionary,-0.10543144177013336,-1.3268724127686882e-16
2019-07-09 00:00:00,sector_Consumer Staples,0.020752806929034123,1.901839042042968e-16
2019-07-09 00:00:00,sector_Energy,0.0026752189289273322,2.7743408350168234e-17
2019-07-09 00:00:00,sector_Financials,0.02050731728287389,-1.815932027664446e-16
2019-07-09 00:00:00,sector_Healthcare,-0.08172935020690715,3.2332448297440135e-16
2019-07-09 00:00:00,sector_Industrials,-0.05286969516690247,7.195217417343621e-17
2019-07-09 00:00:00,sector_Other,0.08427263939507572,2.0082594045672415e-16
2019-07-09 00:00:00,sector_Technology,-0.03016331182589294,-5.315843914074111e-16
2019-07-09 00:00:00,sector_Utilities,0.016664479087371904,-1.1852932080334429e-17
2019-07-09 00:00:00,size_factor,-0.1460216258665666,-1.5780875775363973e-16
2019-07-09 00:00:00,smb_beta,-0.14423724714162986,-2.1903995533323599e-16
2019-07-09 00:00:00,rmw_beta,0.1628709436565249,-8.6925730629141e-17
2019-07-16 00:00:00,market_beta,-0.3302087864008487,-3.9588075949284354e-16
2019-07-16 00:00:00,sector_Consumer Discretionary,-0.17727484127941726,-7.690904149266896e-16
2019-07-16 00:00:00,sector_Consumer Staples,0.032481907875216216,-3.440101388571223e-16
2019-07-16 00:00:00,sector_Energy,0.015240570073511484,-2.0943127112621224e-16
2019-07-16 00:00:00,sector_Financials,-0.05058176821689333,-5.480209454132697e-16
2019-07-16 00:00:00,sector_Healthcare,0.00815228227338446,-4.19368734866109e-16
2019-07-16 00:00:00,sector_Industrials,-0.01603198097383961,-3.7159119816329794e-16
2019-07-16 00:00:00,sector_Other,0.07677323829857462,1.3952242561132843e-15
2019-07-16 00:00:00,sector_Technology,-0.0066645847708404924,-6.890503896718119e-16
2019-07-16 00:00:00,sector_Utilities,0.061293331383496116,1.595930722085326e-17
2019-07-16 00:00:00,size_factor,-0.04434039405631869,-1.893289783749368e-15
2019-07-16 00:00:00,smb_beta,-0.29605635188798496,2.5481495698999205e-16
2019-07-16 00:00:00,rmw_beta,0.12408617001276315,-3.710133342974951e-17
2019-07-23 00:00:00,market_beta,-0.0060733733666966955,-1.0840161317987239e-16
2019-07-23 00:00:00,sector_Consumer Discretionary,-0.10618036658445756,7.87417462325184e-17
2019-07-23 00:00:00,sector_Consumer Staples,-0.07210703967310918,1.23155658386285e-16
2019-07-23 00:00:00,sector_Energy,0.04945826008925756,2.7289210930861303e-17
2019-07-23 00:00:00,sector_Financials,-0.050950505714531705,-3.686807426920603e-16
2019-07-23 00:00:00,sector_Healthcare,-0.034908361703045614,-3.888158491667679e-17
2019-07-23 00:00:00,sector_Industrials,0.024705481466237512,5.2021459664865474e-17
2019-07-23 00:00:00,sector_Other,0.1048630129959064,2.049598500548689e-16
2019-07-23 00:00:00,sector_Technology,-0.044880833654566236,-1.6021097735326353e-16
2019-07-23 00:00:00,sector_Utilities,0.02019272599195395,-3.446044122799632e-17
2019-07-23 00:00:00,size_factor,-0.07952888104147969,-6.495176244247743e-16
2019-07-23 00:00:00,smb_beta,-0.16348803241935211,3.7702538627611827e-16
2019-07-23 00:00:00,rmw_beta,0.26721444886503,5.0951407230894585e-17
2019-07-30 00:00:00,market_beta,-0.19127442919560503,1.8664237463575455e-16
2019-07-30 00:00:00,sector_Consumer Discretionary,-0.04135824244630929,-3.079014062278362e-16
2019-07-30 00:00:00,sector_Consumer Staples,-0.02726871711932756,-3.3415857075578214e-16
2019-07-30 00:00:00,sector_Energy,0.06006604382618399,9.592365173483382e-17
2019-07-30 00:00:00,sector_Financials,0.022926793888094876,-1.0138384702993199e-16
2019-07-30 00:00:00,sector_Healthcare,0.03345863210031874,-5.882036606109758e-17
2019-07-30 00:00:00,sector_Industrials,0.07424693688750932,-3.8448368320866616e-16
2019-07-30 00:00:00,sector_Other,0.017466564388010388,7.44664246548803e-16
2019-07-30 00:00:00,sector_Technology,-0.11249284022015571,-4.558487810798624e-16
2019-07-30 00:00:00,sector_Utilities,0.04047809796352601,-1.4655272190021595e-16
2019-07-30 00:00:00,size_factor,-0.19023591695333372,-5.467293148728525e-16
2019-07-30 00:00:00,smb_beta,-0.14655599379335088,4.650594303266998e-16
2019-07-30 00:00:00,rmw_beta,0.14874065653681945,-2.2409875834026427e-16
2019-08-06 00:00:00,market_beta,-0.16394133133577352,-2.0879965601354774e-16
2019-08-06 00:00:00,sector_Consumer Discretionary,0.03146308763423292,-2.232676931642322e-16
2019-08-06 00:00:00,sector_Consumer Staples,0.024189971624985103,1.470598418769543e-16
2019-08-06 00:00:00,sector_Energy,0.07097753173837427,5.855954733433491e-17
2019-08-06 00:00:00,sector_Financials,-0.04895063336978183,-9.61053456600709e-17
2019-08-06 00:00:00,sector_Healthcare,-0.05508843094329408,2.1412945436542112e-16
2019-08-06 00:00:00,sector_Industrials,-0.054966743520437136,-1.9297089870965862e-17
2019-08-06 00:00:00,sector_Other,0.03392564165114078,1.1085231556243105e-16
2019-08-06 00:00:00,sector_Technology,-0.019002788573944863,-2.6129703868005995e-16
2019-08-06 00:00:00,sector_Utilities,0.028802434056221786,5.726496670288974e-17
2019-08-06 00:00:00,size_factor,-0.10620237292156957,-8.50505282333531e-17
2019-08-06 00:00:00,smb_beta,-0.13934830391650949,-4.183781150666994e-16
2019-08-06 00:00:00,rmw_beta,0.08117027529412058,-5.324938965280708e-16
2019-08-13 00:00:00,market_beta,-0.2749379101759632,-8.604081003644831e-16
2019-08-13 00:00:00,sector_Consumer Discretionary,0.06956725585802412,-2.224676460860838e-16
2019-08-13 00:00:00,sector_Consumer Staples,0.08484792171314536,-8.85648161544385e-17
2019-08-13 00:00:00,sector_Energy,0.04838103600552606,-3.4508789606135556e-17
2019-08-13 00:00:00,sector_Financials,-0.023219942064891246,-3.74007958361782e-16
2019-08-13 00:00:00,sector_Healthcare,-0.011913440417959735,3.1350667097972905e-16
2019-08-13 00:00:00,sector_Industrials,0.0012779423797163695,1.61408519420555e-17
2019-08-13 00:00:00,sector_Other,-0.06708642814683936,5.819059445647686e-16
2019-08-13 00:00:00,sector_Technology,0.017712111063101152,-6.961264414457679e-16
2019-08-13 00:00:00,sector_Utilities,0.041035734532544006,-6.999583922605355e-18
2019-08-13 00:00:00,size_factor,-0.08348471379550727,-6.949270903155223e-16
2019-08-13 00:00:00,smb_beta,-0.3385373808637594,-5.265270371358081e-16
2019-08-13 00:00:00,rmw_beta,0.10633374695754373,2.376160599352469e-16
2019-08-20 00:00:00,market_beta,0.3988391889911193,-4.1043545270408916e-16
2019-08-20 00:00:00,sector_Consumer Discretionary,-0.016856986536556578,1.0313616941992588e-16
2019-08-20 00:00:00,sector_Consumer Staples,0.03236491252824505,2.651258531719616e-16
2019-08-20 00:00:00,sector_Energy,0.054176109020748146,-7.498780179829375e-17
2019-08-20 00:00:00,sector_Financials,0.02756197498538043,9.857215870236628e-17
2019-08-20 00:00:00,sector_Healthcare,-0.14773473406772225,2.939718361300658e-16
2019-08-20 00:00:00,sector_Industrials,0.011370855191977346,1.087975904699317e-16
2019-08-20 00:00:00,sector_Other,-0.08375754634242444,-3.1972043124897036e-16
2019-08-20 00:00:00,sector_Technology,0.228740425400467,-5.109691500087781e-17
2019-08-20 00:00:00,sector_Utilities,-0.011680504520724264,1.5985955893191772e-17
2019-08-20 00:00:00,size_factor,0.055343306326940116,8.888891158859163e-16
2019-08-20 00:00:00,smb_beta,0.10072966805526835,-5.047451224013381e-16
2019-08-20 00:00:00,rmw_beta,0.32825295110569436,-1.5257936996592976e-16
2019-08-27 00:00:00,market_beta,0.39434440517043584,1.3942306681099818e-16
2019-08-27 00:00:00,sector_Consumer Discretionary,-0.03413476776817434,3.1990448337091463e-16
2019-08-27 00:00:00,sector_Consumer Staples,0.008789943376547898,4.0207098834170163e-16
2019-08-27 00:00:00,sector_Energy,0.03042155233427345,1.6791376846235803e-16
2019-08-27 00:00:00,sector_Financials,0.07565487902371493,7.038842036516998e-16
2019-08-27 00:00:00,sector_Healthcare,-0.1287490738636041,3.780949119402973e-16
2019-08-27 00:00:00,sector_Industrials,-0.042380599075407796,2.1105982681203285e-16
2019-08-27 00:00:00,sector_Other,-0.021529873464076078,-1.6375747810919614e-15
2019-08-27 00:00:00,sector_Technology,0.13668882005095376,1.2174106139838046e-15
2019-08-27 00:00:00,sector_Utilities,-0.12250100538854462,-1.7801494105019153e-17
2019-08-27 00:00:00,size_factor,-0.047004901446172975,2.240055433181013e-15
2019-08-27 00:00:00,smb_beta,0.21319147740237726,-5.710970454878094e-16
2019-08-27 00:00:00,rmw_beta,0.2518622453433816,-1.3529237390664043e-16
2019-09-04 00:00:00,market_beta,-0.15579257253084883,5.1425884572821595e-17
2019-09-04 00:00:00,sector_Consumer Discretionary,0.006472770097360835,-5.355997854404253e-16
2019-09-04 00:00:00,sector_Consumer Staples,-0.004246116503085085,-5.83837104027623e-16
2019-09-04 00:00:00,sector_Energy,0.0058185701570493435,-1.7066924908326068e-16
2019-09-04 00:00:00,sector_Financials,0.049901390912742496,-7.73297654441386e-17
2019-09-04 00:00:00,sector_Healthcare,-0.026206159657620368,-3.699398923948186e-16
2019-09-04 00:00:00,sector_Industrials,-0.01138141481282462,-2.225247302997356e-16
2019-09-04 00:00:00,sector_Other,-0.019258214843405376,1.407453112403224e-15
2019-09-04 00:00:00,sector_Technology,0.014986884671305701,-1.1177934243565506e-15
2019-09-04 00:00:00,sector_Utilities,-0.048330831874636764,-5.640718170151778e-17
2019-09-04 00:00:00,size_factor,0.03351091952378084,-2.251900068072674e-15
2019-09-04 00:00:00,smb_beta,-0.12075218759435154,5.874319433108291e-16
2019-09-04 00:00:00,rmw_beta,-0.19923813168971796,4.2616434048957385e-16
2019-09-11 00:00:00,market_beta,0.014876529230698892,2.768490390745801e-15
2019-09-11 00:00:00,sector_Consumer Discretionary,-0.05603628623823772,-4.041366153371287e-17
2019-09-11 00:00:00,sector_Consumer Staples,-0.00012771917383003054,-5.70958987679586e-16
2019-09-11 00:00:00,sector_Energy,-0.037070615984174236,1.626306770748675e-16
2019-09-11 00:00:00,sector_Financials,-0.04463125989020241,2.1495925154099573e-16
2019-09-11 00:00:00,sector_Healthcare,-0.03090833924206831,-6.14387080645541e-16
2019-09-11 00:00:00,sector_Industrials,-0.03436720329463667,5.760216268023452e-16
2019-09-11 00:00:00,sector_Other,0.03753267734591383,2.7247144884506967e-16
2019-09-11 00:00:00,sector_Technology,0.052370948532040794,-6.9144418922584e-17
2019-09-11 00:00:00,sector_Utilities,0.039180072585074444,-4.797314750707641e-16
2019-09-11 00:00:00,size_factor,-0.12123044442177472,-6.584209485158826e-16
2019-09-11 00:00:00,smb_beta,-0.026724704201792696,3.807463260268053e-15
2019-09-11 00:00:00,rmw_beta,-0.17200766193893263,4.655617434974248e-15
2019-09-18 00:00:00,market_beta,-0.20793523785417412,-3.7041656936766196e-16
2019-09-18 00:00:00,sector_Consumer Discretionary,-0.012393893427793137,1.5689145276070316e-17
2019-09-18 00:00:00,sector_Consumer Staples,0.1605834578301561,-1.6070129278065838e-17
2019-09-18 00:00:00,sector_Energy,-0.12707103621079682,1.558249791654747e-16
2019-09-18 00:00:00,sector_Financials,-0.05397130769535406,-2.1745871430681925e-17
2019-09-18 00:00:00,sector_Healthcare,0.013544426296834633,9.864431533048467e-17
2019-09-18 00:00:00,sector_Industrials,-0.08074907301314518,-1.1098479759521941e-17
2019-09-18 00:00:00,sector_Other,-0.025027429380344,5.59691117974229e-17
2019-09-18 00:00:00,sector_Technology,0.046875564568972176,-1.8724356018849966e-16
2019-09-18 00:00:00,sector_Utilities,0.0761110982665515,2.7850803657488164e-17
2019-09-18 00:00:00,size_factor,0.009257307197090892,-2.831077832501872e-16
2019-09-18 00:00:00,smb_beta,-0.5172521070060223,-4.389004653339767e-16
2019-09-18 00:00:00,rmw_beta,-0.45042457891099325,-4.430827783731109e-16
2019-09-25 00:00:00,market_beta,-0.3250656956729888,-7.79352844898448e-16
2019-09-25 00:00:00,sector_Consumer Discretionary,0.046015089277211235,-7.743100207538186e-18
2019-09-25 00:00:00,sector_Consumer Staples,0.1089075738834444,-9.350442264083406e-17
2019-09-25 00:00:00,sector_Energy,-0.09496060970339341,-8.327861256331682e-17
2019-09-25 00:00:00,sector_Financials,-0.04592538674569186,-2.557018402986007e-16
2019-09-25 00:00:00,sector_Healthcare,-0.03196773543800816,1.2505126496354925e-16
2019-09-25 00:00:00,sector_Industrials,-0.07145363956543499,-6.846910050528286e-17
2019-09-25 00:00:00,sector_Other,-0.009873629101200255,4.3942620785662224e-16
2019-09-25 00:00:00,sector_Technology,0.021163538253098853,-4.549982342749719e-16
2019-09-25 00:00:00,sector_Utilities,0.09459354708238889,8.361493408389296e-17
2019-09-25 00:00:00,size_factor,0.10105021653908619,3.905699042127368e-17
2019-09-25 00:00:00,smb_beta,-0.6080248354358341,-7.858961637287041e-16
2019-09-25 00:00:00,rmw_beta,-0.4867305838508801,-9.44259126366585e-16
2019-10-02 00:00:00,market_beta,-0.25607352685434276,-2.247049919385092e-16
2019-10-02 00:00:00,sector_Consumer Discretionary,0.017164144708074563,6.868930100371229e-17
2019-10-02 00:00:00,sector_Consumer Staples,0.15368285555555705,3.5987285873695206e-17
2019-10-02 00:00:00,sector_Energy,-0.0849399011856184,-4.484988819332262e-17
2019-10-02 00:00:00,sector_Financials,-0.008891165923988524,-2.479696810032938e-16
2019-10-02 00:00:00,sector_Healthcare,-0.021779657787517042,1.469162059862775e-16
2019-10-02 00:00:00,sector_Industrials,-0.10778585430007168,-2.0474517709977825e-16
2019-10-02 00:00:00,sector_Other,-0.006565756230327713,-2.936028162896235e-17
2019-10-02 00:00:00,sector_Technology,0.014514883171641487,2.5237473313271366e-16
2019-10-02 00:00:00,sector_Utilities,-0.01867234497845675,9.877348436531353e-17
2019-10-02 00:00:00,size_factor,0.09294731846551135,4.67236649414065e-16
2019-10-02 00:00:00,smb_beta,-0.5105782903820878,-4.4353645045234384e-16
2019-10-02 00:00:00,rmw_beta,-0.40423801878830784,-5.085508163401653e-16
2019-10-09 00:00:00,market_beta,-0.08025879451149807,-1.249963758776888e-16
2019-10-09 00:00:00,sector_Consumer Discretionary,0.05403586598466947,7.299939557521808e-17
2019-10-09 00:00:00,sector_Consumer Staples,-0.02553626459892042,-2.5043433660583597e-17
2019-10-09 00:00:00,sector_Energy,-0.06616966936714293,5.4223346980826576e-17
2019-10-09 00:00:00,sector_Financials,0.05776182832451058,-1.5863196400225757e-16
2019-10-09 00:00:00,sector_Healthcare,-0.08853995293930285,-9.731204514424203e-17
2019-10-09 00:00:00,sector_Industrials,0.04957277989690333,1.2714474752393597e-17
2019-10-09 00:00:00,sector_Other,0.037750973733222254,1.6363621204280514e-16
2019-10-09 00:00:00,sector_Technology,-0.06694401041793688,-1.171222173252788e-16
2019-10-09 00:00:00,sector_Utilities,-0.0017545210198750094,1.1672397792506551e-17
2019-10-09 00:00:00,size_factor,0.030872200743746234,1.2576971155835522e-17
2019-10-09 00:00:00,smb_beta,0.12438529817107695,-2.0876874840410655e-16
2019-10-09 00:00:00,rmw_beta,0.20125733748151456,-1.7420216831436003e-16
2019-10-16 00:00:00,market_beta,0.15771422985609737,2.7029924334295035e-16
2019-10-16 00:00:00,sector_Consumer Discretionary,-0.0865181771477729,-2.8063624236335695e-17
2019-10-16 00:00:00,sector_Consumer Staples,-0.06655781697795353,7.808566268320541e-18
2019-10-16 00:00:00,sector_Energy,-0.012794894074401993,7.596110157904027e-17
2019-10-16 00:00:00,sector_Financials,0.05253871796939764,1.0474220371800161e-16
2019-10-16 00:00:00,sector_Healthcare,-0.07431783829024334,2.342152055360869e-16
2019-10-16 00:00:00,sector_Industrials,-0.005504031806122187,8.858876239638551e-17
2019-10-16 00:00:00,sector_Other,0.08509453874966982,-4.17594836118515e-16
2019-10-16 00:00:00,sector_Technology,-0.02766747887447859,4.662235762276577e-16
2019-10-16 00:00:00,sector_Utilities,-0.006220696902042511,-7.109651886171604e-18
2019-10-16 00:00:00,size_factor,-0.0762185777364616,4.140693132760627e-16
2019-10-16 00:00:00,smb_beta,0.055312398371674336,3.810640088050105e-16
2019-10-16 00:00:00,rmw_beta,-0.17162789378629076,5.17181712157706e-16
2019-10-23 00:00:00,market_beta,-0.01644190915040231,-1.1489315639240241e-15
2019-10-23 00:00:00,sector_Consumer Discretionary,-0.08267118333223782,-7.255712781940738e-17
2019-10-23 00:00:00,sector_Consumer Staples,-0.03375044013241264,1.9141647564855803e-16
2019-10-23 00:00:00,sector_Energy,-0.0274195448994113,-1.6889813122947387e-16
2019-10-23 00:00:00,sector_Financials,-0.051262288098082615,9.923145605120906e-17
2019-10-23 00:00:00,sector_Healthcare,-0.051165510944016786,3.2250223216642943e-16
2019-10-23 00:00:00,sector_Industrials,0.009429179419522647,-4.077075206030927e-16
2019-10-23 00:00:00,sector_Other,0.09687431731204528,-1.6866081497351458e-16
2019-10-23 00:00:00,sector_Technology,-0.030750954934430186,4.9820359971451597e-17
2019-10-23 00:00:00,sector_Utilities,0.05793744660061647,2.8340017771360756e-16
2019-10-23 00:00:00,size_factor,-0.17225338025135312,7.660810503653625e-18
2019-10-23 00:00:00,smb_beta,-0.0175452728493317,-2.1687605774817407e-15
2019-10-23 00:00:00,rmw_beta,-0.039971041709702414,-2.3478543036647008e-15
2019-10-30 00:00:00,market_beta,-0.3751478746838773,3.484417903858795e-16
2019-10-30 00:00:00,sector_Consumer Discretionary,0.00019049469120948603,-3.000575492651302e-17
2019-10-30 00:00:00,sector_Consumer Staples,0.10461868909644222,-5.823395861188517e-17
2019-10-30 00:00:00,sector_Energy,-0.030703548533106126,-8.7480064804436e-17
2019-10-30 00:00:00,sector_Financials,-0.10113306011297822,6.964862522444519e-17
2019-10-30 00:00:00,sector_Healthcare,-0.058647939352350575,1.125093176702576e-16
2019-10-30 00:00:00,sector_Industrials,-0.12265693634293387,2.236623038822919e-16
2019-10-30 00:00:00,sector_Other,0.12440794880726504,-3.2984440165408843e-16
2019-10-30 00:00:00,sector_Technology,-0.1074788618704524,3.6312860548285096e-16
2019-10-30 00:00:00,sector_Utilities,0.0969259510733801,-2.400157610403953e-18
2019-10-30 00:00:00,size_factor,-0.09776685632098542,6.552471520771845e-18
2019-10-30 00:00:00,smb_beta,-0.3509410099461255,8.945912760537134e-16
2019-10-30 00:00:00,rmw_beta,-0.3663244142162019,9.375240040842013e-16
2019-11-06 00:00:00,market_beta,-0.3832064795011056,-1.3149741786173972e-16
2019-11-06 00:00:00,sector_Consumer Discretionary,0.09593594991190842,5.738702987080374e-16
2019-11-06 00:00:00,sector_Consumer Staples,0.07614657145059009,4.357314748522431e-16
2019-11-06 00:00:00,sector_Energy,-0.13039249223009475,-1.128647854256712e-16
2019-11-06 00:00:00,sector_Financials,-0.15323301833779612,4.726380927322284e-16
2019-11-06 00:00:00,sector_Healthcare,0.011163649478771496,4.325428303667695e-16
2019-11-06 00:00:00,sector_Industrials,-0.11079427256904206,2.8525970563372315e-16
2019-11-06 00:00:00,sector_Other,0.04214203204882808,-1.5614553515146133e-15
2019-11-06 00:00:00,sector_Technology,0.025746393365996618,1.0654833052448144e-15
2019-11-06 00:00:00,sector_Utilities,0.06770104935026189,9.748172955575602e-17
2019-11-06 00:00:00,size_factor,0.05692344682420091,2.46107907668894e-15
2019-11-06 00:00:00,smb_beta,-0.6393135936760772,-6.536790770769439e-16
2019-11-06 00:00:00,rmw_beta,-0.547924270176776,-3.858817796231705e-16
2019-11-13 00:00:00,market_beta,-0.21731671883244805,-1.7896495098552285e-15
2019-11-13 00:00:00,sector_Consumer Discretionary,0.0768473318636453,7.308194454735628e-16
2019-11-13 00:00:00,sector_Consumer Staples,0.09216346172078922,1.3558177702560403e-16
2019-11-13 00:00:00,sector_Energy,0.028442792428882254,-8.675695236768013e-17
2019-11-13 00:00:00,sector_Financials,-0.061467590844146984,-5.295512602842604e-16
2019-11-13 00:00:00,sector_Healthcare,-0.023172109917339846,2.270354449254629e-16
2019-11-13 00:00:00,sector_Industrials,-0.018452741537963592,-1.1424650545785173e-16
2019-11-13 00:00:00,sector_Other,0.05179044692661221,-1.5713779645994205e-17
2019-11-13 00:00:00,sector_Technology,-0.11341062337369827,-2.3771930144239876e-16
2019-11-13 00:00:00,sector_Utilities,0.04591124355959798,3.182980183414661e-16
2019-11-13 00:00:00,size_factor,-0.001237740223758251,-6.653594402050499e-17
2019-11-13 00:00:00,smb_beta,-0.20527363355136144,-2.353458238371489e-15
2019-11-13 00:00:00,rmw_beta,-0.07319349316309881,-2.344070224667675e-15
2019-11-20 00:00:00,market_beta,-0.22554414963161284,-6.724651672938639e-16
2019-11-20 00:00:00,sector_Consumer Discretionary,0.021008494586577255,-7.454327216322271e-17
2019-11-20 00:00:00,sector_Consumer Staples,0.08319167337688164,8.849529868849696e-17
2019-11-20 00:00:00,sector_Energy,0.040872213764093196,4.1487071423797624e-16
2019-11-20 00:00:00,sector_Financials,-0.06586697583602746,-2.606039890630704e-16
2019-11-20 00:00:00,sector_Healthcare,-0.029323796438204753,2.1855053361523998e-16
2019-11-20 00:00:00,sector_Industrials,-0.04196890828014327,9.630222096881138e-17
2019-11-20 00:00:00,sector_Other,0.14012912604012584,-1.1672175438148353e-16
2019-11-20 00:00:00,sector_Technology,-0.22587663888955342,7.517667453863925e-17
2019-11-20 00:00:00,sector_Utilities,0.075961589373172,1.7607004823636577e-16
2019-11-20 00:00:00,size_factor,-0.07801261961946658,5.164485190181544e-16
2019-11-20 00:00:00,smb_beta,-0.1097101204956052,-7.131613185018829e-16
2019-11-20 00:00:00,rmw_beta,-0.015174594889153147,-9.048524450348803e-16
2019-11-27 00:00:00,market_beta,-0.11790697645631844,1.3034817416491172e-16
2019-11-27 00:00:00,sector_Consumer Discretionary,0.060904080429319316,3.538486053663144e-16
2019-11-27 00:00:00,sector_Consumer Staples,0.09751872835104795,-4.102848577280583e-16
2019-11-27 00:00:00,sector_Energy,0.033704547853795376,1.94308544863947e-16
2019-11-27 00:00:00,sector_Financials,0.0013140630675084867,1.7713066452706099e-16
2019-11-27 00:00:00,sector_Healthcare,-0.1394361221966111,7.559079314212155e-17
2019-11-27 00:00:00,sector_Industrials,0.002033879261297261,1.477554985430753e-16
2019-11-27 00:00:00,sector_Other,0.0345836434185987,-4.0589284964403214e-16
2019-11-27 00:00:00,sector_Technology,-0.04686721427829823,4.0500243894301827e-16
2019-11-27 00:00:00,sector_Utilities,0.07526173071791109,1.9597064187191308e-16
2019-11-27 00:00:00,size_factor,0.03164393005657911,3.8664620391150805e-16
2019-11-27 00:00:00,smb_beta,0.03656043635704977,3.079896983885821e-16
2019-11-27 00:00:00,rmw_beta,0.27471500291383505,1.7866186047571457e-16
2019-12-05 00:00:00,market_beta,0.3076313352378609,1.163246617565511e-16
2019-12-05 00:00:00,sector_Consumer Discretionary,-0.0046925895711233,8.582262240449892e-17
2019-12-05 00:00:00,sector_Consumer Staples,-0.05366372361548165,-1.468003315858339e-16
2019-12-05 00:00:00,sector_Energy,0.09207947209080841,6.209620951443462e-17
2019-12-05 00:00:00,sector_Financials,0.04083162503876616,3.15784809691981e-17
2019-12-05 00:00:00,sector_Healthcare,-0.20811823285852737,1.8689305063402958e-17
2019-12-05 00:00:00,sector_Industrials,0.08184960310645467,1.2931944063243758e-16
2019-12-05 00:00:00,sector_Other,0.037842010050044166,-2.4950045234241777e-17
2019-12-05 00:00:00,sector_Technology,0.04113113646955609,-4.2062589404104883e-17
2019-12-05 00:00:00,sector_Utilities,0.0039379586459671705,-2.3359473061841455e-17
2019-12-05 00:00:00,size_factor,-0.02636271652876461,1.9779373633257462e-18
2019-12-05 00:00:00,smb_beta,0.4121131150036985,5.465133555809285e-16
2019-12-05 00:00:00,rmw_beta,0.6124279652907398,5.231873041094954e-16
2019-12-12 00:00:00,market_beta,0.10700716185154881,1.3844019405835163e-16
2019-12-12 00:00:00,sector_Consumer Discretionary,0.0009804416905713946,1.337373936658859e-16
2019-12-12 00:00:00,sector_Consumer Staples,0.006287831703150715,-1.4313537029631099e-16
2019-12-12 00:00:00,sector_Energy,0.0539708489965751,1.1424195592908537e-16
2019-12-12 00:00:00,sector_Financials,0.01836905073842418,-6.162908241024693e-17
2019-12-12 00:00:00,sector_Healthcare,-0.13349043900430377,-1.0713978942089083e-16
2019-12-12 00:00:00,sector_Industrials,0.07529597655390394,3.988328011910668e-17
2019-12-12 00:00:00,sector_Other,-0.024695096236643895,-1.9218933456960611e-16
2019-12-12 00:00:00,sector_Technology,0.06323905545032621,4.836943813119789e-16
2019-12-12 00:00:00,sector_Utilities,0.02488840499501936,4.9233465878426594e-17
2019-12-12 00:00:00,size_factor,0.014741096920879774,4.767015717139526e-16
2019-12-12 00:00:00,smb_beta,0.011121245300446997,1.8547080630276748e-16
2019-12-12 00:00:00,rmw_beta,0.20711653079715583,1.7331793084519285e-16
2019-12-19 00:00:00,market_beta,0.24822716907995857,1.0584602796241112e-16
2019-12-19 00:00:00,sector_Consumer Discretionary,-0.025499543332000052,5.907479714424135e-17
2019-12-19 00:00:00,sector_Consumer Staples,-0.08039609355059765,3.184721749700409e-17
2019-12-19 00:00:00,sector_Energy,0.0032544483775678256,2.481114140404858e-16
2019-12-19 00:00:00,sector_Financials,0.04966693198760958,-1.9127946680981382e-17
2019-12-19 00:00:00,sector_Healthcare,-0.1877563821134383,1.8773725446148395e-16
2019-12-19 00:00:00,sector_Industrials,0.16994091243271983,2.1830576786688803e-16
2019-12-19 00:00:00,sector_Other,0.004508904456588038,-3.612357080623244e-16
2019-12-19 00:00:00,sector_Technology,0.1062831842228099,5.109967065239033e-16
2019-12-19 00:00:00,sector_Utilities,-0.11608127083033716,-8.260452085538528e-16
2019-12-19 00:00:00,size_factor,0.030078781813512197,7.958092110657233e-16
2019-12-19 00:00:00,smb_beta,0.09187443627387522,1.1999745013409407e-16
2019-12-19 00:00:00,rmw_beta,0.16694196686376514,-3.484555088811612e-17
2019-12-27 00:00:00,market_beta,-0.09490472983430373,2.784273020918791e-16
2019-12-27 00:00:00,sector_Consumer Discretionary,-0.06299021364695467,-8.01372189573407e-17
2019-12-27 00:00:00,sector_Consumer Staples,-0.006915592370682004,2.122201891862225e-17
2019-12-27 00:00:00,sector_Energy,0.04527484487069624,1.0102334067799239e-16
2019-12-27 00:00:00,sector_Financials,-0.008080713965848986,9.375936461777804e-17
2019-12-27 00:00:00,sector_Healthcare,-0.02803110733963671,-2.1462987081178103e-17
2019-12-27 00:00:00,sector_Industrials,0.05099658809005776,1.6244410893046653e-16
2019-12-27 00:00:00,sector_Other,0.07583451132412436,-1.920000729888147e-16
2019-12-27 00:00:00,sector_Technology,-0.124123391428322,3.648632436652062e-16
2019-12-27 00:00:00,sector_Utilities,0.018562144459552874,-3.864503716777792e-16
2019-12-27 00:00:00,size_factor,-0.03313547782211645,3.212903255006592e-16
2019-12-27 00:00:00,smb_beta,-0.23680134697591915,4.957644420960779e-16
2019-12-27 00:00:00,rmw_beta,-0.1580955125577288,2.2907750362593483e-16
2020-01-06 00:00:00,market_beta,-0.08987295825699648,-1.6214087964747697e-16
2020-01-06 00:00:00,sector_Consumer Discretionary,-0.09815777596424859,-2.2514515265717173e-17
2020-01-06 00:00:00,sector_Consumer Staples,0.050833676401094055,-1.2074792478771252e-16
2020-01-06 00:00:00,sector_Energy,0.043130538445956774,5.39866623650537e-18
2020-01-06 00:00:00,sector_Financials,0.12074653263558079,-3.268684790718079e-16
2020-01-06 00:00:00,sector_Healthcare,0.06577510978533864,1.1477824455956615e-16
2020-01-06 00:00:00,sector_Industrials,0.03963882777630449,-1.2563060050552521e-16
2020-01-06 00:00:00,sector_Other,-0.00875092578978418,1.8141984738041246e-16
2020-01-06 00:00:00,sector_Technology,-0.1494237343806288,1.5137215717424183e-16
2020-01-06 00:00:00,sector_Utilities,0.006079289112931954,-6.173421198773813e-17
2020-01-06 00:00:00,size_factor,-0.05768044439562445,3.2634387403493176e-16
2020-01-06 00:00:00,smb_beta,0.05346241345926662,6.563208493988069e-17
2020-01-06 00:00:00,rmw_beta,0.06160071817086124,3.1186620396300164e-18
2020-01-13 00:00:00,market_beta,0.010311887018077882,5.056153763035076e-18
2020-01-13 00:00:00,sector_Consumer Discretionary,-0.11038158288677283,-3.4764726933471306e-16
2020-01-13 00:00:00,sector_Consumer Staples,-0.008359145285218165,1.8178978306856954e-17
2020-01-13 00:00:00,sector_Energy,0.06849422097629485,-1.1687219231638983e-16
2020-01-13 00:00:00,sector_Financials,0.07922723541455952,9.160441858355003e-17
2020-01-13 00:00:00,sector_Healthcare,0.026433285871294423,2.509444987957814e-16
2020-01-13 00:00:00,sector_Industrials,0.10169418970058078,-1.8955791810197596e-16
2020-01-13 00:00:00,sector_Other,-0.029884472535422937,-1.7299706842850988e-16
2020-01-13 00:00:00,sector_Technology,-0.05636267233701143,5.16050516806054e-16
2020-01-13 00:00:00,sector_Utilities,0.009320008922188552,-1.3872025574014504e-16
2020-01-13 00:00:00,size_factor,-0.09876038641266856,7.460912566687954e-16
2020-01-13 00:00:00,smb_beta,0.3594834483507471,2.8362805181389734e-16
2020-01-13 00:00:00,rmw_beta,0.30948013079413494,1.2571288223763812e-16
2020-01-21 00:00:00,market_beta,0.2924716507743812,-5.597629271204102e-16
2020-01-21 00:00:00,sector_Consumer Discretionary,-0.09270381265658004,1.7840089597290145e-16
2020-01-21 00:00:00,sector_Consumer Staples,-0.002106027077173045,5.68573484325912e-16
2020-01-21 00:00:00,sector_Energy,0.052621788116080204,9.417177725149046e-17
2020-01-21 00:00:00,sector_Financials,0.024822069923900764,-4.7616873055809435e-17
2020-01-21 00:00:00,sector_Healthcare,-0.011080125655486547,9.059847528317726e-17
2020-01-21 00:00:00,sector_Industrials,0.054335303724920674,-1.550990028683665e-16
2020-01-21 00:00:00,sector_Other,0.02526376867036649,-3.289312841328885e-16
2020-01-21 00:00:00,sector_Technology,-0.03633509268289235,1.264677209723779e-16
2020-01-21 00:00:00,sector_Utilities,-0.059756561214885685,4.450600898175727e-17
2020-01-21 00:00:00,size_factor,-0.0655855637800456,5.643374957561141e-16
2020-01-21 00:00:00,smb_beta,0.34395350548545445,-5.622454898631286e-16
2020-01-21 00:00:00,rmw_beta,0.39356295947152004,-5.656957827877659e-16
2020-01-28 00:00:00,market_beta,0.22372113146651657,2.0557905469639747e-15
2020-01-28 00:00:00,sector_Consumer Discretionary,-0.030467553891644412,-2.329877873036983e-16
2020-01-28 00:00:00,sector_Consumer Staples,-0.09862878999564254,6.787280352410343e-17
2020-01-28 00:00:00,sector_Energy,0.10790023928729306,2.0058991100507877e-16
2020-01-28 00:00:00,sector_Financials,0.10639161141355792,1.755744757033351e-16
2020-01-28 00:00:00,sector_Healthcare,0.10874362345531526,-4.662606937552144e-16
2020-01-28 00:00:00,sector_Industrials,0.012452289526400573,3.4934108971928634e-16
2020-01-28 00:00:00,sector_Other,-0.06357234422166982,-7.68554727669072e-17
2020-01-28 00:00:00,sector_Technology,-0.02911874939837183,3.7361293537206534e-16
2020-01-28 00:00:00,sector_Utilities,-0.04986324049897289,-5.109562992472627e-16
2020-01-28 00:00:00,size_factor,-0.012734246936255581,-1.9124180367303804e-16
2020-01-28 00:00:00,smb_beta,0.3625725242586532,1.5975385503909287e-15
2020-01-28 00:00:00,rmw_beta,0.16511457463271914,2.318868962213649e-15
2020-02-04 00:00:00,market_beta,0.36354440080755485,5.550355891948667e-16
2020-02-04 00:00:00,sector_Consumer Discretionary,0.02568505696640399,1.3708339570256838e-16
2020-02-04 00:00:00,sector_Consumer Staples,-0.13602533647077245,-4.456837699509594e-17
2020-02-04 00:00:00,sector_Energy,0.09107127518679173,-1.3140182057347564e-16
2020-02-04 00:00:00,sector_Financials,0.05094271492332474,1.287840982980764e-16
2020-02-04 00:00:00,sector_Healthcare,0.017836961336414773,-1.3556220873481726e-16
2020-02-04 00:00:00,sector_Industrials,0.06628317374152899,4.0281440329916876e-17
2020-02-04 00:00:00,sector_Other,-0.046455967434461926,-1.7664853828862872e-16
2020-02-04 00:00:00,sector_Technology,0.04475361711340886,2.6997393718607123e-16
2020-02-04 00:00:00,sector_Utilities,-0.10394669434225859,-1.4188929786945596e-16
2020-02-04 00:00:00,size_factor,-0.011232999345064328,1.7577127416298657e-16
2020-02-04 00:00:00,smb_beta,0.42008222447473104,1.826911378045461e-16
2020-02-04 00:00:00,rmw_beta,0.2500680157400003,2.453159986056662e-16
2020-02-11 00:00:00,market_beta,0.39766321068602245,8.629525341477754e-16
2020-02-11 00:00:00,sector_Consumer Discretionary,0.07771469306920771,-1.9985683264693936e-16
2020-02-11 00:00:00,sector_Consumer Staples,-0.12098390379620963,-1.5715504519161498e-16
2020-02-11 00:00:00,sector_Energy,0.09417376197118991,1.419817959255744e-16
2020-02-11 00:00:00,sector_Financials,0.0737612861282685,1.6812584588132942e-16
2020-02-11 00:00:00,sector_Healthcare,0.08606644865384093,2.8739460834415285e-17
2020-02-11 00:00:00,sector_Industrials,0.018567134102713122,1.855549823355062e-16
2020-02-11 00:00:00,sector_Other,-0.060355729817766254,1.3568784534217447e-16
2020-02-11 00:00:00,sector_Technology,-0.020019257152969424,-4.749544522368642e-17
2020-02-11 00:00:00,sector_Utilities,-0.11643419865791088,-5.897654237491928e-16
2020-02-11 00:00:00,size_factor,0.03947931981813867,2.267410862234317e-16
2020-02-11 00:00:00,smb_beta,0.22842127359191483,8.09917815622218e-16
2020-02-11 00:00:00,rmw_beta,0.20424064380844856,1.2221452775569374e-15
2020-02-19 00:00:00,market_beta,0.20069223238000466,4.31776952076323e-16
2020-02-19 00:00:00,sector_Consumer Discretionary,-0.058188355176446875,-5.0059156542222655e-17
2020-02-19 00:00:00,sector_Consumer Staples,-0.08327138948028392,3.378510982897024e-17
2020-02-19 00:00:00,sector_Energy,0.09235212094538457,1.3711463419379781e-16
2020-02-19 00:00:00,sector_Financials,0.040823490589730824,3.1808935802881495e-16
2020-02-19 00:00:00,sector_Healthcare,0.11088430267033554,1.424647317812453e-16
2020-02-19 00:00:00,sector_Industrials,0.06779096767631221,1.4777622060047259e-16
2020-02-19 00:00:00,sector_Other,-0.03401398172959438,-5.531718609595186e-16
2020-02-19 00:00:00,sector_Technology,-0.02617716406491687,3.3604959401065175e-16
2020-02-19 00:00:00,sector_Utilities,-0.06061396200330959,1.4580278336053855e-16
2020-02-19 00:00:00,size_factor,-0.036798516239329955,1.7583535805763703e-16
2020-02-19 00:00:00,smb_beta,0.409397479027421,1.0446693547040823e-16
2020-02-19 00:00:00,rmw_beta,0.4256397934479033,4.733169607523699e-16
2020-02-26 00:00:00,market_beta,0.019410085603717334,-1.4978554763880767e-16
2020-02-26 00:00:00,sector_Consumer Discretionary,0.07923486165416287,3.502720189113756e-16
2020-02-26 00:00:00,sector_Consumer Staples,-0.06218963994794563,-2.942830315845089e-17
2020-02-26 00:00:00,sector_Energy,0.055497818872671044,6.66396058236121e-17
2020-02-26 00:00:00,sector_Financials,-0.02003368979819961,-3.318774320300227e-16
2020-02-26 00:00:00,sector_Healthcare,0.11166666980143297,-7.748680131097445e-17
2020-02-26 00:00:00,sector_Industrials,0.01879446581542931,-9.653964663994788e-17
2020-02-26 00:00:00,sector_Other,-0.11111265089691649,1.3805247252753762e-16
2020-02-26 00:00:00,sector_Technology,0.0726088553603189,1.1010337207754775e-16
2020-02-26 00:00:00,sector_Utilities,0.053572520487077877,-3.9417378106305245e-16
2020-02-26 00:00:00,size_factor,0.04005524768508096,3.67220704546061e-16
2020-02-26 00:00:00,smb_beta,-0.016333912454549213,-7.531582152083347e-17
2020-02-26 00:00:00,rmw_beta,0.024731972908055143,-3.0389382578805345e-16
2020-03-04 00:00:00,market_beta,-0.33633314544241694,1.5763302496218545e-15
2020-03-04 00:00:00,sector_Consumer Discretionary,0.09336638820551757,-1.428215841578798e-15
2020-03-04 00:00:00,sector_Consumer Staples,-0.062056620855927995,-1.3573650909427904e-15
2020-03-04 00:00:00,sector_Energy,-0.05587312350571835,-1.0464558444761018e-16
2020-03-04 00:00:00,sector_Financials,0.0033321417648946063,-1.08935855515384e-15
2020-03-04 00:00:00,sector_Healthcare,0.0966488664229718,-1.6334710488831253e-15
2020-03-04 00:00:00,sector_Industrials,-0.043480063418790266,-2.8970355738912585e-16
2020-03-04 00:00:00,sector_Other,0.03162516275554202,2.5889031599056023e-15
2020-03-04 00:00:00,sector_Technology,-0.13755479538771453,-1.884424372578056e-16
2020-03-04 00:00:00,sector_Utilities,0.034566813280399934,-5.866201519626389e-16
2020-03-04 00:00:00,size_factor,-0.12254392761938278,-2.512318041084397e-15
2020-03-04 00:00:00,smb_beta,-0.01265596266380392,2.4444496658089806e-15
2020-03-04 00:00:00,rmw_beta,-0.2527193181804937,4.112812531856373e-15
2020-03-11 00:00:00,market_beta,0.750997784728787,8.965331047866976e-16
2020-03-11 00:00:00,sector_Consumer Discretionary,0.04281667166950159,2.793784604855686e-16
2020-03-11 00:00:00,sector_Consumer Staples,-0.11665523684187781,3.400764804527012e-16
2020-03-11 00:00:00,sector_Energy,-0.008050340655247804,-2.7001575945618967e-17
2020-03-11 00:00:00,sector_Financials,0.15766864172865538,4.20793501912856e-16
2020-03-11 00:00:00,sector_Healthcare,-0.03697974303460366,-1.4674231452191964e-17
2020-03-11 00:00:00,sector_Industrials,-0.0057947068851417075,-9.427791786843351e-17
2020-03-11 00:00:00,sector_Other,-0.07031942080877578,-3.520252534209921e-16
2020-03-11 00:00:00,sector_Technology,0.07890805308243423,1.1349742111716008e-16
2020-03-11 00:00:00,sector_Utilities,-0.03455299576122978,-7.990490346144004e-16
2020-03-11 00:00:00,size_factor,-0.10051205900385059,2.641497429145632e-16
2020-03-11 00:00:00,smb_beta,0.25181440221627477,-1.1192967597011231e-15
2020-03-11 00:00:00,rmw_beta,0.3830910621315034,1.6844101737759681e-16
2020-03-18 00:00:00,market_beta,0.09766889454077722,1.1044150556718121e-15
2020-03-18 00:00:00,sector_Consumer Discretionary,0.025594013714063953,6.437060708624207e-17
2020-03-18 00:00:00,sector_Consumer Staples,-0.03351245893350388,-3.7493451089173185e-16
2020-03-18 00:00:00,sector_Energy,-0.0044794737171399875,-1.3525908624056665e-16
2020-03-18 00:00:00,sector_Financials,0.055155616441596916,4.441237733923199e-16
2020-03-18 00:00:00,sector_Healthcare,-0.013465524835694812,-4.677354170410257e-16
2020-03-18 00:00:00,sector_Industrials,-0.07644121084193706,-2.3510567757326997e-16
2020-03-18 00:00:00,sector_Other,-0.05574730787920383,-3.16384730322853e-16
2020-03-18 00:00:00,sector_Technology,0.0990173996655755,1.0640836672016116e-15
2020-03-18 00:00:00,sector_Utilities,0.08931576281262485,-1.6736790762299478e-16
2020-03-18 00:00:00,size_factor,0.06375746793223445,5.331918548804446e-16
2020-03-18 00:00:00,smb_beta,0.01633823913470989,9.594890605932842e-17
2020-03-18 00:00:00,rmw_beta,-0.22173152038569305,9.151110368531711e-16
2020-03-25 00:00:00,market_beta,-0.0819601528453856,-7.31562528693654e-17
2020-03-25 00:00:00,sector_Consumer Discretionary,-0.045528979113063944,-7.043248107663993e-18
2020-03-25 00:00:00,sector_Consumer Staples,0.0047048397186980374,1.4181202240652887e-16
2020-03-25 00:00:00,sector_Energy,-0.016817931352874616,2.215473506212858e-16
2020-03-25 00:00:00,sector_Financials,0.1872796784693491,1.4325489875954903e-16
2020-03-25 00:00:00,sector_Healthcare,0.0756363751941107,1.6299934809480675e-17
2020-03-25 00:00:00,sector_Industrials,0.011909325839711049,-1.5823278717278846e-16
2020-03-25 00:00:00,sector_Other,-0.13726898552471892,-1.6041072514711055e-16
2020-03-25 00:00:00,sector_Technology,0.015412718332139728,5.4553583603175084e-17
2020-03-25 00:00:00,sector_Utilities,0.11605826520586086,-1.3964952652411602e-16
2020-03-25 00:00:00,size_factor,0.09652786203757166,3.652840093339949e-17
2020-03-25 00:00:00,smb_beta,-0.6284010306718653,-2.1629788406179152e-16
2020-03-25 00:00:00,rmw_beta,0.4224325867585497,1.0716981550671586e-16
2020-04-01 00:00:00,market_beta,0.5575137537003743,-7.685883834827232e-16
2020-04-01 00:00:00,sector_Consumer Discretionary,0.04734970723416486,-4.0063103110123365e-17
2020-04-01 00:00:00,sector_Consumer Staples,-0.15219939178994524,3.8608835929878517e-16
2020-04-01 00:00:00,sector_Energy,0.026211403486127167,-1.7899635444387206e-16
2020-04-01 00:00:00,sector_Financials,-0.042900394628905276,4.6450804206250325e-16
2020-04-01 00:00:00,sector_Healthcare,-0.1430231299129143,5.754713393549416e-16
2020-04-01 00:00:00,sector_Industrials,0.03322507556102857,2.5056148717411703e-16
2020-04-01 00:00:00,sector_Other,0.1576361609936395,-1.4703116878096221e-15
2020-04-01 00:00:00,sector_Technology,-0.08191440426953496,1.2974279835619522e-15
2020-04-01 00:00:00,sector_Utilities,-0.008140225224897827,-5.833882180839083e-19
2020-04-01 00:00:00,size_factor,-0.20115028948362876,1.902311013803195e-15
2020-04-01 00:00:00,smb_beta,0.884292107849126,-7.559908704985316e-16
2020-04-01 00:00:00,rmw_beta,-0.07857280511094625,5.925022678336174e-16
2020-04-08 00:00:00,market_beta,-0.3886442289406726,-1.2849981074463007e-16
2020-04-08 00:00:00,sector_Consumer Discretionary,-0.03250332893938367,2.9756273986292876e-16
2020-04-08 00:00:00,sector_Consumer Staples,0.07197836259206795,1.1971856494635801e-16
2020-04-08 00:00:00,sector_Energy,-0.07072991603981743,6.402184992189739e-16
2020-04-08 00:00:00,sector_Financials,-0.08005345762843691,5.862754767416697e-16
2020-04-08 00:00:00,sector_Healthcare,0.1659289442550986,4.991438488123285e-16
2020-04-08 00:00:00,sector_Industrials,-0.0733797904628892,3.8669584271302623e-16
2020-04-08 00:00:00,sector_Other,-0.03684957750223404,-1.3330931150724468e-15
2020-04-08 00:00:00,sector_Technology,0.023944748989359322,6.211256073851931e-16
2020-04-08 00:00:00,sector_Utilities,0.04630596474910307,-4.68143639283479e-17
2020-04-08 00:00:00,size_factor,0.06592115712253827,1.301231079004378e-15
2020-04-08 00:00:00,smb_beta,-0.4194785334376858,1.236652816541232e-16
2020-04-08 00:00:00,rmw_beta,-0.15849227937037016,8.629139020292757e-17
2020-04-16 00:00:00,market_beta,-0.07838406318798687,1.9840642305051477e-16
2020-04-16 00:00:00,sector_Consumer Discretionary,-0.11646592690886097,-8.46982814543759e-17
2020-04-16 00:00:00,sector_Consumer Staples,0.01720876524568608,-2.97681271319482e-16
2020-04-16 00:00:00,sector_Energy,-0.005186231946814275,1.3743592807510684e-17
2020-04-16 00:00:00,sector_Financials,0.10467333409817689,1.5465955478066144e-19
2020-04-16 00:00:00,sector_Healthcare,0.04389238884955064,-3.413336374009198e-16
2020-04-16 00:00:00,sector_Industrials,0.0394250155043789,-8.913895074470757e-17
2020-04-16 00:00:00,sector_Other,-0.07413714080888134,2.327516738218865e-16
2020-04-16 00:00:00,sector_Technology,0.04858874924868051,1.3095880208998472e-16
2020-04-16 00:00:00,sector_Utilities,0.02199615566697554,-3.867921366509748e-17
2020-04-16 00:00:00,size_factor,0.1428214371812506,-3.057447821651913e-16
2020-04-16 00:00:00,smb_beta,-0.39020147871930955,1.0132880794683391e-16
2020-04-16 00:00:00,rmw_beta,0.23714911028548463,-5.0700148591968525e-17
2020-04-23 00:00:00,market_beta,-0.048859321630438664,-1.961795365118684e-17
2020-04-23 00:00:00,sector_Consumer Discretionary,0.07183076963772253,7.210200269561218e-16
2020-04-23 00:00:00,sector_Consumer Staples,0.01907705159993417,4.1144607687568007e-16
2020-04-23 00:00:00,sector_Energy,-0.08536618612805735,4.602978058369338e-16
2020-04-23 00:00:00,sector_Financials,-0.019058638699188286,8.266584978295289e-16
2020-04-23 00:00:00,sector_Healthcare,-0.13528998669854614,9.123946279477982e-16
2020-04-23 00:00:00,sector_Industrials,-0.019777119929684287,5.780769361986304e-16
2020-04-23 00:00:00,sector_Other,-0.05575115859325884,-2.2185876063982213e-15
2020-04-23 00:00:00,sector_Technology,0.19204925512223284,9.316074876343073e-16
2020-04-23 00:00:00,sector_Utilities,0.04302753109695575,1.2434985589038022e-16
2020-04-23 00:00:00,size_factor,0.10298703080132919,2.760577573365731e-16
2020-04-23 00:00:00,smb_beta,-0.07542776958270105,1.5776533055687106e-16
2020-04-23 00:00:00,rmw_beta,-0.05346631592733841,-1.4016734111000069e-16
2020-04-30 00:00:00,market_beta,0.17722762874213216,-1.6886336734330805e-16
2020-04-30 00:00:00,sector_Consumer Discretionary,-0.14203541018629756,8.22331214934082e-16
2020-04-30 00:00:00,sector_Consumer Staples,-0.0682703987243058,4.819910162299962e-16
2020-04-30 00:00:00,sector_Energy,0.07192811126893352,4.3442400348372664e-16
2020-04-30 00:00:00,sector_Financials,0.0945703948142801,8.034737027859251e-16
2020-04-30 00:00:00,sector_Healthcare,-0.09476897913946258,6.341708260999428e-16
2020-04-30 00:00:00,sector_Industrials,0.0724764547931505,4.3924649355276705e-16
2020-04-30 00:00:00,sector_Other,0.0012518986746339617,-2.182693906232679e-15
2020-04-30 00:00:00,sector_Technology,0.060049706843994105,1.2330486125438002e-15
2020-04-30 00:00:00,sector_Utilities,0.015496093760311214,1.8550455642829607e-16
2020-04-30 00:00:00,size_factor,0.038182513601859855,2.274927917939291e-15
2020-04-30 00:00:00,smb_beta,0.1632349125155706,-4.666038878453885e-16
2020-04-30 00:00:00,rmw_beta,0.21602750547627173,-9.134950971124605e-17
2020-05-07 00:00:00,market_beta,0.05379425240839148,-9.572055302555058e-16
2020-05-07 00:00:00,sector_Consumer Discretionary,-0.09811544913684599,-4.273750696389121e-16
2020-05-07 00:00:00,sector_Consumer Staples,0.028175293017238836,-1.6428910607378994e-16
2020-05-07 00:00:00,sector_Energy,-0.022826480923740466,-3.410449212248746e-16
2020-05-07 00:00:00,sector_Financials,0.19208679688314548,-3.0937909097578847e-16
2020-05-07 00:00:00,sector_Healthcare,-0.00870062892312259,-4.3847485365285096e-16
2020-05-07 00:00:00,sector_Industrials,0.09763645057026704,-1.2087080539880312e-16
2020-05-07 00:00:00,sector_Other,-0.10651591508477637,1.3372773046636605e-15
2020-05-07 00:00:00,sector_Technology,0.028274567575398264,-1.1504030745640537e-15
2020-05-07 00:00:00,sector_Utilities,-0.04414710047832293,-7.61711523860382e-17
2020-05-07 00:00:00,size_factor,-0.03458801485260729,-1.5160042802717638e-15
2020-05-07 00:00:00,smb_beta,0.007883687273529356,-4.457146574078256e-16
2020-05-07 00:00:00,rmw_beta,0.292774465237267,-5.168263123102191e-16
2020-05-14 00:00:00,market_beta,-0.5810484196134317,3.5641642412667495e-16
2020-05-14 00:00:00,sector_Consumer Discretionary,0.013196667611677624,-3.4836661118413706e-16
2020-05-14 00:00:00,sector_Consumer Staples,0.14548331053368896,-1.9123877887925148e-16
2020-05-14 00:00:00,sector_Energy,-0.05399661144078903,-2.4023589713045366e-16
2020-05-14 00:00:00,sector_Financials,0.007495133518496525,-2.417346202692357e-16
2020-05-14 00:00:00,sector_Healthcare,0.21891214031998932,-4.995848818897537e-16
2020-05-14 00:00:00,sector_Industrials,0.012657802134617533,-3.0458425403634165e-16
2020-05-14 00:00:00,sector_Other,-0.21833496617431558,1.3292816795615344e-15
2020-05-14 00:00:00,sector_Technology,0.09585756612767996,-1.222204703600296e-15
2020-05-14 00:00:00,sector_Utilities,0.041101138513213835,-1.2619087691658732e-16
2020-05-14 00:00:00,size_factor,0.22035707292737575,-1.8781329284500767e-15
2020-05-14 00:00:00,smb_beta,-0.6397322940957308,8.545373627108376e-16
2020-05-14 00:00:00,rmw_beta,-0.4541634652802257,4.0964446008830955e-16
2020-05-21 00:00:00,market_beta,-0.38850913416836225,-1.698671385381912e-16
2020-05-21 00:00:00,sector_Consumer Discretionary,-0.01355950094447108,-3.5481140087842924e-16
2020-05-21 00:00:00,sector_Consumer Staples,0.11374664463051282,-2.146523874492166e-16
2020-05-21 00:00:00,sector_Energy,0.0029396931342030117,-1.8660555014475938e-16
2020-05-21 00:00:00,sector_Financials,0.03114516773647853,-4.1853336369358876e-16
2020-05-21 00:00:00,sector_Healthcare,0.21972476753332032,-2.122073503228345e-16
2020-05-21 00:00:00,sector_Industrials,0.01856861529327528,-2.296110223149372e-16
2020-05-21 00:00:00,sector_Other,-0.1928399033302558,1.1081984816992806e-15
2020-05-21 00:00:00,sector_Technology,0.0431304768114496,-7.394624748373806e-16
2020-05-21 00:00:00,sector_Utilities,0.039911524300293495,-2.5891657904546336e-16
2020-05-21 00:00:00,size_factor,0.13965924664081852,-5.393588910627263e-16
2020-05-21 00:00:00,smb_beta,-0.4646535942307517,-2.861198570063095e-16
2020-05-21 00:00:00,rmw_beta,-0.30795670094524175,2.0229391088909746e-16
2020-05-29 00:00:00,market_beta,-0.10138028723596326,-4.3661603881573815e-16
2020-05-29 00:00:00,sector_Consumer Discretionary,-0.022243017601245474,-9.798575897616983e-17
2020-05-29 00:00:00,sector_Consumer Staples,0.04763021350378629,7.976155381830053e-17
2020-05-29 00:00:00,sector_Energy,0.007108881696854277,-9.365603012452564e-17
2020-05-29 00:00:00,sector_Financials,-0.002419638035747452,-1.307163022796699e-16
2020-05-29 00:00:00,sector_Healthcare,0.16662191423027214,-4.9111159509731236e-17
2020-05-29 00:00:00,sector_Industrials,0.0988048071045509,-4.7503451076569136e-17
2020-05-29 00:00:00,sector_Other,-0.11026857800860138,4.253454437930682e-17
2020-05-29 00:00:00,sector_Technology,0.019392199687132,4.6667332388774577e-17
2020-05-29 00:00:00,sector_Utilities,-0.13398183028430802,7.113582303226362e-17
2020-05-29 00:00:00,size_factor,0.13650608529165972,-2.276360213798737e-16
2020-05-29 00:00:00,smb_beta,-0.07594206543509642,-4.485881285493279e-16
2020-05-29 00:00:00,rmw_beta,0.04952785613528527,-2.848631945132327e-16
2020-06-05 00:00:00,market_beta,-0.45421337226652264,-3.5452367881504323e-16
2020-06-05 00:00:00,sector_Consumer Discretionary,-0.01151197717387627,3.065154858898471e-16
2020-06-05 00:00:00,sector_Consumer Staples,0.04429186302128259,2.161464452588659e-16
2020-06-05 00:00:00,sector_Energy,-0.017487655861806374,-2.807016861521701e-17
2020-06-05 00:00:00,sector_Financials,-0.038236368269071896,2.9246593259380314e-16
2020-06-05 00:00:00,sector_Healthcare,0.2922483765801151,-6.875618983290423e-16
2020-06-05 00:00:00,sector_Industrials,-0.08234371769250608,8.352016267000397e-17
2020-06-05 00:00:00,sector_Other,-0.16464869715590383,-6.589499585068163e-16
2020-06-05 00:00:00,sector_Technology,0.12669574668904604,9.907551275549998e-16
2020-06-05 00:00:00,sector_Utilities,0.011529910728059504,9.713750152133558e-17
2020-06-05 00:00:00,size_factor,0.21487351995557616,1.0406180566429994e-15
2020-06-05 00:00:00,smb_beta,-0.5662392614519788,-3.536383976891574e-16
2020-06-05 00:00:00,rmw_beta,-0.4705359859347581,-2.295018127176047e-16
2020-06-12 00:00:00,market_beta,-0.5572100659889209,3.9907636802274985e-16
2020-06-12 00:00:00,sector_Consumer Discretionary,0.02834888155052179,6.194977386818139e-17
2020-06-12 00:00:00,sector_Consumer Staples,0.07718455724952268,4.573869170677553e-16
2020-06-12 00:00:00,sector_Energy,0.004686058661061563,1.4972348150053326e-16
2020-06-12 00:00:00,sector_Financials,-0.07929022093659306,3.62253057810135e-16
2020-06-12 00:00:00,sector_Healthcare,0.16122571097102606,8.52194891725358e-17
2020-06-12 00:00:00,sector_Industrials,-0.07096571783430985,1.52125874445672e-16
2020-06-12 00:00:00,sector_Other,-0.04587168304995791,-3.4719377599061996e-16
2020-06-12 00:00:00,sector_Technology,-0.0016859727923326838,-1.7024807803748923e-16
2020-06-12 00:00:00,sector_Utilities,-0.00420138149107107,-4.159094162423079e-16
2020-06-12 00:00:00,size_factor,0.092082408305238,2.1946585534744178e-16
2020-06-12 00:00:00,smb_beta,-0.4993874311636395,3.5106954475797184e-16
2020-06-12 00:00:00,rmw_beta,-0.5669696875490017,1.4907742379779838e-16
2020-06-19 00:00:00,market_beta,-0.6393077545831198,2.472205917223448e-16
2020-06-19 00:00:00,sector_Consumer Discretionary,0.08351906804779405,-3.2748247672048083e-16
2020-06-19 00:00:00,sector_Consumer Staples,0.06554316616919584,-1.7184093718108153e-16
2020-06-19 00:00:00,sector_Energy,-0.00970058582019675,6.961297598021599e-17
2020-06-19 00:00:00,sector_Financials,-0.14329803339768277,1.0255789230479498e-16
2020-06-19 00:00:00,sector_Healthcare,0.15473292762262933,1.1757600370202893e-16
2020-06-19 00:00:00,sector_Industrials,-0.08671017531357177,-5.0747464232697344e-17
2020-06-19 00:00:00,sector_Other,-0.12855470938332844,-2.0360092057740006e-16
2020-06-19 00:00:00,sector_Technology,0.17248629299323806,2.8190549289607247e-16
2020-06-19 00:00:00,sector_Utilities,0.008234307683033484,-2.3140465324938957e-17
2020-06-19 00:00:00,size_factor,0.18562016221115848,-3.861335890196604e-16
2020-06-19 00:00:00,smb_beta,-0.6706135860569239,1.8610690113770634e-16
2020-06-19 00:00:00,rmw_beta,-0.6783642830097303,1.6124649670708117e-16
2020-06-26 00:00:00,market_beta,-0.4049305291685418,-1.228359735177211e-15
2020-06-26 00:00:00,sector_Consumer Discretionary,0.03946388651347788,5.562750747613376e-16
2020-06-26 00:00:00,sector_Consumer Staples,0.018785601602268484,-6.410719246646139e-17
2020-06-26 00:00:00,sector_Energy,-0.05260052473955075,6.615269243878637e-17
2020-06-26 00:00:00,sector_Financials,-0.0631287609877978,3.7552667750814037e-16
2020-06-26 00:00:00,sector_Healthcare,0.19902792223821247,4.476139746286117e-16
2020-06-26 00:00:00,sector_Industrials,-0.06622239009906733,2.378854462537853e-16
2020-06-26 00:00:00,sector_Other,-0.059903963560063354,-8.518364526195795e-16
2020-06-26 00:00:00,sector_Technology,0.038688428314956454,1.331817346713927e-16
2020-06-26 00:00:00,sector_Utilities,-0.033697014996660266,1.6233524615894966e-16
2020-06-26 00:00:00,size_factor,-0.033420490998378065,6.468437411469459e-16
2020-06-26 00:00:00,smb_beta,-0.47096700441991224,-1.2604245827475097e-15
2020-06-26 00:00:00,rmw_beta,-0.49732084054346304,-1.2684647744890813e-15
2020-07-06 00:00:00,market_beta,0.03176021222744095,5.448922140720178e-16
2020-07-06 00:00:00,sector_Consumer Discretionary,-0.08115218009215348,-1.0374900281948786e-16
2020-07-06 00:00:00,sector_Consumer Staples,-0.04996618116899665,1.9385447637764634e-17
2020-07-06 00:00:00,sector_Energy,0.015860067330939906,-5.329218310261259e-18
2020-07-06 00:00:00,sector_Financials,-0.03060671155625962,2.898528127548093e-16
2020-07-06 00:00:00,sector_Healthcare,-0.11742033765727698,-1.0722659609099481e-16
2020-07-06 00:00:00,sector_Industrials,0.05032336279746634,2.352660919406317e-16
2020-07-06 00:00:00,sector_Other,0.1425900824756255,-3.825209551448058e-17
2020-07-06 00:00:00,sector_Technology,-0.08051813371814655,-4.0602976732050826e-16
2020-07-06 00:00:00,sector_Utilities,0.021637235612863546,-2.351593831394812e-17
2020-07-06 00:00:00,size_factor,-0.2491330661477208,-2.6551134009941714e-16
2020-07-06 00:00:00,smb_beta,0.11355225885954796,6.546091736014292e-16
2020-07-06 00:00:00,rmw_beta,0.12131565930607273,7.770073496303079e-16
2020-07-13 00:00:00,market_beta,0.41294286912988637,2.2174659255037236e-15
2020-07-13 00:00:00,sector_Consumer Discretionary,0.046018134376513586,-2.34562924095063e-16
2020-07-13 00:00:00,sector_Consumer Staples,-0.16478387914880532,-2.579589428770358e-16
2020-07-13 00:00:00,sector_Energy,-0.0038196390676540344,2.475945699408556e-16
2020-07-13 00:00:00,sector_Financials,0.032296212828102196,4.0433873159824123e-16
2020-07-13 00:00:00,sector_Healthcare,-0.11717398858123601,-2.358210060626456e-16
2020-07-13 00:00:00,sector_Industrials,0.04192176692874989,2.9750629708197585e-16
2020-07-13 00:00:00,sector_Other,0.1796865672043685,2.4160377582385928e-17
2020-07-13 00:00:00,sector_Technology,-0.17922149821119218,-1.9688061896285828e-16
2020-07-13 00:00:00,sector_Utilities,-0.061848308080977896,-2.4242510044824754e-17
2020-07-13 00:00:00,size_factor,-0.10617052399321143,-4.982285436981921e-16
2020-07-13 00:00:00,smb_beta,0.4815990044601857,2.3813658213395787e-15
2020-07-13 00:00:00,rmw_beta,0.49008043659716305,2.3446977137477575e-15
2020-07-20 00:00:00,market_beta,0.040555309544796664,6.89635073763663e-16
2020-07-20 00:00:00,sector_Consumer Discretionary,-0.04196134222178627,1.1665813756212873e-16
2020-07-20 00:00:00,sector_Consumer Staples,-0.14332654127897831,-2.3696586189178133e-16
2020-07-20 00:00:00,sector_Energy,-0.0011532190172133026,1.6545444944844053e-17
2020-07-20 00:00:00,sector_Financials,0.011038318989841166,3.414844383534471e-16
2020-07-20 00:00:00,sector_Healthcare,-0.14712869065584558,-1.9105838196484e-16
2020-07-20 00:00:00,sector_Industrials,-0.02530091559042838,-2.259288367474748e-16
2020-07-20 00:00:00,sector_Other,0.12497993568863479,-2.827751726416707e-17
2020-07-20 00:00:00,sector_Technology,0.04893522179248439,2.3316129933441753e-16
2020-07-20 00:00:00,sector_Utilities,-0.030593530233047814,-1.0100339024302075e-16
2020-07-20 00:00:00,size_factor,-0.005571017653735219,2.8808479346345906e-16
2020-07-20 00:00:00,smb_beta,0.03904999947671999,7.69811575798755e-16
2020-07-20 00:00:00,rmw_beta,-0.018499882602545092,7.620138771989865e-16
2020-07-27 00:00:00,market_beta,0.11024453123738537,2.87083825414685e-15
2020-07-27 00:00:00,sector_Consumer Discretionary,-0.08914697364680568,-5.741325098715344e-16
2020-07-27 00:00:00,sector_Consumer Staples,-0.19858173899642143,-2.959909216440439e-16
2020-07-27 00:00:00,sector_Energy,-0.023646412553026,-1.2471755439792213e-16
2020-07-27 00:00:00,sector_Financials,-0.034773921611966525,1.4320045093315748e-16
2020-07-27 00:00:00,sector_Healthcare,-0.14230973742577724,-7.703006806037666e-16
2020-07-27 00:00:00,sector_Industrials,-0.023082945630844762,3.1705098492115973e-16
2020-07-27 00:00:00,sector_Other,0.14889710335916198,7.950974431854144e-16
2020-07-27 00:00:00,sector_Technology,0.11503927320244235,-5.680808674873161e-16
2020-07-27 00:00:00,sector_Utilities,-0.09443184073079815,-1.1398193652616354e-16
2020-07-27 00:00:00,size_factor,0.0017547199659275192,-1.2351106130818135e-15
2020-07-27 00:00:00,smb_beta,0.05147227441682641,3.2695042911231703e-15
2020-07-27 00:00:00,rmw_beta,-0.10336699856666962,3.2685203814003323e-15
2020-08-03 00:00:00,market_beta,0.16083457733128376,5.619826020381077e-16
2020-08-03 00:00:00,sector_Consumer Discretionary,0.011106519547823112,-3.138653063006009e-17
2020-08-03 00:00:00,sector_Consumer Staples,-0.025721346700449572,-1.1676095335789508e-16
2020-08-03 00:00:00,sector_Energy,0.05716911587560512,4.334208084489808e-17
2020-08-03 00:00:00,sector_Financials,0.01825448624289438,2.2121787636065645e-17
2020-08-03 00:00:00,sector_Healthcare,-0.03737466353838574,-7.393210864378405e-17
2020-08-03 00:00:00,sector_Industrials,0.0019011294186003789,5.22499812634105e-17
2020-08-03 00:00:00,sector_Other,-0.024562250495954736,5.801264221130957e-17
2020-08-03 00:00:00,sector_Technology,0.07169826608244784,-2.2146630691793533e-17
2020-08-03 00:00:00,sector_Utilities,-0.0997091182057961,1.5862205022932502e-17
2020-08-03 00:00:00,size_factor,0.0826455694489903,-3.0464302431576143e-16
2020-08-03 00:00:00,smb_beta,0.12584153585500443,5.4401150199061e-16
2020-08-03 00:00:00,rmw_beta,0.07883429225458546,5.070302996083271e-16
2020-08-10 00:00:00,market_beta,-0.10079935150768998,-4.419451784854436e-16
2020-08-10 00:00:00,sector_Consumer Discretionary,-0.05407219198248048,3.8624205142356085e-16
2020-08-10 00:00:00,sector_Consumer Staples,-0.08559415378331402,1.5273818539070417e-16
2020-08-10 00:00:00,sector_Energy,-0.03930265007950736,9.615422215221399e-17
2020-08-10 00:00:00,sector_Financials,0.042832611736108646,-3.7293046084623796e-16
2020-08-10 00:00:00,sector_Healthcare,0.06779854277601487,5.402983087157016e-17
2020-08-10 00:00:00,sector_Industrials,-0.04775130683703002,2.2457798079239508e-17
2020-08-10 00:00:00,sector_Other,-0.0375968412688429,-5.378705202140907e-16
2020-08-10 00:00:00,sector_Technology,0.13062260187771316,7.106848706008193e-16
2020-08-10 00:00:00,sector_Utilities,0.022130701252690406,1.4383854331041348e-16
2020-08-10 00:00:00,size_factor,0.16211163887227928,4.146000326945919e-17
2020-08-10 00:00:00,smb_beta,-0.1161583524122358,-3.3351858729419763e-16
2020-08-10 00:00:00,rmw_beta,-0.17654572679826533,-2.275071947127008e-16
2020-08-17 00:00:00,market_beta,0.09597392736494353,2.194143836385179e-15
2020-08-17 00:00:00,sector_Consumer Discretionary,-0.02736601825668174,-4.813890115623192e-16
2020-08-17 00:00:00,sector_Consumer Staples,-0.04587395827728364,-3.8339161792654316e-16
2020-08-17 00:00:00,sector_Energy,0.01850388339105784,1.6061724321909837e-16
2020-08-17 00:00:00,sector_Financials,-0.0405029724515222,4.880079259057602e-16
2020-08-17 00:00:00,sector_Healthcare,0.03955519604525756,-2.1532342521164735e-16
2020-08-17 00:00:00,sector_Industrials,0.07075146512892572,4.2357617667043927e-16
2020-08-17 00:00:00,sector_Other,0.029851153323085796,3.1073019211362785e-16
2020-08-17 00:00:00,sector_Technology,-0.03521485408806607,-2.604672266318398e-16
2020-08-17 00:00:00,sector_Utilities,0.006632307931317414,-6.96374846597094e-17
2020-08-17 00:00:00,size_factor,0.0002360178764143093,2.145322330502475e-16
2020-08-17 00:00:00,smb_beta,0.05870101757345426,2.6418934712943284e-15
2020-08-17 00:00:00,rmw_beta,-0.022436549489262755,2.6921853183572233e-15
2020-08-24 00:00:00,market_beta,-0.3376891593954964,7.355563837619318e-16
2020-08-24 00:00:00,sector_Consumer Discretionary,-0.02492920072561002,-2.433723268525767e-16
2020-08-24 00:00:00,sector_Consumer Staples,0.014292952906518384,-1.9039016023473736e-16
2020-08-24 00:00:00,sector_Energy,0.014266974802437741,-7.225461756300691e-17
2020-08-24 00:00:00,sector_Financials,-0.06821703509931529,-4.2314662516377023e-16
2020-08-24 00:00:00,sector_Healthcare,0.18856122579079895,7.648714507333456e-17
2020-08-24 00:00:00,sector_Industrials,-0.05285973404356938,-3.912698069481711e-16
2020-08-24 00:00:00,sector_Other,-0.0012147550546806954,1.041632463624623e-15
2020-08-24 00:00:00,sector_Technology,-0.05154208349062234,-9.186798562453587e-16
2020-08-24 00:00:00,sector_Utilities,0.04980611341597314,2.1858407999709567e-17
2020-08-24 00:00:00,size_factor,-0.05491726605751293,-1.743364167144467e-15
2020-08-24 00:00:00,smb_beta,-0.33864974103473716,1.1024985506527952e-15
2020-08-24 00:00:00,rmw_beta,-0.41190114439563735,8.449637827180232e-16
2020-08-31 00:00:00,market_beta,-0.16650969180003805,1.2342883013812612e-15
2020-08-31 00:00:00,sector_Consumer Discretionary,-0.17561465569281337,-4.2228426303577056e-16
2020-08-31 00:00:00,sector_Consumer Staples,-0.05625964429106075,1.6002768232377854e-16
2020-08-31 00:00:00,sector_Energy,0.007321853316216339,1.211986968944346e-16
2020-08-31 00:00:00,sector_Financials,-0.10321652630245796,2.3487807558794526e-16
2020-08-31 00:00:00,sector_Healthcare,-0.02046245536204901,-3.188619847372695e-16
2020-08-31 00:00:00,sector_Industrials,-0.08655038885529309,1.2005702812599344e-16
2020-08-31 00:00:00,sector_Other,0.2266078636740209,6.477176023671779e-16
2020-08-31 00:00:00,sector_Technology,-0.10647135367813712,-1.044663484667191e-15
2020-08-31 00:00:00,sector_Utilities,0.04184532962357926,-6.030269070200292e-17
2020-08-31 00:00:00,size_factor,-0.19667894820354606,-1.450005946895397e-15
2020-08-31 00:00:00,smb_beta,-0.09302231213721117,1.915175716648175e-15
2020-08-31 00:00:00,rmw_beta,-0.23082790848547546,1.94753140883053e-15
2020-09-08 00:00:00,market_beta,0.08069502568572959,8.06614775048166e-17
2020-09-08 00:00:00,sector_Consumer Discretionary,-0.02851355442973612,-3.6006432076560527e-16
2020-09-08 00:00:00,sector_Consumer Staples,-0.05019438187546482,-1.3114859329584373e-16
2020-09-08 00:00:00,sector_Energy,0.07503241090357206,3.21784150838127e-16
2020-09-08 00:00:00,sector_Financials,-0.09529124470157956,4.103421916794587e-16
2020-09-08 00:00:00,sector_Healthcare,0.05161706960748711,-2.4455629005367094e-16
2020-09-08 00:00:00,sector_Industrials,-0.08741428411216665,6.149200716532635e-16
2020-09-08 00:00:00,sector_Other,0.07355015884968862,8.176364372162467e-16
2020-09-08 00:00:00,sector_Technology,-0.020856889077434465,-1.5825805265828114e-15
2020-09-08 00:00:00,sector_Utilities,0.015821741976991283,-5.944131420546706e-17
2020-09-08 00:00:00,size_factor,-0.12650891131983605,-1.4729436540631273e-15
2020-09-08 00:00:00,smb_beta,-0.12942336173573968,4.098947959216373e-15
2020-09-08 00:00:00,rmw_beta,-0.23392276852762867,4.230954009373486e-15
2020-09-15 00:00:00,market_beta,0.0058217855324647055,-3.5288249350380797e-16
2020-09-15 00:00:00,sector_Consumer Discretionary,-0.08361925387403327,-7.773001751163749e-16
2020-09-15 00:00:00,sector_Consumer Staples,-0.07532802910107211,-6.507221307512123e-16
2020-09-15 00:00:00,sector_Energy,0.3013566124948201,5.069365439546371e-16
2020-09-15 00:00:00,sector_Financials,-0.15839758417996605,8.230315312605677e-16
2020-09-15 00:00:00,sector_Healthcare,-0.048421107018782425,-1.3973816534211611e-15
2020-09-15 00:00:00,sector_Industrials,-0.045336889709000815,8.602860682392261e-16
2020-09-15 00:00:00,sector_Other,0.2165622146838619,1.7375668132203086e-15
2020-09-15 00:00:00,sector_Technology,-0.19403855603136475,-2.27748383666391e-15
2020-09-15 00:00:00,sector_Utilities,-0.023526356392755,-5.401026197720399e-16
2020-09-15 00:00:00,size_factor,-0.25050176928144297,-2.8907818111255705e-15
2020-09-15 00:00:00,smb_beta,0.3258310377864569,7.953655145533809e-15
2020-09-15 00:00:00,rmw_beta,0.23936033079542143,8.024817447804582e-15
2020-09-22 00:00:00,market_beta,0.3394988992549991,-4.883279003236566e-16
2020-09-22 00:00:00,sector_Consumer Discretionary,0.18130643516135964,3.857860502723465e-17
2020-09-22 00:00:00,sector_Consumer Staples,0.057883877902016205,-5.964944370807803e-17
2020-09-22 00:00:00,sector_Energy,0.13175692674345943,1.3853075079698976e-16
2020-09-22 00:00:00,sector_Financials,-0.13114518067328879,3.275653123349086e-17
2020-09-22 00:00:00,sector_Healthcare,0.0050590887977089325,-1.9653918740094516e-16
2020-09-22 00:00:00,sector_Industrials,-0.12048305001761132,1.8627907826607024e-18
2020-09-22 00:00:00,sector_Other,-0.09985533391711186,4.588872448467977e-16
2020-09-22 00:00:00,sector_Technology,0.14709133535313268,-7.643351085105872e-16
2020-09-22 00:00:00,sector_Utilities,0.009346163833352596,6.261069147909209e-17
2020-09-22 00:00:00,size_factor,0.21181088919380742,-1.3585866872479911e-15
2020-09-22 00:00:00,smb_beta,-0.6544080768822588,1.2374090120572886e-15
2020-09-22 00:00:00,rmw_beta,-0.5935689059779685,1.129646410100716e-15
2020-09-29 00:00:00,market_beta,0.3954892897507688,4.738878980320871e-16
2020-09-29 00:00:00,sector_Consumer Discretionary,0.051175249511789346,1.8270929481980666e-16
2020-09-29 00:00:00,sector_Consumer Staples,0.03186076779760785,5.589934752883022e-17
2020-09-29 00:00:00,sector_Energy,0.28167727167169443,3.841411494931508e-16
2020-09-29 00:00:00,sector_Financials,0.003917705296484697,-2.1590741143687278e-16
2020-09-29 00:00:00,sector_Healthcare,-0.0465662438986114,-5.974937740110681e-16
2020-09-29 00:00:00,sector_Industrials,-0.02310360299432154,3.1175337536994024e-16
2020-09-29 00:00:00,sector_Other,-0.1113684232718997,1.3722465974275385e-16
2020-09-29 00:00:00,sector_Technology,0.09213418863741824,1.2294434565908632e-16
2020-09-29 00:00:00,sector_Utilities,-0.06897660935214651,-9.069096474140204e-17
2020-09-29 00:00:00,size_factor,0.08761844140023098,1.1678687295648261e-16
2020-09-29 00:00:00,smb_beta,-0.13229704633048575,3.3924141263576366e-16
2020-09-29 00:00:00,rmw_beta,-0.05623350644661526,4.756797184648594e-16
2020-10-06 00:00:00,market_beta,0.251259235557826,1.5835650760475408e-16
2020-10-06 00:00:00,sector_Consumer Discretionary,0.043506322122309773,1.837517175742626e-17
2020-10-06 00:00:00,sector_Consumer Staples,-0.022250560722213725,-1.4630754752390803e-16
2020-10-06 00:00:00,sector_Energy,0.10332998198666876,-2.6431583075707266e-17
2020-10-06 00:00:00,sector_Financials,0.027316047723292075,-1.298388660171248e-16
2020-10-06 00:00:00,sector_Healthcare,-0.02701234004179702,-8.096948525091251e-16
2020-10-06 00:00:00,sector_Industrials,-0.02910489374911944,-1.636013582438221e-16
2020-10-06 00:00:00,sector_Other,-0.08065542986705988,5.455352835674025e-16
2020-10-06 00:00:00,sector_Technology,0.07620963138843609,5.1308436381455886e-17
2020-10-06 00:00:00,sector_Utilities,-0.010165319608394513,-1.7470286995494215e-16
2020-10-06 00:00:00,size_factor,0.01342847000034125,-9.449565852339603e-17
2020-10-06 00:00:00,smb_beta,0.16499610517909954,2.6047380211504793e-16
2020-10-06 00:00:00,rmw_beta,0.23133055303154754,1.8936154846300567e-16
2020-10-13 00:00:00,market_beta,0.11599398960374487,-1.0084526806195759e-16
2020-10-13 00:00:00,sector_Consumer Discretionary,-0.0022172171436128773,1.076762908050402e-16
2020-10-13 00:00:00,sector_Consumer Staples,-0.009681606622258188,-1.544129837923365e-17
2020-10-13 00:00:00,sector_Energy,0.05853408213530157,-9.017423977095369e-17
2020-10-13 00:00:00,sector_Financials,-0.005272293266846823,3.6445568807491413e-16
2020-10-13 00:00:00,sector_Healthcare,-0.044630842730740354,8.880659141048837e-17
2020-10-13 00:00:00,sector_Industrials,-0.006408733154388975,-7.335062962715763e-17
2020-10-13 00:00:00,sector_Other,-0.07865544185736037,-2.98748679610976e-16
2020-10-13 00:00:00,sector_Technology,0.16323368673923838,2.173501579004775e-16
2020-10-13 00:00:00,sector_Utilities,-0.028613942866360695,2.2431645386689066e-17
2020-10-13 00:00:00,size_factor,0.09461752447580349,2.2878149366804393e-16
2020-10-13 00:00:00,smb_beta,0.08457939877360124,1.2942023216029864e-17
2020-10-13 00:00:00,rmw_beta,0.20901536384211047,-6.801267190949537e-17
2020-10-20 00:00:00,market_beta,0.10519279001562047,1.831708250545747e-16
2020-10-20 00:00:00,sector_Consumer Discretionary,0.0724737968840231,-2.2496056205856434e-16
2020-10-20 00:00:00,sector_Consumer Staples,0.0013016030671128911,2.3107748528797363e-16
2020-10-20 00:00:00,sector_Energy,0.05142127275059167,-2.0808516137114986e-16
2020-10-20 00:00:00,sector_Financials,0.006671174042343364,2.0662136662656203e-16
2020-10-20 00:00:00,sector_Healthcare,0.024336597265534658,1.0902800555584356e-17
2020-10-20 00:00:00,sector_Industrials,-0.138961218202921,2.4143595153216147e-16
2020-10-20 00:00:00,sector_Other,-0.06527194008029677,-1.478101009301925e-16
2020-10-20 00:00:00,sector_Technology,0.08349272998372856,7.060461286201734e-17
2020-10-20 00:00:00,sector_Utilities,-0.0008471974555522007,-1.4442836118073913e-19
2020-10-20 00:00:00,size_factor,0.12080081452355985,7.07743006832212e-17
2020-10-20 00:00:00,smb_beta,-0.04996550010980696,-2.1401988197152487e-16
2020-10-20 00:00:00,rmw_beta,0.09450217195685581,-1.2890978020643412e-16
2020-10-27 00:00:00,market_beta,-0.07272525788469907,5.748135368883793e-16
2020-10-27 00:00:00,sector_Consumer Discretionary,0.12750605724906056,-7.806861102382447e-18
2020-10-27 00:00:00,sector_Consumer Staples,0.0710628767248394,9.469704291297628e-18
2020-10-27 00:00:00,sector_Energy,0.01938210330366751,7.48782125166057e-17
2020-10-27 00:00:00,sector_Financials,-0.020959983830967834,1.2034793393527596e-16
2020-10-27 00:00:00,sector_Healthcare,0.044452500409307844,1.5798116409093227e-16
2020-10-27 00:00:00,sector_Industrials,-0.054829071318200064,-1.5101517256794037e-17
2020-10-27 00:00:00,sector_Other,-0.06304608585638957,-4.3037014896478928e-16
2020-10-27 00:00:00,sector_Technology,-0.024861452900501055,5.543067147458447e-16
2020-10-27 00:00:00,sector_Utilities,0.03203691358352684,1.4611032049623787e-16
2020-10-27 00:00:00,size_factor,0.03814866664415791,4.19343186615345e-16
2020-10-27 00:00:00,smb_beta,-0.14275408265481992,-4.0335864905465927e-16
2020-10-27 00:00:00,rmw_beta,-0.0004403512400077286,-1.6765587525639555e-16
2020-11-03 00:00:00,market_beta,0.013000527539482361,2.63370581040206e-16
2020-11-03 00:00:00,sector_Consumer Discretionary,0.07725643661469524,2.0735757922019743e-17
2020-11-03 00:00:00,sector_Consumer Staples,-0.04976144208145509,-7.980461072937282e-17
2020-11-03 00:00:00,sector_Energy,0.010822979051952984,-6.362405243390961e-17
2020-11-03 00:00:00,sector_Financials,-0.03953502140346871,-5.483774114747991e-17
2020-11-03 00:00:00,sector_Healthcare,0.06432256592913707,6.13164616205999e-17
2020-11-03 00:00:00,sector_Industrials,-0.12039343313923231,1.53483133825269e-16
2020-11-03 00:00:00,sector_Other,0.07283761530917994,-3.2254814007459516e-16
2020-11-03 00:00:00,sector_Technology,-0.10539945220831073,5.852380166865659e-16
2020-11-03 00:00:00,sector_Utilities,0.018792128950103005,-8.73245126794898e-17
2020-11-03 00:00:00,size_factor,0.008044453493916526,4.2615530148828206e-16
2020-11-03 00:00:00,smb_beta,-0.02785689302519486,3.777474228473455e-17
2020-11-03 00:00:00,rmw_beta,0.050094447955007206,6.42725842691597e-17
2020-11-10 00:00:00,market_beta,0.19527561224348747,9.373292888918087e-16
2020-11-10 00:00:00,sector_Consumer Discretionary,-0.06898378464423122,-4.304314361294152e-16
2020-11-10 00:00:00,sector_Consumer Staples,-0.06332864145999652,1.3002519966995518e-16
2020-11-10 00:00:00,sector_Energy,0.09225987546185083,1.5149267007795458e-16
2020-11-10 00:00:00,sector_Financials,0.19241487039544103,8.834910142538338e-16
2020-11-10 00:00:00,sector_Healthcare,-0.09732974583661355,3.0281070955424557e-16
2020-11-10 00:00:00,sector_Industrials,0.029723383036793168,3.901885468472635e-16
2020-11-10 00:00:00,sector_Other,0.04961770075790071,-1.2075474838984367e-15
2020-11-10 00:00:00,sector_Technology,-0.12452962213472751,1.1370337436188215e-15
2020-11-10 00:00:00,sector_Utilities,-0.011157535212716065,-9.156639426650605e-17
2020-11-10 00:00:00,size_factor,-0.09417411494069176,2.3213333356155383e-15
2020-11-10 00:00:00,smb_beta,0.7853531987177607,-2.928420173790572e-16
2020-11-10 00:00:00,rmw_beta,0.7613845849108554,3.5417315389637445e-17
2020-11-17 00:00:00,market_beta,0.21376646545649824,3.2745078088442976e-16
2020-11-17 00:00:00,sector_Consumer Discretionary,0.05398926616577676,1.4875701357904807e-16
2020-11-17 00:00:00,sector_Consumer Staples,-0.05863244878895602,9.591124991345252e-17
2020-11-17 00:00:00,sector_Energy,0.0014036469003979775,1.6583740172498215e-16
2020-11-17 00:00:00,sector_Financials,-0.05116631923910143,4.786630832337281e-16
2020-11-17 00:00:00,sector_Healthcare,-0.04131502581597678,-8.702965149704146e-17
2020-11-17 00:00:00,sector_Industrials,0.03274404816819981,2.926912263138522e-16
2020-11-17 00:00:00,sector_Other,0.04050321381100373,-4.09277710400773e-16
2020-11-17 00:00:00,sector_Technology,-0.012984313087723399,-1.6636571152027054e-16
2020-11-17 00:00:00,sector_Utilities,0.005919750554229497,1.9436426596678186e-16
2020-11-17 00:00:00,size_factor,-0.0025370267019875705,7.54936783284758e-16
2020-11-17 00:00:00,smb_beta,0.31265087579198725,8.097520841697965e-16
2020-11-17 00:00:00,rmw_beta,0.3059596003326237,8.514904192896023e-16
2020-11-24 00:00:00,market_beta,-0.26009993502363926,3.6551745966624926e-16
2020-11-24 00:00:00,sector_Consumer Discretionary,0.09236800320365524,-1.21823378626244e-16
2020-11-24 00:00:00,sector_Consumer Staples,0.034614410365144004,-1.2902197503039598e-16
2020-11-24 00:00:00,sector_Energy,-0.08880701418501571,-2.274722888509717e-16
2020-11-24 00:00:00,sector_Financials,-0.11567248622066376,-1.2139731569137555e-16
2020-11-24 00:00:00,sector_Healthcare,0.04029027165518748,-3.790311508127343e-16
2020-11-24 00:00:00,sector_Industrials,-0.04541508541043175,-2.270386688259252e-17
2020-11-24 00:00:00,sector_Other,-0.031409724073512856,6.134354313521142e-16
2020-11-24 00:00:00,sector_Technology,0.09332005458658117,-3.8911561397396235e-16
2020-11-24 00:00:00,sector_Utilities,0.04772701005199664,-5.208675463807027e-18
2020-11-24 00:00:00,size_factor,0.05490967202914889,-7.477697646277221e-16
2020-11-24 00:00:00,smb_beta,-0.30884034997695725,9.192718572855913e-16
2020-11-24 00:00:00,rmw_beta,-0.30626059018713486,9.805531809413163e-16
2020-12-02 00:00:00,market_beta,-0.06357307668090088,5.833120682013993e-16
2020-12-02 00:00:00,sector_Consumer Discretionary,0.026939251219662053,1.5060111610617586e-16
2020-12-02 00:00:00,sector_Consumer Staples,0.03488194084343788,1.505408648118017e-16
2020-12-02 00:00:00,sector_Energy,0.0061461961250908305,2.2456130755023467e-16
2020-12-02 00:00:00,sector_Financials,-0.02798105805383176,2.810642532459902e-16
2020-12-02 00:00:00,sector_Healthcare,-0.00452741755578574,3.1887558776338796e-16
2020-12-02 00:00:00,sector_Industrials,-0.00918341491626382,1.240427832519894e-16
2020-12-02 00:00:00,sector_Other,0.019341241304372037,-8.463882804700586e-16
2020-12-02 00:00:00,sector_Technology,-0.059388304548944816,7.566339565192443e-16
2020-12-02 00:00:00,sector_Utilities,0.04655250257999811,1.0922696226258618e-16
2020-12-02 00:00:00,size_factor,-0.18819895617104296,2.057026476770969e-15
2020-12-02 00:00:00,smb_beta,0.25363127119567663,-2.699026610034545e-16
2020-12-02 00:00:00,rmw_beta,0.35277688982606475,-1.591189220706682e-16
2020-12-09 00:00:00,market_beta,-0.2162138308507667,-6.398518793448011e-16
2020-12-09 00:00:00,sector_Consumer Discretionary,0.0006056693318063117,1.0567024655997719e-16
2020-12-09 00:00:00,sector_Consumer Staples,0.07563702511363755,-7.195944554642591e-17
2020-12-09 00:00:00,sector_Energy,-0.0439997190777315,-4.309347781648013e-16
2020-12-09 00:00:00,sector_Financials,0.005953467790922105,-4.40686685747542e-16
2020-12-09 00:00:00,sector_Healthcare,0.11690919617260098,3.412668757816834e-16
2020-12-09 00:00:00,sector_Industrials,-0.00301428749814645,-2.1024772629755747e-16
2020-12-09 00:00:00,sector_Other,-0.07280409079540702,-2.24941557601261e-16
2020-12-09 00:00:00,sector_Technology,-0.029581180206133335,7.897739457218458e-16
2020-12-09 00:00:00,sector_Utilities,0.05400739839426935,1.842881800238404e-17
2020-12-09 00:00:00,size_factor,-0.08720088854885959,7.322990548098434e-16
2020-12-09 00:00:00,smb_beta,-0.15054683047368256,-1.932156192225957e-15
2020-12-09 00:00:00,rmw_beta,0.05180456716943551,-2.2261356274535127e-15
2020-12-16 00:00:00,market_beta,0.07753426890827553,4.6882510824852543e-17
2020-12-16 00:00:00,sector_Consumer Discretionary,-0.004740287757092289,2.091185743571597e-16
2020-12-16 00:00:00,sector_Consumer Staples,0.057804084077118234,-3.4786296773999703e-16
2020-12-16 00:00:00,sector_Energy,-0.0012477909342089115,-3.76962057829206e-17
2020-12-16 00:00:00,sector_Financials,0.042976893880421634,3.318519396273828e-16
2020-12-16 00:00:00,sector_Healthcare,-0.03759196245357627,4.056323034906412e-17
2020-12-16 00:00:00,sector_Industrials,0.058751832767682234,-6.222815066872634e-17
2020-12-16 00:00:00,sector_Other,0.047258835715220764,-2.335879389076308e-16
2020-12-16 00:00:00,sector_Technology,-0.13267639359441938,2.7977600512750833e-16
2020-12-16 00:00:00,sector_Utilities,0.056581356768442205,-2.6609403933662644e-17
2020-12-16 00:00:00,size_factor,-0.20895255097745988,3.417978201659956e-16
2020-12-16 00:00:00,smb_beta,0.3294271118136768,-8.663768224411589e-16
2020-12-16 00:00:00,rmw_beta,0.4211480290387413,-1.1032833139193073e-15
2020-12-23 00:00:00,market_beta,0.14279745541333314,5.2143794882501876e-17
2020-12-23 00:00:00,sector_Consumer Discretionary,-0.018439220613158416,-8.545916437334021e-17
2020-12-23 00:00:00,sector_Consumer Staples,-0.006579879531197993,8.063376600171776e-17
2020-12-23 00:00:00,sector_Energy,0.08104722392518228,1.8556467984906553e-17
2020-12-23 00:00:00,sector_Financials,0.0016474819111843308,8.444272907348644e-17
2020-12-23 00:00:00,sector_Healthcare,-0.10475871350084992,-2.549855518735209e-16
2020-12-23 00:00:00,sector_Industrials,0.06184541626275753,-3.143924992186403e-17
2020-12-23 00:00:00,sector_Other,0.027845853758479183,3.8143769778277125e-16
2020-12-23 00:00:00,sector_Technology,-0.007686369177861185,-4.80874924688811e-16
2020-12-23 00:00:00,sector_Utilities,0.04577180666732914,-1.608321436658533e-16
2020-12-23 00:00:00,size_factor,-0.10509172837199315,-4.1644967041195244e-16
2020-12-23 00:00:00,smb_beta,0.3178035800657494,1.0529280496888392e-16
2020-12-23 00:00:00,rmw_beta,0.37188537819099843,-1.5237463749267098e-18
2020-12-31 00:00:00,market_beta,0.22859676926399122,1.2407754387876001e-15
2020-12-31 00:00:00,sector_Consumer Discretionary,-0.04399558146624092,1.2542366945721156e-15
2020-12-31 00:00:00,sector_Consumer Staples,0.025869777737115296,3.839473907020636e-16
2020-12-31 00:00:00,sector_Energy,0.06661115082571548,7.207414234274322e-16
2020-12-31 00:00:00,sector_Financials,0.10268117671523747,4.620125841042365e-16
2020-12-31 00:00:00,sector_Healthcare,-0.05862658906767775,-3.828587611578757e-18
2020-12-31 00:00:00,sector_Industrials,0.06472968076809969,7.935914264363366e-16
2020-12-31 00:00:00,sector_Other,0.012345665407276128,-2.4549630622160395e-15
2020-12-31 00:00:00,sector_Technology,-0.07292710891955584,1.853639591962431e-15
2020-12-31 00:00:00,sector_Utilities,-0.0012837100258465779,2.702336504556951e-16
2020-12-31 00:00:00,size_factor,-0.04516817922453373,2.7603022326075453e-15
2020-12-31 00:00:00,smb_beta,0.4208463659562203,5.864853691364512e-16
2020-12-31 00:00:00,rmw_beta,0.3359838241864645,1.0154287713926452e-15
2021-01-08 00:00:00,market_beta,0.3116677701919405,1.2614820685181885e-16
2021-01-08 00:00:00,sector_Consumer Discretionary,0.023143655720761356,-2.772313463690143e-16
2021-01-08 00:00:00,sector_Consumer Staples,0.09402855072735142,2.6775517013902435e-17
2021-01-08 00:00:00,sector_Energy,0.05598009078874548,2.651972451538978e-17
2021-01-08 00:00:00,sector_Financials,-0.09263132725130069,-1.7333770384057245e-17
2021-01-08 00:00:00,sector_Healthcare,-0.06928798810288678,5.0038997523787895e-17
2021-01-08 00:00:00,sector_Industrials,0.012761928460749866,4.4759946850107725e-17
2021-01-08 00:00:00,sector_Other,-0.06428184024439791,-1.5904746515706546e-16
2021-01-08 00:00:00,sector_Technology,0.15129103487127135,5.409520976095216e-16
2021-01-08 00:00:00,sector_Utilities,-0.013486660645412145,1.6588210666105484e-17
2021-01-08 00:00:00,size_factor,0.25309609551700557,7.26369951263842e-16
2021-01-08 00:00:00,smb_beta,0.05410372275936749,-1.1637381741182205e-16
2021-01-08 00:00:00,rmw_beta,0.11752684209020864,2.004963210829611e-16
2021-01-15 00:00:00,market_beta,0.3484926928576472,2.0614334444715238e-15
2021-01-15 00:00:00,sector_Consumer Discretionary,-0.055405161090417376,2.973990482188553e-17
2021-01-15 00:00:00,sector_Consumer Staples,0.042415092389710335,-7.803610582971467e-17
2021-01-15 00:00:00,sector_Energy,0.026833422054699504,3.9940278908885785e-16
2021-01-15 00:00:00,sector_Financials,-0.14252923821597013,5.356597352506812e-16
2021-01-15 00:00:00,sector_Healthcare,-0.16651663237639414,-2.8370250482085363e-16
2021-01-15 00:00:00,sector_Industrials,0.06633605534575,1.9224944688921352e-16
2021-01-15 00:00:00,sector_Other,0.15843555310171603,-6.928481175749977e-17
2021-01-15 00:00:00,sector_Technology,-0.0428438351196199,-3.8301079742464243e-16
2021-01-15 00:00:00,sector_Utilities,-0.09337747758036861,-1.1966230827640958e-16
2021-01-15 00:00:00,size_factor,-0.017257220617837785,-1.5723074154811814e-16
2021-01-15 00:00:00,smb_beta,0.317819364791641,2.459411640130753e-15
2021-01-15 00:00:00,rmw_beta,0.193383718740405,2.3943225491893063e-15
2021-01-25 00:00:00,market_beta,0.10242727610032863,1.1948115318752122e-15
2021-01-25 00:00:00,sector_Consumer Discretionary,-0.12078261304968402,-4.128648558743668e-16
2021-01-25 00:00:00,sector_Consumer Staples,0.13362805068105066,-3.6464943278722817e-16
2021-01-25 00:00:00,sector_Energy,-0.07443576384289965,3.512397893817333e-17
2021-01-25 00:00:00,sector_Financials,-0.026663235351719324,9.172335752143614e-17
2021-01-25 00:00:00,sector_Healthcare,-0.09206465319543723,-9.393355890749484e-17
2021-01-25 00:00:00,sector_Industrials,0.03157217129631225,4.4834087245414664e-17
2021-01-25 00:00:00,sector_Other,0.13428762156175905,4.990301095652033e-16
2021-01-25 00:00:00,sector_Technology,-0.11710043428861507,-2.944074867740312e-16
2021-01-25 00:00:00,sector_Utilities,-0.11872059018400052,1.8619387926732353e-17
2021-01-25 00:00:00,size_factor,-0.12500835839368113,-4.444927032993135e-16
2021-01-25 00:00:00,smb_beta,0.17251913693565407,1.4919846996612576e-15
2021-01-25 00:00:00,rmw_beta,0.04390222197052751,1.420073630715947e-15
2021-02-01 00:00:00,market_beta,0.11300984423332117,-6.779147025270414e-17
2021-02-01 00:00:00,sector_Consumer Discretionary,-0.005733782499487473,1.0011818899975686e-16
2021-02-01 00:00:00,sector_Consumer Staples,0.14048335287291305,-7.30805418999003e-17
2021-02-01 00:00:00,sector_Energy,-0.06544122079001229,4.43523245607678e-17
2021-02-01 00:00:00,sector_Financials,0.022618542042521617,2.9485508784563356e-16
2021-02-01 00:00:00,sector_Healthcare,-0.10310684983395364,9.894866891241045e-17
2021-02-01 00:00:00,sector_Industrials,0.04617554177081446,1.700591892376966e-16
2021-02-01 00:00:00,sector_Other,-0.02458364842855523,1.0244861483209734e-16
2021-02-01 00:00:00,sector_Technology,0.01814475358330877,-7.015795156991092e-16
2021-02-01 00:00:00,sector_Utilities,-0.028387910960502357,5.2071683244833044e-17
2021-02-01 00:00:00,size_factor,0.024434972905360782,-5.201075256312064e-16
2021-02-01 00:00:00,smb_beta,-0.1588742461779198,3.309281473358148e-16
2021-02-01 00:00:00,rmw_beta,0.011235755631961903,9.558035784402408e-17
2021-02-08 00:00:00,market_beta,0.2414961717205724,2.221934456595845e-16
2021-02-08 00:00:00,sector_Consumer Discretionary,-0.027319291078817518,3.5170545524935226e-16
2021-02-08 00:00:00,sector_Consumer Staples,0.06330159023030159,2.2736639486956115e-16
2021-02-08 00:00:00,sector_Energy,-0.013395351900640104,2.999149289191711e-16
2021-02-08 00:00:00,sector_Financials,0.08852346451912844,4.433064066166207e-16
2021-02-08 00:00:00,sector_Healthcare,-0.020729035371975988,4.383601705595314e-16
2021-02-08 00:00:00,sector_Industrials,0.06136686092073415,2.30031000160888e-16
2021-02-08 00:00:00,sector_Other,0.029636622598652202,-9.451387787255047e-16
2021-02-08 00:00:00,sector_Technology,-0.1625988073872213,2.5294650399538824e-16
2021-02-08 00:00:00,sector_Utilities,-0.031784319333637484,1.46721515021037e-16
2021-02-08 00:00:00,size_factor,-0.20160178467651774,1.0390341750139e-15
2021-02-08 00:00:00,smb_beta,0.12242677534862625,-1.324569501815009e-16
2021-02-08 00:00:00,rmw_beta,0.17357544775272443,4.577979227645168e-16
2021-02-16 00:00:00,market_beta,0.5065624104977535,5.354462228484572e-16
2021-02-16 00:00:00,sector_Consumer Discretionary,-0.020387391678968768,4.713576435379204e-16
2021-02-16 00:00:00,sector_Consumer Staples,0.0179054364614394,9.27920562062376e-17
2021-02-16 00:00:00,sector_Energy,0.060513778033301054,3.220599984853324e-17
2021-02-16 00:00:00,sector_Financials,0.17919838964051832,5.029055628290093e-16
2021-02-16 00:00:00,sector_Healthcare,-0.06473657083183613,-6.983824633843184e-17
2021-02-16 00:00:00,sector_Industrials,0.0660656614942789,1.5246551002485778e-16
2021-02-16 00:00:00,sector_Other,0.036360527087197246,-4.787470575038109e-16
2021-02-16 00:00:00,sector_Technology,-0.21266187517771237,9.33659219422577e-17
2021-02-16 00:00:00,sector_Utilities,-0.02824204045264709,-2.4950265102371434e-16
2021-02-16 00:00:00,size_factor,-0.13415035706069528,9.878692173981986e-16
2021-02-16 00:00:00,smb_beta,0.4501997964220356,3.1797564555672304e-16
2021-02-16 00:00:00,rmw_beta,-0.08716968077851699,4.598612850273726e-16
2021-02-23 00:00:00,market_beta,0.054832994673905455,1.646389785354161e-16
2021-02-23 00:00:00,sector_Consumer Discretionary,0.014013437915524708,-1.759319110524126e-16
2021-02-23 00:00:00,sector_Consumer Staples,-0.005222648121315579,2.996660135249281e-16
2021-02-23 00:00:00,sector_Energy,-0.06453059889727752,5.802833788098414e-16
2021-02-23 00:00:00,sector_Financials,-0.04078925306612393,3.168132926539234e-16
2021-02-23 00:00:00,sector_Healthcare,0.23535425636997132,-9.559021761109756e-18
2021-02-23 00:00:00,sector_Industrials,0.023818703618736923,-4.6599152494137975e-17
2021-02-23 00:00:00,sector_Other,-0.11894021082935782,4.502780341086945e-16
2021-02-23 00:00:00,sector_Technology,0.05703764232820068,-4.4041369327857694e-16
2021-02-23 00:00:00,sector_Utilities,0.015349202283840319,-2.9196314392963895e-15
2021-02-23 00:00:00,size_factor,-0.02814951913158195,-1.224359451025672e-16
2021-02-23 00:00:00,smb_beta,-0.06625610554099685,1.759460396458199e-16
2021-02-23 00:00:00,rmw_beta,-0.04037477171598488,7.433459946026003e-19
2021-03-02 00:00:00,market_beta,-0.0639453466113384,1.0109253629854602e-15
2021-03-02 00:00:00,sector_Consumer Discretionary,0.048844580430582624,2.063082031085557e-16
2021-03-02 00:00:00,sector_Consumer Staples,0.020139344803902802,-8.57111561660042e-17
2021-03-02 00:00:00,sector_Energy,-0.05969976248910761,4.013075256812431e-17
2021-03-02 00:00:00,sector_Financials,-0.04538657046833246,-3.6810479871703484e-17
2021-03-02 00:00:00,sector_Healthcare,0.1461541578602847,-7.176184459837145e-17
2021-03-02 00:00:00,sector_Industrials,0.008660491339936799,-4.0070050553972526e-16
2021-03-02 00:00:00,sector_Other,-0.07873547312513236,5.955010239059829e-16
2021-03-02 00:00:00,sector_Technology,0.0031485767107252583,-5.393943567783548e-16
2021-03-02 00:00:00,sector_Utilities,0.033038650790537485,-4.815776203711463e-16
2021-03-02 00:00:00,size_factor,-0.0187381890628185,3.135884259223124e-16
2021-03-02 00:00:00,smb_beta,-0.06900475263814293,3.1819929506483594e-17
2021-03-02 00:00:00,rmw_beta,-0.06513300666505313,-5.932980910262988e-16
2021-03-09 00:00:00,market_beta,0.10938929635147968,-7.43273831373847e-16
2021-03-09 00:00:00,sector_Consumer Discretionary,0.2071332692123798,-1.661395610504033e-17
2021-03-09 00:00:00,sector_Consumer Staples,0.06450786556847997,1.4395044391106294e-16
2021-03-09 00:00:00,sector_Energy,-0.15044143807674476,1.3132498005911026e-16
2021-03-09 00:00:00,sector_Financials,-0.006198112840046059,-2.955410804444153e-17
2021-03-09 00:00:00,sector_Healthcare,0.04815730828485588,1.827270121027299e-16
2021-03-09 00:00:00,sector_Industrials,0.006745448546066121,8.162301025677371e-18
2021-03-09 00:00:00,sector_Other,-0.07722220120360755,5.688343522075121e-16
2021-03-09 00:00:00,sector_Technology,-0.0730981093357577,-9.124376728660925e-16
2021-03-09 00:00:00,sector_Utilities,0.11716060316461786,-3.3507240601466835e-16
2021-03-09 00:00:00,size_factor,0.008768660407893251,-8.696462842048094e-16
2021-03-09 00:00:00,smb_beta,-0.08067264866666071,8.809516003975897e-16
2021-03-09 00:00:00,rmw_beta,-0.2495163357382521,9.43360762755791e-16
2021-03-16 00:00:00,market_beta,0.32312198343513826,-5.087036305359824e-16
2021-03-16 00:00:00,sector_Consumer Discretionary,0.07463832491957538,-6.634194777315893e-16
2021-03-16 00:00:00,sector_Consumer Staples,0.024128486262116732,-3.1449653720637494e-16
2021-03-16 00:00:00,sector_Energy,-0.06851891063830455,-3.424610407947961e-16
2021-03-16 00:00:00,sector_Financials,-0.004034213194176146,-7.16747137302369e-16
2021-03-16 00:00:00,sector_Healthcare,0.0059985566662675415,-2.8223559435899143e-16
2021-03-16 00:00:00,sector_Industrials,-0.05506107229317671,-2.9622935945106217e-16
2021-03-16 00:00:00,sector_Other,-0.06354497517004812,1.9224779061158055e-15
2021-03-16 00:00:00,sector_Technology,0.08987215784836645,-1.3508261416409384e-15
2021-03-16 00:00:00,sector_Utilities,0.05078328216450364,-2.7757488349986246e-16
2021-03-16 00:00:00,size_factor,0.14184674533909827,-2.8462662261492144e-15
2021-03-16 00:00:00,smb_beta,-0.008205958827700765,6.037487592334561e-16
2021-03-16 00:00:00,rmw_beta,-0.3777588335930972,4.35056700475612e-16
2021-03-23 00:00:00,market_beta,0.5220838631955426,-2.5788835666263598e-15
2021-03-23 00:00:00,sector_Consumer Discretionary,-0.05493127063374087,-2.2440782956410397e-15
2021-03-23 00:00:00,sector_Consumer Staples,-0.08985010764248802,-5.923247033044645e-16
2021-03-23 00:00:00,sector_Energy,0.01973251265013542,-4.962581405593402e-16
2021-03-23 00:00:00,sector_Financials,0.04900999526814997,-1.2562762953377144e-15
2021-03-23 00:00:00,sector_Healthcare,-0.11996554029553161,-4.312074154379658e-16
2021-03-23 00:00:00,sector_Industrials,-0.04018869097238073,-6.180413837726429e-16
2021-03-23 00:00:00,sector_Other,0.07424408288433736,4.423366029482227e-15
2021-03-23 00:00:00,sector_Technology,0.007889514138926905,-3.71715026135018e-15
2021-03-23 00:00:00,sector_Utilities,0.0610885292302453,-4.942887569841749e-16
2021-03-23 00:00:00,size_factor,0.042464572247268344,-7.846956161620593e-15
2021-03-23 00:00:00,smb_beta,0.21890870732081147,1.2676417539820508e-15
2021-03-23 00:00:00,rmw_beta,-0.5550685210098026,2.526222973621902e-15
2021-03-30 00:00:00,market_beta,0.3615709220420785,-9.009593203516589e-16
2021-03-30 00:00:00,sector_Consumer Discretionary,-0.05544980363597455,-1.0845026589084513e-15
2021-03-30 00:00:00,sector_Consumer Staples,-0.1815798282243706,-6.372970353003156e-16
2021-03-30 00:00:00,sector_Energy,0.06991074152185134,-5.607911434132964e-16
2021-03-30 00:00:00,sector_Financials,0.08963688396835787,-9.460467281586212e-16
2021-03-30 00:00:00,sector_Healthcare,-0.07612325138158951,-1.0315310650332785e-15
2021-03-30 00:00:00,sector_Industrials,0.030963700591027262,-4.38910256085649e-16
2021-03-30 00:00:00,sector_Other,0.012207490983659669,3.0421755991259844e-15
2021-03-30 00:00:00,sector_Technology,0.04220809310555565,-2.0417518978873257e-15
2021-03-30 00:00:00,sector_Utilities,0.0551660349689238,-2.700380764347337e-16
2021-03-30 00:00:00,size_factor,0.08279295225317138,-4.736059231456685e-15
2021-03-30 00:00:00,smb_beta,0.27561029364844186,9.12978588511803e-16
2021-03-30 00:00:00,rmw_beta,-0.3571284737800078,1.235814820461458e-15
2021-04-07 00:00:00,market_beta,-0.06297726319001508,3.5387640604836493e-16
2021-04-07 00:00:00,sector_Consumer Discretionary,-0.13058402892416168,2.655346843621671e-16
2021-04-07 00:00:00,sector_Consumer Staples,-0.19923149572296922,2.76071509487914e-16
2021-04-07 00:00:00,sector_Energy,0.1699073615635376,-6.492534822505832e-17
2021-04-07 00:00:00,sector_Financials,0.13424565531849778,-1.2909105770467213e-16
2021-04-07 00:00:00,sector_Healthcare,-0.03690061194862947,1.2893295475586053e-16
2021-04-07 00:00:00,sector_Industrials,0.08917838564486395,1.7676329303511688e-16
2021-04-07 00:00:00,sector_Other,0.11654953712344412,1.0098734874992111e-16
2021-04-07 00:00:00,sector_Technology,-0.20295406062493196,-4.104334673773832e-16
2021-04-07 00:00:00,sector_Utilities,-0.01738140240188283,-4.750845656773047e-16
2021-04-07 00:00:00,size_factor,-0.17563401589628272,-3.1909372159831043e-16
2021-04-07 00:00:00,smb_beta,0.5120534954532584,2.929128807991834e-17
2021-04-07 00:00:00,rmw_beta,0.1319916672546483,6.693252581135622e-18
2021-04-14 00:00:00,market_beta,0.014464138631248324,4.591756836738711e-16
2021-04-14 00:00:00,sector_Consumer Discretionary,-0.07534877902699441,-2.6154701687568416e-16
2021-04-14 00:00:00,sector_Consumer Staples,-0.12145209281895585,2.135704298716624e-16
2021-04-14 00:00:00,sector_Energy,0.14801057869412942,-5.855564001664651e-16
2021-04-14 00:00:00,sector_Financials,0.05573319714512104,2.604107944968823e-16
2021-04-14 00:00:00,sector_Healthcare,-0.08008819074087772,-3.1182236765935693e-16
2021-04-14 00:00:00,sector_Industrials,-0.010465580102607258,3.3012514218327987e-17
2021-04-14 00:00:00,sector_Other,0.06993575500208776,8.212870423719346e-17
2021-04-14 00:00:00,sector_Technology,-0.043747670962324174,2.0617342055148717e-16
2021-04-14 00:00:00,sector_Utilities,-0.039117963017124904,4.308721641622117e-16
2021-04-14 00:00:00,size_factor,0.015227687744289935,6.181949346365295e-16
2021-04-14 00:00:00,smb_beta,0.5580020013430407,5.47881730704674e-16
2021-04-14 00:00:00,rmw_beta,-0.08277981062249552,-4.528287698155278e-16
2021-04-21 00:00:00,market_beta,-0.04212411554469925,4.22921781442098e-18
2021-04-21 00:00:00,sector_Consumer Discretionary,-0.1480169308038813,-2.4226748425673826e-16
2021-04-21 00:00:00,sector_Consumer Staples,-0.052825679217231164,1.1091436003185677e-16
2021-04-21 00:00:00,sector_Energy,0.11884276331033045,2.30132334869675e-16
2021-04-21 00:00:00,sector_Financials,0.026914721276639134,2.397691724038716e-16
2021-04-21 00:00:00,sector_Healthcare,-0.0663430661273939,-8.673820190320935e-17
2021-04-21 00:00:00,sector_Industrials,0.09525225080896177,-6.343049530657469e-17
2021-04-21 00:00:00,sector_Other,0.10394210636319458,7.057383235805077e-17
2021-04-21 00:00:00,sector_Technology,-0.11367322220684443,-9.69208926575097e-17
2021-04-21 00:00:00,sector_Utilities,-0.09348412006497378,-3.155616750136505e-18
2021-04-21 00:00:00,size_factor,-0.12892755990442709,-1.9258870084471475e-16
2021-04-21 00:00:00,smb_beta,0.4700881928087072,5.140653165737538e-16
2021-04-21 00:00:00,rmw_beta,0.091984381028143,2.8122714692991197e-16
2021-04-28 00:00:00,market_beta,-0.2945585683424852,-4.53605646612527e-16
2021-04-28 00:00:00,sector_Consumer Discretionary,-0.047812015929199994,-5.090040657422489e-17
2021-04-28 00:00:00,sector_Consumer Staples,0.006533609871190414,-1.1601394771479197e-16
2021-04-28 00:00:00,sector_Energy,0.13192468536167878,-6.869666137912411e-17
2021-04-28 00:00:00,sector_Financials,0.06628631375135675,1.6621717449529805e-17
2021-04-28 00:00:00,sector_Healthcare,-0.07584633876861362,5.166029783313863e-16
2021-04-28 00:00:00,sector_Industrials,0.0776485592836308,4.977113841019663e-17
2021-04-28 00:00:00,sector_Other,-0.0032284392371802607,-2.0780209539131062e-16
2021-04-28 00:00:00,sector_Technology,-0.054298429125042125,4.783301518077555e-17
2021-04-28 00:00:00,sector_Utilities,-0.045703669624704964,2.140202359628648e-17
2021-04-28 00:00:00,size_factor,-0.0832706935487519,3.9095470475731344e-17
2021-04-28 00:00:00,smb_beta,0.15357621408820937,-1.674281842333031e-16
2021-04-28 00:00:00,rmw_beta,0.4335446581863532,2.46940922438949e-16
2021-05-05 00:00:00,market_beta,0.2846909112953249,3.9644118919917994e-16
2021-05-05 00:00:00,sector_Consumer Discretionary,-0.07845038720677672,-2.9546091532066575e-16
2021-05-05 00:00:00,sector_Consumer Staples,-0.10240977931466759,-3.731556653126556e-17
2021-05-05 00:00:00,sector_Energy,0.05255148141207711,3.229547494850014e-17
2021-05-05 00:00:00,sector_Financials,0.15055242458796123,1.0425342731284813e-17
2021-05-05 00:00:00,sector_Healthcare,-0.19842488250850324,9.035297033780172e-18
2021-05-05 00:00:00,sector_Industrials,0.06924024180914373,9.538546573027619e-17
2021-05-05 00:00:00,sector_Other,0.05926577085525443,-1.3216802598084694e-16
2021-05-05 00:00:00,sector_Technology,-0.017849255609921604,4.69208678818575e-16
2021-05-05 00:00:00,sector_Utilities,-0.013435005398705022,-1.2106735703838056e-16
2021-05-05 00:00:00,size_factor,-0.06441073461561708,4.647906220862614e-16
2021-05-05 00:00:00,smb_beta,0.5664939678952531,3.6948933339078576e-16
2021-05-05 00:00:00,rmw_beta,-0.13508699094801946,-1.526771935703017e-16
2021-05-12 00:00:00,market_beta,0.25967975162082313,-5.672419228515379e-16
2021-05-12 00:00:00,sector_Consumer Discretionary,0.006296097992537852,1.0338723054739445e-16
2021-05-12 00:00:00,sector_Consumer Staples,-0.029092987803923567,-7.401381793615844e-17
2021-05-12 00:00:00,sector_Energy,0.01570954366986119,1.0216846859976465e-16
2021-05-12 00:00:00,sector_Financials,-0.024969816742596355,-7.352255282298647e-17
2021-05-12 00:00:00,sector_Healthcare,-0.03632892160131868,-1.633834507177477e-17
2021-05-12 00:00:00,sector_Industrials,0.04395636088010673,6.944694387140675e-17
2021-05-12 00:00:00,sector_Other,-0.04721566643657974,2.0764323419414845e-16
2021-05-12 00:00:00,sector_Technology,0.1217483257976077,-3.5080918393871143e-16
2021-05-12 00:00:00,sector_Utilities,-0.034079008934737524,-7.017932780939538e-17
2021-05-12 00:00:00,size_factor,0.10330494503785642,-2.8654787936250477e-16
2021-05-12 00:00:00,smb_beta,0.13519778015406375,-1.5297635487439378e-16
2021-05-12 00:00:00,rmw_beta,-0.25503779871749255,7.059893545042158e-16
2021-05-19 00:00:00,market_beta,-0.0899835084878071,2.845110124574105e-16
2021-05-19 00:00:00,sector_Consumer Discretionary,0.022065770580977542,-3.8587221439184873e-16
2021-05-19 00:00:00,sector_Consumer Staples,0.05841408559949494,-1.504590878821324e-16
2021-05-19 00:00:00,sector_Energy,-0.0366393493819099,-5.023987710458888e-16
2021-05-19 00:00:00,sector_Financials,0.03011738201104787,2.713791397228613e-16
2021-05-19 00:00:00,sector_Healthcare,-0.026614279624632742,3.7786968822170564e-17
2021-05-19 00:00:00,sector_Industrials,-0.003049248583604817,1.0933633112779965e-16
2021-05-19 00:00:00,sector_Other,-0.07061682313151779,-1.1982415643963256e-16
2021-05-19 00:00:00,sector_Technology,0.06900345954233286,1.324931101830183e-16
2021-05-19 00:00:00,sector_Utilities,0.01053034171302706,1.0126607308315797e-15
2021-05-19 00:00:00,size_factor,0.03165599764861606,-1.460662143595809e-16
2021-05-19 00:00:00,smb_beta,-0.19210974889900598,2.331818887673175e-16
2021-05-19 00:00:00,rmw_beta,-0.013876155561086805,1.5435501909632322e-16
2021-05-26 00:00:00,market_beta,0.35643016196017807,5.052979449389851e-16
2021-05-26 00:00:00,sector_Consumer Discretionary,0.008689769444643971,-8.718106714647882e-17
2021-05-26 00:00:00,sector_Consumer Staples,-0.06646033110112004,-2.6919114310206765e-16
2021-05-26 00:00:00,sector_Energy,-0.08137727131419265,-2.839534278923416e-16
2021-05-26 00:00:00,sector_Financials,0.058068548356403425,-9.100737735472157e-17
2021-05-26 00:00:00,sector_Healthcare,-0.09943812997515038,-2.243350577591696e-16
2021-05-26 00:00:00,sector_Industrials,0.010995154824544624,-5.703348928410578e-17
2021-05-26 00:00:00,sector_Other,0.028748006791889946,2.651332027348866e-16
2021-05-26 00:00:00,sector_Technology,0.05778243219038456,-6.360039062396313e-17
2021-05-26 00:00:00,sector_Utilities,-0.05865335670543069,1.08874388348169e-15
2021-05-26 00:00:00,size_factor,0.027106478824740748,1.4612628398017088e-16
2021-05-26 00:00:00,smb_beta,0.2975455510266701,4.0914677627441805e-16
2021-05-26 00:00:00,rmw_beta,-0.26799819613890813,-3.55943730336527e-16
2021-06-03 00:00:00,market_beta,-0.32057759481294446,9.231251939775412e-17
2021-06-03 00:00:00,sector_Consumer Discretionary,0.0753865400601747,6.106279925553884e-16
2021-06-03 00:00:00,sector_Consumer Staples,-0.014521613810803092,2.6493029600120613e-16
2021-06-03 00:00:00,sector_Energy,0.050029893258394235,3.1114362744351367e-16
2021-06-03 00:00:00,sector_Financials,-0.0356142231632814,2.7626902512908933e-16
2021-06-03 00:00:00,sector_Healthcare,0.06583166826638841,4.5369513237866e-16
2021-06-03 00:00:00,sector_Industrials,-0.04504411425701714,1.8608494948586198e-16
2021-06-03 00:00:00,sector_Other,0.011650364526252628,-1.2298927940512349e-15
2021-06-03 00:00:00,sector_Technology,-0.08833960121056113,7.149115875595415e-16
2021-06-03 00:00:00,sector_Utilities,-0.013960379083565582,2.751719915142498e-17
2021-06-03 00:00:00,size_factor,0.013733598119840321,2.0726999211357076e-15
2021-06-03 00:00:00,smb_beta,-0.22525711423943276,-2.616035785091438e-16
2021-06-03 00:00:00,rmw_beta,0.3215931934851227,-2.759468261645169e-16
2021-06-10 00:00:00,market_beta,-0.4662705640512423,1.250015038077531e-15
2021-06-10 00:00:00,sector_Consumer Discretionary,0.04019531446564958,1.7447396100625698e-15
2021-06-10 00:00:00,sector_Consumer Staples,0.03657165335431646,4.451315419931744e-16
2021-06-10 00:00:00,sector_Energy,0.02099532843198282,7.709666308057418e-16
2021-06-10 00:00:00,sector_Financials,0.05751940089402582,1.400017774143993e-15
2021-06-10 00:00:00,sector_Healthcare,0.08900015779051394,9.113619516747124e-16
2021-06-10 00:00:00,sector_Industrials,0.04638425175909675,7.725720833577464e-16
2021-06-10 00:00:00,sector_Other,-0.04923933726382063,-3.4945150378918133e-15
2021-06-10 00:00:00,sector_Technology,-0.10275883087630786,1.879471916078084e-15
2021-06-10 00:00:00,sector_Utilities,-0.01776846656389913,3.1338205979102113e-16
2021-06-10 00:00:00,size_factor,-0.05280240420393906,6.236572800135743e-15
2021-06-10 00:00:00,smb_beta,-0.2115532921869401,2.540674396407669e-16
2021-06-10 00:00:00,rmw_beta,0.5931618392254925,-2.1671735988761176e-15
2021-06-17 00:00:00,market_beta,-0.2193109600851389,3.2461051020266795e-16
2021-06-17 00:00:00,sector_Consumer Discretionary,0.015842295767614704,4.4280185595472214e-16
2021-06-17 00:00:00,sector_Consumer Staples,-0.03896082542516633,1.7370730324128217e-16
2021-06-17 00:00:00,sector_Energy,-0.0247879989581918,1.2770332960903188e-16
2021-06-17 00:00:00,sector_Financials,0.11039353106322204,7.428752878931828e-17
2021-06-17 00:00:00,sector_Healthcare,0.16651952430554964,5.413409944623072e-16
2021-06-17 00:00:00,sector_Industrials,0.022961164929740666,3.91325024852183e-17
2021-06-17 00:00:00,sector_Other,-0.09520953766304595,-1.042041999757326e-15
2021-06-17 00:00:00,sector_Technology,-0.03785967294419775,9.108617656964749e-16
2021-06-17 00:00:00,sector_Utilities,-0.021711541197162714,1.888356427993068e-16
2021-06-17 00:00:00,size_factor,0.028542164219795156,2.777446870013259e-15
2021-06-17 00:00:00,smb_beta,-0.02881044930630269,-2.2010181880164676e-16
2021-06-17 00:00:00,rmw_beta,0.3653013045008368,-8.595910495133944e-16
2021-06-24 00:00:00,market_beta,-0.17025148773650087,1.0893756596048364e-16
2021-06-24 00:00:00,sector_Consumer Discretionary,-0.042084802996915936,3.2236793274127032e-16
2021-06-24 00:00:00,sector_Consumer Staples,0.016607669824798693,-1.8390010838491384e-16
2021-06-24 00:00:00,sector_Energy,0.024696099208940354,1.9221444698520945e-16
2021-06-24 00:00:00,sector_Financials,0.12760765775496466,2.0103634897045993e-16
2021-06-24 00:00:00,sector_Healthcare,0.0033872732971048413,2.7954533074849734e-16
2021-06-24 00:00:00,sector_Industrials,0.057818630545306886,1.8851830956335295e-16
2021-06-24 00:00:00,sector_Other,-0.03310337374364141,-7.354987474120391e-16
2021-06-24 00:00:00,sector_Technology,-0.06746929393972367,6.158008110543096e-16
2021-06-24 00:00:00,sector_Utilities,-0.049435015374148204,-2.8340457295062343e-18
2021-06-24 00:00:00,size_factor,-0.04175268996444484,2.1435506524838258e-15
2021-06-24 00:00:00,smb_beta,0.013287120989109046,-3.233830734670427e-16
2021-06-24 00:00:00,rmw_beta,0.5189062634541124,-7.273222243519684e-16
2021-07-01 00:00:00,market_beta,-0.14238697952930662,-4.85677875636923e-16
2021-07-01 00:00:00,sector_Consumer Discretionary,-0.09820984437509805,9.354507597055e-16
2021-07-01 00:00:00,sector_Consumer Staples,-0.028081558471465866,7.2326663327250075e-16
2021-07-01 00:00:00,sector_Energy,0.051730544924041263,3.8168677760879544e-16
2021-07-01 00:00:00,sector_Financials,0.14632003454419623,5.108945305008294e-16
2021-07-01 00:00:00,sector_Healthcare,-0.12250232589335497,9.12298861725613e-16
2021-07-01 00:00:00,sector_Industrials,0.13132362285598903,6.417278303550218e-16
2021-07-01 00:00:00,sector_Other,0.07474603276373436,-2.5932259787853184e-15
2021-07-01 00:00:00,sector_Technology,-0.15041982724490865,1.7623291833455356e-15
2021-07-01 00:00:00,sector_Utilities,-0.05399094315011076,2.5103355057392615e-16
2021-07-01 00:00:00,size_factor,-0.13382917290883334,4.382481497950059e-15
2021-07-01 00:00:00,smb_beta,0.4362762524740953,-1.461631091308821e-15
2021-07-01 00:00:00,rmw_beta,0.6078760082908176,-7.276832865304144e-16
2021-07-09 00:00:00,market_beta,-0.07057854390082612,-5.109450373519219e-16
2021-07-09 00:00:00,sector_Consumer Discretionary,-0.1090473151036837,1.3432624296839915e-16
2021-07-09 00:00:00,sector_Consumer Staples,-0.024566591936779836,3.894153338865569e-17
2021-07-09 00:00:00,sector_Energy,0.07570779819084679,7.135810819600262e-17
2021-07-09 00:00:00,sector_Financials,0.08308594886150104,3.2496614578318903e-16
2021-07-09 00:00:00,sector_Healthcare,-0.07251472429356838,2.60115133758185e-16
2021-07-09 00:00:00,sector_Industrials,0.06350321939656843,1.6230198235405357e-16
2021-07-09 00:00:00,sector_Other,0.05400542395607586,-3.60013402844306e-16
2021-07-09 00:00:00,sector_Technology,-0.0783129426343787,-9.202496327761389e-17
2021-07-09 00:00:00,sector_Utilities,-0.01601440327325257,1.3938113568908346e-16
2021-07-09 00:00:00,size_factor,-0.1508008106116505,5.215021499189939e-16
2021-07-09 00:00:00,smb_beta,0.3123809932369798,-2.435530816854171e-16
2021-07-09 00:00:00,rmw_beta,0.34140187942248046,4.450152442134732e-16
2021-07-16 00:00:00,market_beta,-0.0076553660823937475,-1.222769851920219e-16
2021-07-16 00:00:00,sector_Consumer Discretionary,-0.11334057280972377,-2.187824600711165e-17
2021-07-16 00:00:00,sector_Consumer Staples,-0.16030545879288294,-3.0109209654086075e-16
2021-07-16 00:00:00,sector_Energy,0.09510084390197213,-4.664855251467112e-18
2021-07-16 00:00:00,sector_Financials,0.0809330525981672,1.2585155856595323e-16
2021-07-16 00:00:00,sector_Healthcare,-0.044519025798456985,-4.07997571410821e-18
2021-07-16 00:00:00,sector_Industrials,0.052960008268839544,8.936911702472824e-17
2021-07-16 00:00:00,sector_Other,0.1139021286011463,8.272717782472497e-17
2021-07-16 00:00:00,sector_Technology,-0.09139400575475132,-3.453810438385082e-16
2021-07-16 00:00:00,sector_Utilities,-0.10661722490978265,2.24846800545407e-16
2021-07-16 00:00:00,size_factor,-0.16315699248436213,-2.032299042130641e-16
2021-07-16 00:00:00,smb_beta,0.3197669683210952,1.877992138798618e-16
2021-07-16 00:00:00,rmw_beta,0.13576118640342824,1.5473103881002984e-16
2021-07-23 00:00:00,market_beta,-0.06767421415143679,-2.4626084509050027e-16
2021-07-23 00:00:00,sector_Consumer Discretionary,-0.10043544081572486,9.722720871540057e-17
2021-07-23 00:00:00,sector_Consumer Staples,-0.12091729866996884,1.1082250243339469e-16
2021-07-23 00:00:00,sector_Energy,0.11391180559916685,1.7047630963693597e-16
2021-07-23 00:00:00,sector_Financials,0.09032775805750136,1.5317266348747253e-16
2021-07-23 00:00:00,sector_Healthcare,-0.05317872574171428,3.3215881177580784e-17
2021-07-23 00:00:00,sector_Industrials,0.03689030576144659,-1.8666119581664047e-17
2021-07-23 00:00:00,sector_Other,0.06661885435348067,-2.7231317167989636e-16
2021-07-23 00:00:00,sector_Technology,-0.0653606984758344,-3.4296902620407563e-17
2021-07-23 00:00:00,sector_Utilities,-0.02518516426478602,6.957433063277468e-16
2021-07-23 00:00:00,size_factor,-0.06205109988405484,1.9374944106228468e-16
2021-07-23 00:00:00,smb_beta,0.19641812583501977,-2.1947964776633081e-16
2021-07-23 00:00:00,rmw_beta,0.14911607165675983,-3.7401531017055406e-16
2021-07-30 00:00:00,market_beta,0.45366629379440626,7.014244852004382e-16
2021-07-30 00:00:00,sector_Consumer Discretionary,-0.0317690140636698,6.605941930365835e-16
2021-07-30 00:00:00,sector_Consumer Staples,-0.1584843956824498,-1.2649144753593397e-16
2021-07-30 00:00:00,sector_Energy,0.11887470287332297,2.6797962414411243e-16
2021-07-30 00:00:00,sector_Financials,0.08680006703654085,4.8006309023712e-16
2021-07-30 00:00:00,sector_Healthcare,-0.21646545613860793,4.5959378711357426e-17
2021-07-30 00:00:00,sector_Industrials,0.036578690931755864,4.960466450964334e-17
2021-07-30 00:00:00,sector_Other,0.1056614341801176,-1.3200493548757254e-15
2021-07-30 00:00:00,sector_Technology,0.012948273344490977,1.2832645384087035e-15
2021-07-30 00:00:00,sector_Utilities,-0.09966209087543104,-3.4937991902106775e-17
2021-07-30 00:00:00,size_factor,-0.14575334300214193,3.155107789846078e-15
2021-07-30 00:00:00,smb_beta,0.5800238229011847,4.602579714694999e-16
2021-07-30 00:00:00,rmw_beta,-0.16372399386795083,-1.5327096894935849e-15
2021-08-06 00:00:00,market_beta,0.38346289693390445,-9.518066923474132e-16
2021-08-06 00:00:00,sector_Consumer Discretionary,-0.053444244448613794,2.053539639131909e-16
2021-08-06 00:00:00,sector_Consumer Staples,-0.04681879314209059,8.623179913468906e-17
2021-08-06 00:00:00,sector_Energy,0.07982179104328098,-6.677803505953383e-17
2021-08-06 00:00:00,sector_Financials,0.06497821058819109,1.0987499305147696e-16
2021-08-06 00:00:00,sector_Healthcare,-0.1374116729975969,3.385579054187785e-16
2021-08-06 00:00:00,sector_Industrials,0.06609676687023629,-7.889272854628673e-17
2021-08-06 00:00:00,sector_Other,0.046636098611009556,-4.0350798012028097e-16
2021-08-06 00:00:00,sector_Technology,-0.018322104780520224,8.145167368459976e-17
2021-08-06 00:00:00,sector_Utilities,-0.040430463664301995,1.0817119302100708e-16
2021-08-06 00:00:00,size_factor,-0.16166429622838674,6.468608822501042e-16
2021-08-06 00:00:00,smb_beta,0.46507022585412244,-7.506597349845293e-16
2021-08-06 00:00:00,rmw_beta,-0.02008246180497559,5.077885654721876e-16
2021-08-13 00:00:00,market_beta,-0.28857251914983395,-5.274932181909597e-16
2021-08-13 00:00:00,sector_Consumer Discretionary,0.03205976319336918,-2.7669057541351513e-16
2021-08-13 00:00:00,sector_Consumer Staples,0.004639619996989269,-1.1999467890906253e-16
2021-08-13 00:00:00,sector_Energy,0.03186691408714438,-6.45264566980045e-17
2021-08-13 00:00:00,sector_Financials,-0.08567457933703869,-1.1890668912594754e-16
2021-08-13 00:00:00,sector_Healthcare,-0.04440665014365195,-1.6497223455004344e-16
2021-08-13 00:00:00,sector_Industrials,0.021903884134218937,-9.017518563691435e-17
2021-08-13 00:00:00,sector_Other,-0.04958966726696683,4.605982652450166e-16
2021-08-13 00:00:00,sector_Technology,0.1667536526899854,-1.793084278204779e-16
2021-08-13 00:00:00,sector_Utilities,-0.09049955283657397,-2.865553921121171e-17
2021-08-13 00:00:00,size_factor,0.16562288174331882,-6.826130114575515e-16
2021-08-13 00:00:00,smb_beta,-0.3105640157362178,-4.700480582254041e-16
2021-08-13 00:00:00,rmw_beta,0.11601004762146121,5.5397090394866e-16
2021-08-20 00:00:00,market_beta,0.11115349932457887,-4.170515097548044e-16
2021-08-20 00:00:00,sector_Consumer Discretionary,0.04192001948587018,1.109536804729751e-16
2021-08-20 00:00:00,sector_Consumer Staples,-0.03928540216110832,-1.1507927173752174e-17
2021-08-20 00:00:00,sector_Energy,0.005625131913430773,3.204641475546618e-17
2021-08-20 00:00:00,sector_Financials,0.04305908830052726,-6.909649017625647e-17
2021-08-20 00:00:00,sector_Healthcare,-0.15015054694027902,8.318742060532104e-18
2021-08-20 00:00:00,sector_Industrials,-0.002165562476577383,3.962287446887981e-17
2021-08-20 00:00:00,sector_Other,0.022977475284247394,-6.646179254662502e-17
2021-08-20 00:00:00,sector_Technology,0.0852477597076766,2.1302599522298376e-17
2021-08-20 00:00:00,sector_Utilities,-0.13852736875140767,6.246936713457327e-17
2021-08-20 00:00:00,size_factor,-0.005844936809463668,-1.0854414335942738e-16
2021-08-20 00:00:00,smb_beta,0.0007447494155735241,-3.3540627147320577e-16
2021-08-20 00:00:00,rmw_beta,0.1341388541150761,-1.9424429370478419e-16
2021-08-27 00:00:00,market_beta,-0.16890546786596228,8.310798586982237e-17
2021-08-27 00:00:00,sector_Consumer Discretionary,0.0716962588810446,2.554995669813886e-16
2021-08-27 00:00:00,sector_Consumer Staples,0.10316106920888046,5.059841180549149e-16
2021-08-27 00:00:00,sector_Energy,-0.013564531535490197,1.9485446693344205e-17
2021-08-27 00:00:00,sector_Financials,0.017128147120498725,5.4641174950341415e-16
2021-08-27 00:00:00,sector_Healthcare,0.07594136750411629,1.7510492358603617e-16
2021-08-27 00:00:00,sector_Industrials,-0.04675456406389541,3.985972446130611e-16
2021-08-27 00:00:00,sector_Other,-0.09180327386135659,-8.554028720605557e-16
2021-08-27 00:00:00,sector_Technology,0.04379131978061345,9.479596148392124e-17
2021-08-27 00:00:00,sector_Utilities,-0.11789807057581739,5.403718033435494e-18
2021-08-27 00:00:00,size_factor,-0.040402530038099106,-2.0044187959178656e-16
2021-08-27 00:00:00,smb_beta,-0.29133176800087995,8.700916346009439e-17
2021-08-27 00:00:00,rmw_beta,0.3776987476068135,3.5319738977657677e-16
2021-09-03 00:00:00,market_beta,0.30348213079831776,7.776384913525735e-16
2021-09-03 00:00:00,sector_Consumer Discretionary,0.032517806094661456,5.5956924021735256e-18
2021-09-03 00:00:00,sector_Consumer Staples,-0.047271417007192236,4.664443746240483e-16
2021-09-03 00:00:00,sector_Energy,0.11879895592477004,4.701569673534431e-16
2021-09-03 00:00:00,sector_Financials,0.0636879631610765,3.9072220492497614e-16
2021-09-03 00:00:00,sector_Healthcare,-0.04490291819971837,3.547619311973677e-16
2021-09-03 00:00:00,sector_Industrials,0.010305778282212864,3.0858904526579645e-16
2021-09-03 00:00:00,sector_Other,-0.012075557365397158,-6.761644512683059e-16
2021-09-03 00:00:00,sector_Technology,-0.0017980554451876433,-2.3429036775416477e-17
2021-09-03 00:00:00,sector_Utilities,-0.05582767672527851,-8.291896916586769e-17
2021-09-03 00:00:00,size_factor,0.05448729712454425,-8.619996231373815e-17
2021-09-03 00:00:00,smb_beta,0.27779623962365296,7.452217810700939e-16
2021-09-03 00:00:00,rmw_beta,-0.31775556729408533,-1.4963234067056098e-16
2021-09-13 00:00:00,market_beta,0.005265066095808618,-9.099886069803856e-17
2021-09-13 00:00:00,sector_Consumer Discretionary,-0.09937871753665317,-1.1508278003323679e-16
2021-09-13 00:00:00,sector_Consumer Staples,0.0879517390939313,-1.9493728072727586e-16
2021-09-13 00:00:00,sector_Energy,0.11718673823086193,-7.193509411837334e-16
2021-09-13 00:00:00,sector_Financials,0.06595376786359498,3.7415764234016197e-16
2021-09-13 00:00:00,sector_Healthcare,0.08188905419866337,-1.667781143653143e-16
2021-09-13 00:00:00,sector_Industrials,0.08872586316455591,-9.741907745952729e-17
2021-09-13 00:00:00,sector_Other,-0.10632142439889304,6.230900336576772e-17
2021-09-13 00:00:00,sector_Technology,0.023633302423136122,1.9124436558995057e-16
2021-09-13 00:00:00,sector_Utilities,-0.017594202294582258,6.185172967554963e-17
2021-09-13 00:00:00,size_factor,-0.08413617170210835,1.9542934717953719e-16
2021-09-13 00:00:00,smb_beta,-0.09998057982927588,-4.3906632419346804e-16
2021-09-13 00:00:00,rmw_beta,0.24706303961349452,6.538538393592156e-16
2021-09-20 00:00:00,market_beta,-0.2823569188746957,8.348824654262249e-16
2021-09-20 00:00:00,sector_Consumer Discretionary,-0.05464916619146101,-2.444635218195549e-16
2021-09-20 00:00:00,sector_Consumer Staples,0.1077739456593418,-3.6644364607303225e-18
2021-09-20 00:00:00,sector_Energy,0.012454862962840835,-6.765934260378394e-17
2021-09-20 00:00:00,sector_Financials,0.061595354417990834,-2.2386020628031722e-17
2021-09-20 00:00:00,sector_Healthcare,0.1922850055978349,2.3660021801984744e-18
2021-09-20 00:00:00,sector_Industrials,0.012914271594582631,9.897996055722432e-17
2021-09-20 00:00:00,sector_Other,-0.16454988729968706,1.2742711930447976e-16
2021-09-20 00:00:00,sector_Technology,0.034927701817130355,-1.1327250091751217e-16
2021-09-20 00:00:00,sector_Utilities,0.04677742680586257,-6.734035697813503e-17
2021-09-20 00:00:00,size_factor,0.003997029894910535,-2.8974999460818637e-16
2021-09-20 00:00:00,smb_beta,-0.3504519684520367,1.13702334705982e-15
2021-09-20 00:00:00,rmw_beta,0.5259817384903112,-1.006654129290548e-15
2021-09-27 00:00:00,market_beta,-0.39566097401205597,1.0107241956336794e-15
2021-09-27 00:00:00,sector_Consumer Discretionary,-0.0653293047963978,-1.946024571110546e-16
2021-09-27 00:00:00,sector_Consumer Staples,0.06963774673036514,-1.0535819684973089e-16
2021-09-27 00:00:00,sector_Energy,-0.012023193015460064,1.8780125668817842e-16
2021-09-27 00:00:00,sector_Financials,-0.05089643199904765,-1.2683876391980302e-17
2021-09-27 00:00:00,sector_Healthcare,0.15024867243650292,-8.23628337141578e-19
2021-09-27 00:00:00,sector_Industrials,0.023259366716466917,-2.9922216395790644e-17
2021-09-27 00:00:00,sector_Other,-0.07958984735171785,1.686581424432271e-16
2021-09-27 00:00:00,sector_Technology,0.047073384140646955,-1.413801383261875e-16
2021-09-27 00:00:00,sector_Utilities,0.057599692072256486,-1.182056973525488e-16
2021-09-27 00:00:00,size_factor,-0.06624104418028805,-5.439222319284809e-16
2021-09-27 00:00:00,smb_beta,-0.5090380789159256,1.2001267936798395e-15
2021-09-27 00:00:00,rmw_beta,0.5558146598054938,-1.1201072667825435e-15
2021-10-04 00:00:00,market_beta,-0.1501013275500663,1.7044922981168742e-15
2021-10-04 00:00:00,sector_Consumer Discretionary,-0.07398068121327225,-1.3044581264312931e-16
2021-10-04 00:00:00,sector_Consumer Staples,0.007621435260361338,-3.7553371107016307e-16
2021-10-04 00:00:00,sector_Energy,-0.004342558963380404,5.5008179243494385e-17
2021-10-04 00:00:00,sector_Financials,0.029346425613677004,3.2080562045088166e-16
2021-10-04 00:00:00,sector_Healthcare,0.05775910264741044,-5.283458315670968e-16
2021-10-04 00:00:00,sector_Industrials,-0.006282102113599525,1.6376987061029526e-16
2021-10-04 00:00:00,sector_Other,-0.07297348103370452,1.716920749613892e-16
2021-10-04 00:00:00,sector_Technology,0.10273697761671018,4.595635887024269e-17
2021-10-04 00:00:00,sector_Utilities,0.03041459043946101,-1.3804926472721203e-16
2021-10-04 00:00:00,size_factor,-0.11103959725771934,1.51425888821221e-17
2021-10-04 00:00:00,smb_beta,-0.26308051275826383,1.927476905975249e-15
2021-10-04 00:00:00,rmw_beta,0.25451092504586686,-1.5903618318465082e-15
2021-10-11 00:00:00,market_beta,-0.4678443988506998,6.380564575306722e-16
2021-10-11 00:00:00,sector_Consumer Discretionary,0.0007810038157937642,-1.1335317973462248e-15
2021-10-11 00:00:00,sector_Consumer Staples,0.10451744388601324,-3.979490218248063e-16
2021-10-11 00:00:00,sector_Energy,-0.09221724512086639,1.7169162449768555e-17
2021-10-11 00:00:00,sector_Financials,-0.09946198809873995,-6.13302041456568e-16
2021-10-11 00:00:00,sector_Healthcare,0.09773369076575561,-3.982646036844518e-16
2021-10-11 00:00:00,sector_Industrials,-0.019931538934359155,-1.1568267427822994e-16
2021-10-11 00:00:00,sector_Other,-0.06784573859806331,2.4804441409210343e-15
2021-10-11 00:00:00,sector_Technology,0.08001050636075621,-1.645837109229767e-15
2021-10-11 00:00:00,sector_Utilities,0.06110879315576859,-2.7436847492558584e-15
2021-10-11 00:00:00,size_factor,-0.06258480151900221,-4.395633867657293e-15
2021-10-11 00:00:00,smb_beta,-0.5417410205690759,1.5590580323807381e-15
2021-10-11 00:00:00,rmw_beta,0.4921444836843095,-5.795476022518365e-16
2021-10-18 00:00:00,market_beta,-0.18425260605414026,-8.245537885210373e-16
2021-10-18 00:00:00,sector_Consumer Discretionary,-0.02709350286775334,-6.871983431982077e-16
2021-10-18 00:00:00,sector_Consumer Staples,0.09959265575140519,-2.6567616924016287e-16
2021-10-18 00:00:00,sector_Energy,-0.10426860965772096,-4.625783445347119e-16
2021-10-18 00:00:00,sector_Financials,0.0052044108585899695,-7.108477778029293e-16
2021-10-18 00:00:00,sector_Healthcare,0.13549476777187858,-7.239135342752136e-17
2021-10-18 00:00:00,sector_Industrials,-0.06292459735725361,-4.516093264737826e-17
2021-10-18 00:00:00,sector_Other,-0.12963793998921344,1.501399280353893e-15
2021-10-18 00:00:00,sector_Technology,0.13681982293297396,-1.1374432257294254e-15
2021-10-18 00:00:00,sector_Utilities,-0.0076841355073082596,-5.83141079320066e-17
2021-10-18 00:00:00,size_factor,0.05731614103207111,-2.5570088497958072e-15
2021-10-18 00:00:00,smb_beta,-0.5628263365706808,-3.6571410370345344e-16
2021-10-18 00:00:00,rmw_beta,0.1992891515314118,2.2893062082850944e-16
2021-10-25 00:00:00,market_beta,0.005133585543819516,5.992320734242905e-17
2021-10-25 00:00:00,sector_Consumer Discretionary,-0.05544119568417229,2.612179022600528e-16
2021-10-25 00:00:00,sector_Consumer Staples,-0.0217520554869404,2.2791155788478464e-18
2021-10-25 00:00:00,sector_Energy,-0.034201295145156824,4.214642819085349e-17
2021-10-25 00:00:00,sector_Financials,0.08697443173051946,1.598892991061105e-17
2021-10-25 00:00:00,sector_Healthcare,-0.013377729438755547,-3.211935477618326e-17
2021-10-25 00:00:00,sector_Industrials,0.003220799231181676,4.320077780843361e-17
2021-10-25 00:00:00,sector_Other,-0.01390212470389195,-5.965352487164288e-17
2021-10-25 00:00:00,sector_Technology,0.014828899112808217,-1.0889515268726493e-16
2021-10-25 00:00:00,sector_Utilities,0.03596355013089662,-1.1185630340447698e-16
2021-10-25 00:00:00,size_factor,0.01143364961338844,1.7243898140862335e-16
2021-10-25 00:00:00,smb_beta,0.021675961438791424,-9.338161596262611e-17
2021-10-25 00:00:00,rmw_beta,-0.2590705070205978,1.9808823089139808e-17
2021-11-01 00:00:00,market_beta,-0.2228048392257032,-2.1376295305933478e-16
2021-11-01 00:00:00,sector_Consumer Discretionary,-0.1116550114922456,7.950838052878255e-16
2021-11-01 00:00:00,sector_Consumer Staples,-0.030586628012041525,1.830739331078356e-16
2021-11-01 00:00:00,sector_Energy,-0.00928141817026985,1.5479855788891423e-16
2021-11-01 00:00:00,sector_Financials,-0.0026583859707610593,4.548897246240668e-16
2021-11-01 00:00:00,sector_Healthcare,0.07007410143849459,4.3764855739635254e-16
2021-11-01 00:00:00,sector_Industrials,0.018782961744439816,-2.044958489416567e-17
2021-11-01 00:00:00,sector_Other,0.032253853565536686,-1.0395567750721724e-15
2021-11-01 00:00:00,sector_Technology,-0.014650000180495415,3.703542125637464e-16
2021-11-01 00:00:00,sector_Utilities,-0.061854097792130365,7.163619716171448e-17
2021-11-01 00:00:00,size_factor,-0.029332471034115466,2.1302183917304504e-15
2021-11-01 00:00:00,smb_beta,0.23595678434955591,-6.123409887352289e-17
2021-11-01 00:00:00,rmw_beta,-0.16019223540128896,-2.3150012296654407e-16
2021-11-08 00:00:00,market_beta,-0.20114417450674832,6.255332201099341e-16
2021-11-08 00:00:00,sector_Consumer Discretionary,-0.0717026158434566,1.4257776459137767e-16
2021-11-08 00:00:00,sector_Consumer Staples,-0.05475702861438461,4.199613126769015e-17
2021-11-08 00:00:00,sector_Energy,0.05513230203837039,1.048167255395803e-16
2021-11-08 00:00:00,sector_Financials,0.06967058262043041,3.301905122099241e-16
2021-11-08 00:00:00,sector_Healthcare,-0.03374799187832547,1.9275080662000648e-16
2021-11-08 00:00:00,sector_Industrials,0.053888873711594704,1.3736598237927333e-16
2021-11-08 00:00:00,sector_Other,0.02140108093637062,-7.003231383718255e-16
2021-11-08 00:00:00,sector_Technology,-0.03482243592856192,5.084939264912128e-16
2021-11-08 00:00:00,sector_Utilities,-0.030877073028119664,-1.3022396531890466e-16
2021-11-08 00:00:00,size_factor,-0.013424353162050835,1.5620692720586748e-15
2021-11-08 00:00:00,smb_beta,0.2670395504294929,2.276733248643428e-16
2021-11-08 00:00:00,rmw_beta,-0.2609655823034478,-3.617648556188296e-16
2021-11-15 00:00:00,market_beta,-0.00790234089648015,6.492379589892979e-16
2021-11-15 00:00:00,sector_Consumer Discretionary,-0.02318994447087709,2.4633104732206464e-16
2021-11-15 00:00:00,sector_Consumer Staples,-0.10883731328208403,-2.2643779177608314e-16
2021-11-15 00:00:00,sector_Energy,-0.013024460367499354,6.323919004529458e-17
2021-11-15 00:00:00,sector_Financials,0.014498223459025992,3.139836581218107e-16
2021-11-15 00:00:00,sector_Healthcare,-0.0646806365914629,6.866441827713555e-18
2021-11-15 00:00:00,sector_Industrials,0.009658622920919865,1.935633159626362e-16
2021-11-15 00:00:00,sector_Other,0.053812872640717296,-3.424717525779757e-16
2021-11-15 00:00:00,sector_Technology,0.015994150338689474,1.9163943851953088e-16
2021-11-15 00:00:00,sector_Utilities,0.007333149918065245,1.1077582595775006e-16
2021-11-15 00:00:00,size_factor,0.050352926122197855,8.170265270856043e-16
2021-11-15 00:00:00,smb_beta,0.028673390332272827,3.3225556030800153e-16
2021-11-15 00:00:00,rmw_beta,-0.24099499101847507,-7.975094813852748e-16
2021-11-22 00:00:00,market_beta,-0.28104720305764735,1.5253943656959527e-16
2021-11-22 00:00:00,sector_Consumer Discretionary,-0.10318463045030431,-9.091487878615759e-17
2021-11-22 00:00:00,sector_Consumer Staples,0.012011982789934058,3.75053425622795e-17
2021-11-22 00:00:00,sector_Energy,-0.027130083858991225,-2.0183126732393873e-17
2021-11-22 00:00:00,sector_Financials,0.09570567977009178,2.5354281526212e-16
2021-11-22 00:00:00,sector_Healthcare,0.02317755483778594,1.3468076076022818e-16
2021-11-22 00:00:00,sector_Industrials,-0.004090659642613787,1.277088302571289e-16
2021-11-22 00:00:00,sector_Other,0.055527384084570204,-2.437465218964158e-16
2021-11-22 00:00:00,sector_Technology,-0.14345255084688913,8.89192600216295e-17
2021-11-22 00:00:00,sector_Utilities,0.05119980415983923,-5.352570468642205e-17
2021-11-22 00:00:00,size_factor,-0.07021225419551463,6.254965706777324e-17
2021-11-22 00:00:00,smb_beta,-0.009699871088582728,2.5962865148705816e-16
2021-11-22 00:00:00,rmw_beta,-0.07914439468085151,2.5968058326888927e-16
2021-11-30 00:00:00,market_beta,0.09091284951325114,-1.6849467685455822e-16
2021-11-30 00:00:00,sector_Consumer Discretionary,0.0006671973489432541,1.767414914880873e-17
2021-11-30 00:00:00,sector_Consumer Staples,-0.05630591008460377,1.4946917866583097e-16
2021-11-30 00:00:00,sector_Energy,-0.039450483625452684,4.0389429394206304e-17
2021-11-30 00:00:00,sector_Financials,-0.05606311732176906,3.3471285784347857e-16
2021-11-30 00:00:00,sector_Healthcare,-0.02649807424232249,2.218737019971603e-16
2021-11-30 00:00:00,sector_Industrials,-0.09261562867728641,3.1328627252563356e-18
2021-11-30 00:00:00,sector_Other,0.05829745985482968,-1.9351433916523865e-16
2021-11-30 00:00:00,sector_Technology,0.07938152091432267,-2.0586358850805602e-16
2021-11-30 00:00:00,sector_Utilities,-0.07507057325177434,-1.9889770652838972e-17
2021-11-30 00:00:00,size_factor,0.11047978313029544,-1.45416402036707e-16
2021-11-30 00:00:00,smb_beta,-0.1768322487677165,-1.9296723738230162e-16
2021-11-30 00:00:00,rmw_beta,-0.14584537288923996,1.043565137710216e-17
2021-12-07 00:00:00,market_beta,0.3690692403938593,-1.663721913417184e-16
2021-12-07 00:00:00,sector_Consumer Discretionary,-0.08278466311404968,3.0555664629773737e-16
2021-12-07 00:00:00,sector_Consumer Staples,-0.0010399940183024817,-3.2207743380746564e-17
2021-12-07 00:00:00,sector_Energy,-0.01819174985510292,2.661240007259913e-16
2021-12-07 00:00:00,sector_Financials,-0.007802629117653084,2.1831284883746283e-16
2021-12-07 00:00:00,sector_Healthcare,0.009819488784381936,1.3606200795113224e-15
2021-12-07 00:00:00,sector_Industrials,-0.028806377627822188,-1.8476664291814356e-17
2021-12-07 00:00:00,sector_Other,-0.0062637873938006594,-1.5384344422613481e-15
2021-12-07 00:00:00,sector_Technology,0.05215824650358618,1.1924886891076857e-15
2021-12-07 00:00:00,sector_Utilities,0.0020538959584637164,-8.912076032660383e-17
2021-12-07 00:00:00,size_factor,0.13832550360764304,3.074768734876288e-15
2021-12-07 00:00:00,smb_beta,0.3354569264221475,-8.148304219716799e-16
2021-12-07 00:00:00,rmw_beta,-0.5168232282510673,-5.838595253828523e-16
2021-12-14 00:00:00,market_beta,0.15155469419146106,5.692676017059744e-16
2021-12-14 00:00:00,sector_Consumer Discretionary,-0.08611587462862642,5.538292559913175e-16
2021-12-14 00:00:00,sector_Consumer Staples,-0.014678918996117321,1.0732225489439611e-16
2021-12-14 00:00:00,sector_Energy,-0.05291538935920655,3.644021998554367e-16
2021-12-14 00:00:00,sector_Financials,0.09970937643161028,4.606931088004423e-17
2021-12-14 00:00:00,sector_Healthcare,-0.07755357774335299,2.71466269896459e-16
2021-12-14 00:00:00,sector_Industrials,-0.0144282039820379,7.977921129263693e-17
2021-12-14 00:00:00,sector_Other,0.1025176285055159,-1.282704191474715e-15
2021-12-14 00:00:00,sector_Technology,-0.12286968609458276,1.3873753767315287e-15
2021-12-14 00:00:00,sector_Utilities,0.04230603311285256,-7.043685818051375e-17
2021-12-14 00:00:00,size_factor,-0.08829912741064957,2.1504400901475867e-15
2021-12-14 00:00:00,smb_beta,0.15265890737343354,-1.2069465997198217e-16
2021-12-14 00:00:00,rmw_beta,-0.2465653049875992,-3.012313465161618e-16
2021-12-21 00:00:00,market_beta,0.3358219363491896,2.249828691057313e-16
2021-12-21 00:00:00,sector_Consumer Discretionary,0.08578342849807462,3.006599321591253e-16
2021-12-21 00:00:00,sector_Consumer Staples,-0.07835657199849005,3.2158700786604843e-16
2021-12-21 00:00:00,sector_Energy,-0.006669306516749058,8.761710830100559e-17
2021-12-21 00:00:00,sector_Financials,-0.06658507864069016,1.2851570990433304e-16
2021-12-21 00:00:00,sector_Healthcare,-0.08976052227780995,1.6839989573671227e-16
2021-12-21 00:00:00,sector_Industrials,-0.019517595355800405,1.3741755440089785e-16
2021-12-21 00:00:00,sector_Other,0.03629324375604029,-7.350290249073205e-16
2021-12-21 00:00:00,sector_Technology,0.06607759356154325,5.115841417828158e-16
2021-12-21 00:00:00,sector_Utilities,0.017246239064747745,-3.927672432887381e-17
2021-12-21 00:00:00,size_factor,0.028573931106269795,1.2700046135013856e-15
2021-12-21 00:00:00,smb_beta,0.1186120764690015,-3.045435391975682e-16
2021-12-21 00:00:00,rmw_beta,-0.25465665165917367,-9.933620626764352e-18
2021-12-29 00:00:00,market_beta,0.3965212796593282,3.7532258218586364e-16
2021-12-29 00:00:00,sector_Consumer Discretionary,0.1338326915792936,7.1869753828003175e-16
2021-12-29 00:00:00,sector_Consumer Staples,-0.087530501369684,5.991358657574037e-16
2021-12-29 00:00:00,sector_Energy,-0.006291530071011685,1.5685339461176716e-16
2021-12-29 00:00:00,sector_Financials,-0.05213883831490819,4.246791380697239e-16
2021-12-29 00:00:00,sector_Healthcare,-0.11921313940546788,3.697242532008883e-16
2021-12-29 00:00:00,sector_Industrials,-0.006569467369796489,2.4155155540820245e-16
2021-12-29 00:00:00,sector_Other,0.0038389977412204364,-1.5526239431375196e-15
2021-12-29 00:00:00,sector_Technology,0.09132089432603742,9.85827360900905e-16
2021-12-29 00:00:00,sector_Utilities,0.06296221255347151,6.319973934666703e-17
2021-12-29 00:00:00,size_factor,0.11626279690600884,2.5686107469294595e-15
2021-12-29 00:00:00,smb_beta,0.1222943800699794,-1.577852659613089e-16
2021-12-29 00:00:00,rmw_beta,-0.35456447053952306,-4.654564425480213e-16
2022-01-05 00:00:00,market_beta,0.28268805757112875,-8.51325747102889e-16
2022-01-05 00:00:00,sector_Consumer Discretionary,0.17456428258584195,4.758964678728299e-16
2022-01-05 00:00:00,sector_Consumer Staples,-0.021003494646965708,1.5303480966959997e-16
2022-01-05 00:00:00,sector_Energy,0.025787914134625257,1.1398658563818347e-16
2022-01-05 00:00:00,sector_Financials,-0.07824721605902431,-2.4917829276504864e-16
2022-01-05 00:00:00,sector_Healthcare,-0.08106773659063374,4.783753073366735e-16
2022-01-05 00:00:00,sector_Industrials,-0.019289661594772408,1.8546846823927627e-17
2022-01-05 00:00:00,sector_Other,-0.0335406684224948,-4.203151877904234e-16
2022-01-05 00:00:00,sector_Technology,0.0859350924967266,9.438986037112585e-17
2022-01-05 00:00:00,sector_Utilities,0.03897953488933954,1.422487870739622e-16
2022-01-05 00:00:00,size_factor,0.021422337374829167,8.764222086340472e-17
2022-01-05 00:00:00,smb_beta,-0.1820886534330182,-1.1565460162793103e-15
2022-01-05 00:00:00,rmw_beta,0.01406145474634888,1.1848213976448664e-15
2022-01-12 00:00:00,market_beta,0.2884851102039594,-8.64404497887734e-16
2022-01-12 00:00:00,sector_Consumer Discretionary,0.21559889156529208,-1.0741037231739149e-16
2022-01-12 00:00:00,sector_Consumer Staples,-0.007648195296356044,3.196227975684319e-16
2022-01-12 00:00:00,sector_Energy,-0.04269339593756544,2.2316386731565845e-16
2022-01-12 00:00:00,sector_Financials,-0.1539877366040657,-1.1709839865925113e-16
2022-01-12 00:00:00,sector_Healthcare,-0.03336620320762262,4.179684468890017e-16
2022-01-12 00:00:00,sector_Industrials,-0.051313448995955004,7.072784032754938e-17
2022-01-12 00:00:00,sector_Other,-0.030068900662222307,-4.070418953222614e-16
2022-01-12 00:00:00,sector_Technology,0.12251368776969658,1.8185119577307838e-16
2022-01-12 00:00:00,sector_Utilities,0.061589650996481185,1.1369772903712113e-16
2022-01-12 00:00:00,size_factor,0.05813360245177899,6.472307773971019e-16
2022-01-12 00:00:00,smb_beta,-0.02122823790728903,-7.019228138888519e-16
2022-01-12 00:00:00,rmw_beta,-0.08453808517062589,6.80982927780588e-16
2022-01-20 00:00:00,market_beta,0.10558573396221302,-3.509105895987953e-16
2022-01-20 00:00:00,sector_Consumer Discretionary,0.11662041705097627,1.1528412935875427e-16
2022-01-20 00:00:00,sector_Consumer Staples,-0.025219043391594885,-1.760688396580481e-16
2022-01-20 00:00:00,sector_Energy,-0.13588246988713223,-8.516549241151355e-18
2022-01-20 00:00:00,sector_Financials,-0.07737656104800288,-8.939234870722866e-17
2022-01-20 00:00:00,sector_Healthcare,0.06465905754454325,6.543753630855955e-17
2022-01-20 00:00:00,sector_Industrials,-0.11956516091688986,6.239428987056114e-17
2022-01-20 00:00:00,sector_Other,-0.011729095339865455,3.1328768935491075e-16
2022-01-20 00:00:00,sector_Technology,0.08002779428307966,-5.96503380083685e-16
2022-01-20 00:00:00,sector_Utilities,0.05034946767005697,-3.88692019469903e-17
2022-01-20 00:00:00,size_factor,0.04791115067772705,-4.1987251008324213e-16
2022-01-20 00:00:00,smb_beta,-0.23859086985953343,-3.083665101558946e-17
2022-01-20 00:00:00,rmw_beta,-0.09013794583877255,3.1738550731711363e-16
2022-01-27 00:00:00,market_beta,0.18725710402323664,4.730946898961702e-16
2022-01-27 00:00:00,sector_Consumer Discretionary,0.128152432168893,3.8368749254123256e-16
2022-01-27 00:00:00,sector_Consumer Staples,0.01680493535857006,-4.075712507784816e-17
2022-01-27 00:00:00,sector_Energy,-0.18545042008629223,8.26333889957382e-17
2022-01-27 00:00:00,sector_Financials,-0.10736789901467167,1.0602992009079454e-17
2022-01-27 00:00:00,sector_Healthcare,0.07153649697795604,-2.1013202345266554e-16
2022-01-27 00:00:00,sector_Industrials,-0.1121557850977582,1.6271834579994658e-16
2022-01-27 00:00:00,sector_Other,-0.014852672216053638,-3.8990945007690595e-17
2022-01-27 00:00:00,sector_Technology,0.08121392586445281,-1.3626636200497958e-16
2022-01-27 00:00:00,sector_Utilities,0.05291124122097657,-8.543553175709341e-17
2022-01-27 00:00:00,size_factor,0.07093266259344817,1.3653250246880596e-16
2022-01-27 00:00:00,smb_beta,-0.11311569178807687,8.074950835064857e-16
2022-01-27 00:00:00,rmw_beta,0.011701027385754218,-4.964501687164637e-16
2022-02-03 00:00:00,market_beta,-0.10351406012545643,1.0765865000754457e-15
2022-02-03 00:00:00,sector_Consumer Discretionary,0.15102631428764532,2.4623942848688076e-16
2022-02-03 00:00:00,sector_Consumer Staples,0.048627042704370314,7.118608179294759e-17
2022-02-03 00:00:00,sector_Energy,-0.12099215144621457,-8.518429610832416e-17
2022-02-03 00:00:00,sector_Financials,-0.053581897764937665,2.2664193953508248e-16
2022-02-03 00:00:00,sector_Healthcare,0.046519936296786545,2.288748650477434e-16
2022-02-03 00:00:00,sector_Industrials,-0.1000430428838469,2.556652894532008e-16
2022-02-03 00:00:00,sector_Other,-0.057336356215321,-1.155304545202917e-15
2022-02-03 00:00:00,sector_Technology,0.06658766264518609,1.3096694749584246e-15
2022-02-03 00:00:00,sector_Utilities,0.07749208045982528,4.8151545572916416e-17
2022-02-03 00:00:00,size_factor,-0.09896673572914676,2.494317410153976e-15
2022-02-03 00:00:00,smb_beta,-0.3108880535484421,1.3868764438069427e-16
2022-02-03 00:00:00,rmw_beta,0.44308981602374736,-1.000169310899296e-15
2022-02-10 00:00:00,market_beta,0.36764436785469035,-4.314781229369281e-18
2022-02-10 00:00:00,sector_Consumer Discretionary,0.05693500082971433,-4.614210909569869e-16
2022-02-10 00:00:00,sector_Consumer Staples,-0.04454010592253583,-3.137678261499e-16
2022-02-10 00:00:00,sector_Energy,-0.056181778630686324,-2.0327457829595002e-16
2022-02-10 00:00:00,sector_Financials,-0.18838610313996867,-4.71684293692527e-16
2022-02-10 00:00:00,sector_Healthcare,-0.040555254889505614,-4.334234637859088e-16
2022-02-10 00:00:00,sector_Industrials,-0.06771134093084342,-1.7375708955448912e-16
2022-02-10 00:00:00,sector_Other,0.06686649386767245,1.3047339209845243e-15
2022-02-10 00:00:00,sector_Technology,0.08979455872930019,-7.171165924121058e-16
2022-02-10 00:00:00,sector_Utilities,0.11724049262753482,-3.4667524304300478e-16
2022-02-10 00:00:00,size_factor,0.03371279087263289,-1.794012132116136e-15
2022-02-10 00:00:00,smb_beta,0.03861581510449956,3.786278304431871e-16
2022-02-10 00:00:00,rmw_beta,-0.19939885752941333,4.1943588088120566e-17
2022-02-17 00:00:00,market_beta,-0.02059865030297214,7.604354682502559e-17
2022-02-17 00:00:00,sector_Consumer Discretionary,0.05475486842023616,1.9489336213932943e-16
2022-02-17 00:00:00,sector_Consumer Staples,0.017503751640067285,-1.0551678797179786e-16
2022-02-17 00:00:00,sector_Energy,0.02350976931076742,5.72007841704937e-17
2022-02-17 00:00:00,sector_Financials,-0.13331545005870396,1.9453719998276064e-16
2022-02-17 00:00:00,sector_Healthcare,0.04754832686321543,-2.295472903022388e-16
2022-02-17 00:00:00,sector_Industrials,-0.043430198606184654,-3.975613434716181e-17
2022-02-17 00:00:00,sector_Other,-0.01335524414134249,1.4540949815508338e-16
2022-02-17 00:00:00,sector_Technology,0.047197302586236466,-1.3869387778728375e-16
2022-02-17 00:00:00,sector_Utilities,0.1497792705739209,-6.319263706855995e-16
2022-02-17 00:00:00,size_factor,0.09215671960762699,4.006752495872634e-16
2022-02-17 00:00:00,smb_beta,-0.08194322372950352,1.6924366322248282e-16
2022-02-17 00:00:00,rmw_beta,0.03323953748128336,-1.8068642599980008e-16
2022-02-25 00:00:00,market_beta,-0.023945629551934165,-1.087749855261024e-15
2022-02-25 00:00:00,sector_Consumer Discretionary,0.07518638020765438,-1.4782492198445973e-16
2022-02-25 00:00:00,sector_Consumer Staples,-0.033307992823219834,7.19219459647186e-17
2022-02-25 00:00:00,sector_Energy,0.056051804107789656,3.0095275869819204e-16
2022-02-25 00:00:00,sector_Financials,-0.08951856419852117,-2.2259566239638154e-16
2022-02-25 00:00:00,sector_Healthcare,-0.011747088946789414,3.2230858923193535e-16
2022-02-25 00:00:00,sector_Industrials,0.043894590512823274,3.067105614003111e-16
2022-02-25 00:00:00,sector_Other,-0.023890060536641108,-1.6892102486186003e-16
2022-02-25 00:00:00,sector_Technology,0.05281182808704728,-1.8689358262188138e-17
2022-02-25 00:00:00,sector_Utilities,0.06490507687793061,-1.5511927473438292e-16
2022-02-25 00:00:00,size_factor,0.07721770963623453,-1.909862851973871e-16
2022-02-25 00:00:00,smb_beta,0.04109574230222264,-1.021194224925303e-15
2022-02-25 00:00:00,rmw_beta,-0.019656133398775626,1.1639483491898136e-15
2022-03-04 00:00:00,market_beta,-0.152754017885633,6.272583288057936e-16
2022-03-04 00:00:00,sector_Consumer Discretionary,-0.023260781274277425,8.202161604313346e-17
2022-03-04 00:00:00,sector_Consumer Staples,0.036336488657847776,-3.282350749396063e-17
2022-03-04 00:00:00,sector_Energy,-0.008094508766980802,-2.0841159541824119e-16
2022-03-04 00:00:00,sector_Financials,0.13248056464404495,-2.190559057746442e-16
2022-03-04 00:00:00,sector_Healthcare,0.16011133052788795,-8.592425451315502e-17
2022-03-04 00:00:00,sector_Industrials,0.013923317016648564,-3.4399115333799085e-17
2022-03-04 00:00:00,sector_Other,-0.1803382238813439,9.712440961404085e-17
2022-03-04 00:00:00,sector_Technology,0.08633257390313834,2.1875207673160133e-16
2022-03-04 00:00:00,sector_Utilities,-0.01389882671842725,-1.5154893455674787e-16
2022-03-04 00:00:00,size_factor,0.05803088050804333,2.4689897598378357e-16
2022-03-04 00:00:00,smb_beta,-0.3462856927072281,7.007066453098739e-16
2022-03-04 00:00:00,rmw_beta,0.3609214944980027,-4.275775613903809e-16
2022-03-11 00:00:00,market_beta,-0.13693693917764949,4.627826687872091e-16
2022-03-11 00:00:00,sector_Consumer Discretionary,0.10773870625173508,3.11723222997181e-16
2022-03-11 00:00:00,sector_Consumer Staples,-0.03475648453301726,2.2984403541448863e-17
2022-03-11 00:00:00,sector_Energy,0.009092098954375204,-1.2940970158881255e-16
2022-03-11 00:00:00,sector_Financials,0.17238053848552257,-1.5363435993853053e-16
2022-03-11 00:00:00,sector_Healthcare,0.09300813720726765,1.2253047111661942e-17
2022-03-11 00:00:00,sector_Industrials,0.015122041517505201,9.454450417912313e-17
2022-03-11 00:00:00,sector_Other,-0.14351289710326795,-1.182222020028745e-16
2022-03-11 00:00:00,sector_Technology,-0.0026625226506408178,1.0013149026269704e-16
2022-03-11 00:00:00,sector_Utilities,-0.07252321069078989,-2.752716416181157e-18
2022-03-11 00:00:00,size_factor,0.0800248667683691,3.7359770445783815e-17
2022-03-11 00:00:00,smb_beta,-0.22716243362314298,2.603601865713621e-16
2022-03-11 00:00:00,rmw_beta,0.14445371258797796,-3.2507607914705235e-16
2022-03-18 00:00:00,market_beta,0.13306480800245976,-7.513378030383633e-16
2022-03-18 00:00:00,sector_Consumer Discretionary,-0.029578257206753007,-2.1154396429647105e-16
2022-03-18 00:00:00,sector_Consumer Staples,-0.10527385157377599,1.0538698852034226e-16
2022-03-18 00:00:00,sector_Energy,0.06437485635292244,4.5586465151585324e-17
2022-03-18 00:00:00,sector_Financials,0.1607630339053831,2.682581058552184e-16
2022-03-18 00:00:00,sector_Healthcare,-0.17687708313203465,-3.059949523341438e-17
2022-03-18 00:00:00,sector_Industrials,0.027036681024501866,6.27509842930039e-17
2022-03-18 00:00:00,sector_Other,0.07583452824687748,-3.342832578099559e-17
2022-03-18 00:00:00,sector_Technology,-0.06397905733423512,-1.686954988576464e-16
2022-03-18 00:00:00,sector_Utilities,-0.07244698165737931,-4.802246512929183e-17
2022-03-18 00:00:00,size_factor,-0.027632136797602746,-1.6759341491627452e-16
2022-03-18 00:00:00,smb_beta,0.2702817966879415,-9.225509536989337e-16
2022-03-18 00:00:00,rmw_beta,-0.24644210604325187,7.707103731910776e-16
2022-03-25 00:00:00,market_beta,0.572611504883679,-4.034189350859505e-16
2022-03-25 00:00:00,sector_Consumer Discretionary,-0.019779257989096324,3.6977163204526877e-16
2022-03-25 00:00:00,sector_Consumer Staples,-0.0038920830184847196,-9.404456549378392e-17
2022-03-25 00:00:00,sector_Energy,-0.08701577504463846,2.2744393203468353e-16
2022-03-25 00:00:00,sector_Financials,0.07984711366832847,-6.851933638134422e-19
2022-03-25 00:00:00,sector_Healthcare,-0.12186624393395143,3.1176298053511617e-16
2022-03-25 00:00:00,sector_Industrials,-0.09022761822752008,2.363654208628732e-16
2022-03-25 00:00:00,sector_Other,0.030826409326800648,-2.6298614428940155e-16
2022-03-25 00:00:00,sector_Technology,0.08111183911247695,-1.5246178236371678e-16
2022-03-25 00:00:00,sector_Utilities,-0.04545000000404899,-5.3890718483073104e-17
2022-03-25 00:00:00,size_factor,0.04489072942537648,1.799292969187172e-16
2022-03-25 00:00:00,smb_beta,0.30038381494709127,3.02027713143029e-16
2022-03-25 00:00:00,rmw_beta,-0.31405260103466404,-4.474640753946909e-17
2022-04-01 00:00:00,market_beta,-0.37147929659272694,-5.869284461884084e-15
2022-04-01 00:00:00,sector_Consumer Discretionary,-0.08204112731960844,9.515961719559316e-17
2022-04-01 00:00:00,sector_Consumer Staples,-0.07351901299414901,1.2827722251382732e-15
2022-04-01 00:00:00,sector_Energy,0.13550293908229338,5.614326274098495e-16
2022-04-01 00:00:00,sector_Financials,-0.07779258172434965,5.460774711825029e-16
2022-04-01 00:00:00,sector_Healthcare,-0.11785521840432682,1.284193974470444e-15
2022-04-01 00:00:00,sector_Industrials,-0.005440757833758503,1.7283987263273971e-16
2022-04-01 00:00:00,sector_Other,0.1530016026539717,-1.3160537452656158e-15
2022-04-01 00:00:00,sector_Technology,-0.041404127886162254,-4.17306969700141e-16
2022-04-01 00:00:00,sector_Utilities,-0.06553368685128194,1.7247533676859597e-16
2022-04-01 00:00:00,size_factor,-0.07215928947943162,-5.033062754711568e-16
2022-04-01 00:00:00,smb_beta,-0.17086967150548138,-5.71701876528925e-15
2022-04-01 00:00:00,rmw_beta,0.13036353511338508,6.5974858354699534e-15
2022-04-08 00:00:00,market_beta,-0.00042394131826257433,-5.581702087205068e-16
2022-04-08 00:00:00,sector_Consumer Discretionary,-0.03768673433637825,1.5812786979660055e-16
2022-04-08 00:00:00,sector_Consumer Staples,-0.22702653354273067,2.541593729802948e-16
2022-04-08 00:00:00,sector_Energy,0.19843169072939795,9.952847960995956e-17
2022-04-08 00:00:00,sector_Financials,-0.019159198572974132,-8.65839125606729e-17
2022-04-08 00:00:00,sector_Healthcare,-0.08222726800707443,1.143668823054163e-16
2022-04-08 00:00:00,sector_Industrials,0.05676765265155083,-2.4162665900877057e-17
2022-04-08 00:00:00,sector_Other,0.09929017403202292,-1.3533407605812366e-16
2022-04-08 00:00:00,sector_Technology,-0.0029353194379472492,5.4121638372107455e-17
2022-04-08 00:00:00,sector_Utilities,-0.10837265258087456,-4.254270792145045e-16
2022-04-08 00:00:00,size_factor,-0.03236782710986532,3.089363218493975e-17
2022-04-08 00:00:00,smb_beta,0.20088721691504072,-5.366459823230724e-16
2022-04-08 00:00:00,rmw_beta,-0.11758894275858679,5.788100447998453e-16
2022-04-18 00:00:00,market_beta,-0.24535816454799003,-1.008575893389767e-15
2022-04-18 00:00:00,sector_Consumer Discretionary,-0.06206002162130156,-7.18590471253233e-17
2022-04-18 00:00:00,sector_Consumer Staples,-0.11159497794429733,3.433163648606817e-16
2022-04-18 00:00:00,sector_Energy,0.07837441317230191,1.7583175007809528e-16
2022-04-18 00:00:00,sector_Financials,0.17053979494350827,4.132732775096612e-16
2022-04-18 00:00:00,sector_Healthcare,0.08064149430409827,4.507319252482784e-16
2022-04-18 00:00:00,sector_Industrials,0.04866654073394085,1.7352255163890764e-17
2022-04-18 00:00:00,sector_Other,-0.044094318367425035,-7.336442833273572e-16
2022-04-18 00:00:00,sector_Technology,-0.08058363285745604,3.07177677226545e-16
2022-04-18 00:00:00,sector_Utilities,0.011973409921825022,1.0960740287642374e-16
2022-04-18 00:00:00,size_factor,-0.04192166874798824,4.199035162892465e-16
2022-04-18 00:00:00,smb_beta,-0.19431399099324628,-1.2333653948861516e-15
2022-04-18 00:00:00,rmw_beta,0.2521802829298132,1.1832790202731511e-15
2022-04-25 00:00:00,market_beta,0.03731934506607606,-1.0072108001842593e-15
2022-04-25 00:00:00,sector_Consumer Discretionary,-0.058206737686561524,-1.2213352223723396e-16
2022-04-25 00:00:00,sector_Consumer Staples,-0.05892461625068646,1.9530311181516248e-16
2022-04-25 00:00:00,sector_Energy,0.0788968086286793,2.5661258358292904e-16
2022-04-25 00:00:00,sector_Financials,0.05051845700556213,2.3739665444608557e-16
2022-04-25 00:00:00,sector_Healthcare,-0.08339189767952383,1.2475436432625925e-16
2022-04-25 00:00:00,sector_Industrials,0.04256050139921009,1.4101427978227687e-16
2022-04-25 00:00:00,sector_Other,-0.010000778764374803,-1.1906781115648762e-16
2022-04-25 00:00:00,sector_Technology,0.0636601181172302,-3.2624254961141317e-16
2022-04-25 00:00:00,sector_Utilities,0.0047605881086203615,1.9496611383103978e-16
2022-04-25 00:00:00,size_factor,0.07799649775146447,-4.464392909561201e-16
2022-04-25 00:00:00,smb_beta,0.2331977188292855,-6.391846554756438e-16
2022-04-25 00:00:00,rmw_beta,-0.2819912716275708,7.290610829191049e-16
2022-05-02 00:00:00,market_beta,0.07900260969129158,3.0272812987303938e-15
2022-05-02 00:00:00,sector_Consumer Discretionary,-0.07550236475634226,-2.6840893972694292e-17
2022-05-02 00:00:00,sector_Consumer Staples,0.014422692394837736,-5.739661611795717e-16
2022-05-02 00:00:00,sector_Energy,-0.055156575049757364,-1.3823699376503325e-16
2022-05-02 00:00:00,sector_Financials,0.029332270163076657,-2.1484516442575264e-16
2022-05-02 00:00:00,sector_Healthcare,0.045724299705735674,-6.056115025642441e-16
2022-05-02 00:00:00,sector_Industrials,0.17963254380345137,1.2687858486159592e-16
2022-05-02 00:00:00,sector_Other,-0.05272770844642979,4.472957661831521e-16
2022-05-02 00:00:00,sector_Technology,-0.008555386000727696,1.8929454102400566e-16
2022-05-02 00:00:00,sector_Utilities,-0.0024132741391558795,-2.5737046265080394e-17
2022-05-02 00:00:00,size_factor,-0.06891116297382392,-1.0196892940170666e-16
2022-05-02 00:00:00,smb_beta,0.21187227652519583,3.1855347358163076e-15
2022-05-02 00:00:00,rmw_beta,-0.10462594058838103,-3.2553890840706047e-15
2022-05-09 00:00:00,market_beta,-0.2033005759703738,-6.567454972753977e-15
2022-05-09 00:00:00,sector_Consumer Discretionary,-0.05414920860210426,6.59264020514126e-16
2022-05-09 00:00:00,sector_Consumer Staples,0.02282096446630453,1.561534725213828e-15
2022-05-09 00:00:00,sector_Energy,0.09417891849541671,3.5017950883328137e-16
2022-05-09 00:00:00,sector_Financials,-0.09653726295325203,8.91828282903686e-16
2022-05-09 00:00:00,sector_Healthcare,0.1737407254593777,1.7190855778531702e-15
2022-05-09 00:00:00,sector_Industrials,-0.010748438658684597,1.6951433548338929e-16
2022-05-09 00:00:00,sector_Other,-0.05272503498427918,-2.0754774540886117e-15
2022-05-09 00:00:00,sector_Technology,0.012360264750506117,-1.725306023629076e-16
2022-05-09 00:00:00,sector_Utilities,0.0816648178115432,2.2156848570943447e-16
2022-05-09 00:00:00,size_factor,0.24349449477399207,1.3270005464637416e-15
2022-05-09 00:00:00,smb_beta,-0.2703256906318496,-7.246809857484869e-15
2022-05-09 00:00:00,rmw_beta,-0.17459044154775283,6.82034832568152e-15
2022-05-16 00:00:00,market_beta,-0.002713857500508232,2.357967084172975e-16
2022-05-16 00:00:00,sector_Consumer Discretionary,0.022377841449913595,1.1140530367957016e-16
2022-05-16 00:00:00,sector_Consumer Staples,0.07768106289170428,9.599696774762904e-17
2022-05-16 00:00:00,sector_Energy,-0.013211311181577864,6.667437819778335e-17
2022-05-16 00:00:00,sector_Financials,-0.05692864962936735,-7.189795178840835e-17
2022-05-16 00:00:00,sector_Healthcare,0.03497028500593403,4.2832822342030506e-17
2022-05-16 00:00:00,sector_Industrials,0.10445287723973133,3.084816230478157e-16
2022-05-16 00:00:00,sector_Other,0.004419392002679523,1.726869277925604e-17
2022-05-16 00:00:00,sector_Technology,-0.12149097365838724,-4.286764992699675e-16
2022-05-16 00:00:00,sector_Utilities,0.06620784429207309,1.2312019002854792e-16
2022-05-16 00:00:00,size_factor,0.15408603855779376,-4.367047156490984e-16
2022-05-16 00:00:00,smb_beta,0.019884310940076876,7.719546244095066e-16
2022-05-16 00:00:00,rmw_beta,-0.2244991648888899,-7.188650985567194e-16
2022-05-23 00:00:00,market_beta,0.02305207694071294,7.56098105401562e-16
2022-05-23 00:00:00,sector_Consumer Discretionary,6.246898587430865e-05,-9.890216435643673e-17
2022-05-23 00:00:00,sector_Consumer Staples,0.16314129741058486,-5.82965240773119e-17
2022-05-23 00:00:00,sector_Energy,0.03254603790421163,-1.2787426697269906e-17
2022-05-23 00:00:00,sector_Financials,-0.07927829299058602,-1.4720701991322256e-16
2022-05-23 00:00:00,sector_Healthcare,0.0013849287786880252,-5.581308811875737e-17
2022-05-23 00:00:00,sector_Industrials,-0.030666990179266974,1.2097365947158594e-16
2022-05-23 00:00:00,sector_Other,0.030036446956101512,1.3191727743775824e-16
2022-05-23 00:00:00,sector_Technology,-0.06349362923424563,-1.2926650413675914e-16
2022-05-23 00:00:00,sector_Utilities,-0.05017260736221095,1.5558773281393242e-16
2022-05-23 00:00:00,size_factor,0.05120855150065537,-1.7950343213358306e-16
2022-05-23 00:00:00,smb_beta,-0.03775464192879026,8.159568351488869e-16
2022-05-23 00:00:00,rmw_beta,-0.18118153971004378,-9.975961502077548e-16
2022-05-31 00:00:00,market_beta,0.41719508383600323,-7.028344407757558e-17
2022-05-31 00:00:00,sector_Consumer Discretionary,0.016716099667155957,-6.056047206819499e-17
2022-05-31 00:00:00,sector_Consumer Staples,-0.012793715709904091,-2.5273826633831723e-16
2022-05-31 00:00:00,sector_Energy,-0.10899896169539673,2.3859743874586455e-17
2022-05-31 00:00:00,sector_Financials,0.06102799869691395,3.891776565623701e-17
2022-05-31 00:00:00,sector_Healthcare,-0.06878921523383977,-5.915500379748026e-18
2022-05-31 00:00:00,sector_Industrials,-0.02947275893270682,2.799283665301672e-17
2022-05-31 00:00:00,sector_Other,0.03747577667117289,1.2886949264535132e-16
2022-05-31 00:00:00,sector_Technology,0.013604630350802994,-6.628143161011359e-17
2022-05-31 00:00:00,sector_Utilities,-0.10291115638544496,-7.29857423371836e-17
2022-05-31 00:00:00,size_factor,0.018809667050965637,-1.8328681739997315e-16
2022-05-31 00:00:00,smb_beta,0.35723242759513285,-2.063909787536103e-17
2022-05-31 00:00:00,rmw_beta,-0.35105489070917967,1.1059574705083526e-16
2022-06-07 00:00:00,market_beta,-0.061126939394863945,-1.5384624881313927e-15
2022-06-07 00:00:00,sector_Consumer Discretionary,0.05406985772772389,3.0101954643316065e-17
2022-06-07 00:00:00,sector_Consumer Staples,0.12497585759977335,3.5688418365534806e-16
2022-06-07 00:00:00,sector_Energy,-0.06944923111662092,4.054049199184733e-17
2022-06-07 00:00:00,sector_Financials,-0.007932761852136157,3.054245570787369e-16
2022-06-07 00:00:00,sector_Healthcare,0.010824965400057411,3.4551010670279186e-16
2022-06-07 00:00:00,sector_Industrials,0.016060581211559222,-9.946380660439979e-17
2022-06-07 00:00:00,sector_Other,-0.03091565705408142,-5.364991720024579e-16
2022-06-07 00:00:00,sector_Technology,-0.009870007653087475,2.2621116852727766e-16
2022-06-07 00:00:00,sector_Utilities,-0.13238744354895707,-1.989337226734285e-17
2022-06-07 00:00:00,size_factor,0.060091666604242436,2.6802151704120637e-16
2022-06-07 00:00:00,smb_beta,-0.12888298195923034,-1.8155879329175093e-15
2022-06-07 00:00:00,rmw_beta,0.21756768738975077,1.786617075851433e-15
2022-06-14 00:00:00,market_beta,-0.4234423030271145,1.2466317261615249e-15
2022-06-14 00:00:00,sector_Consumer Discretionary,-0.08590765549290362,-1.7640923139190896e-16
2022-06-14 00:00:00,sector_Consumer Staples,0.18771196284915023,-4.1417119708050563e-16
2022-06-14 00:00:00,sector_Energy,0.0377501511895641,-1.3076962467431834e-17
2022-06-14 00:00:00,sector_Financials,-0.013861046221612576,5.089024048814821e-17
2022-06-14 00:00:00,sector_Healthcare,0.11234276842311697,-3.198224056694193e-16
2022-06-14 00:00:00,sector_Industrials,-0.008333620992151902,-1.226828036965573e-16
2022-06-14 00:00:00,sector_Other,-0.06788752162512655,4.145133823991903e-16
2022-06-14 00:00:00,sector_Technology,-0.011692716870537537,-9.881018495027632e-17
2022-06-14 00:00:00,sector_Utilities,-0.07810121606011254,-9.231176013950173e-18
2022-06-14 00:00:00,size_factor,-0.014767759207102448,-3.0696245440160593e-16
2022-06-14 00:00:00,smb_beta,-0.3596228277563955,1.3845548339633223e-15
2022-06-14 00:00:00,rmw_beta,0.39474368235463336,-1.3829119615780065e-15
2022-06-22 00:00:00,market_beta,-0.42800512681525177,-1.4782161402666806e-15
2022-06-22 00:00:00,sector_Consumer Discretionary,-0.08028549113931499,3.183753737483002e-16
2022-06-22 00:00:00,sector_Consumer Staples,0.0470456525375081,3.6999534331797105e-16
2022-06-22 00:00:00,sector_Energy,0.16018917144933548,3.301687968823896e-16
2022-06-22 00:00:00,sector_Financials,-0.043536151616478155,4.610463579521478e-16
2022-06-22 00:00:00,sector_Healthcare,0.14661511219331538,2.5698289976688663e-16
2022-06-22 00:00:00,sector_Industrials,-0.0633707210446757,1.0576434202457873e-16
2022-06-22 00:00:00,sector_Other,0.023369953986184116,-9.039603043298032e-16
2022-06-22 00:00:00,sector_Technology,-0.09474838746130707,4.0397745784804817e-16
2022-06-22 00:00:00,sector_Utilities,-0.062276477144865894,-2.385388348385451e-17
2022-06-22 00:00:00,size_factor,0.031315423837921415,4.536316010438745e-16
2022-06-22 00:00:00,smb_beta,-0.44370625177718515,-1.9056250867843827e-15
2022-06-22 00:00:00,rmw_beta,0.2145830271915981,1.7388846955023333e-15
2022-06-29 00:00:00,market_beta,-0.3400811378610221,-3.48437271623478e-16
2022-06-29 00:00:00,sector_Consumer Discretionary,-0.1936495178458815,-2.9349514407876653e-16
2022-06-29 00:00:00,sector_Consumer Staples,0.003302210077285061,9.55690833490138e-17
2022-06-29 00:00:00,sector_Energy,0.07407178775876318,1.794065352495693e-16
2022-06-29 00:00:00,sector_Financials,0.12823536208867176,-4.186967342188382e-16
2022-06-29 00:00:00,sector_Healthcare,0.017402410135742286,8.425730377209637e-17
2022-06-29 00:00:00,sector_Industrials,0.038160811060880095,3.549253748388757e-17
2022-06-29 00:00:00,sector_Other,0.05066222189036829,2.1875913105717147e-16
2022-06-29 00:00:00,sector_Technology,-0.12004216272496396,-4.1833084516564565e-17
2022-06-29 00:00:00,sector_Utilities,-0.04169889518194911,1.4848046973962188e-17
2022-06-29 00:00:00,size_factor,0.013431646976372268,-3.136343140591342e-16
2022-06-29 00:00:00,smb_beta,-0.2439479660106461,-2.279430613962824e-18
2022-06-29 00:00:00,rmw_beta,0.08262710330320507,2.014740726816271e-17
2022-07-07 00:00:00,market_beta,-0.11691414099158806,1.2978781677102967e-16
2022-07-07 00:00:00,sector_Consumer Discretionary,-0.10513577243293397,-5.80634802102111e-17
2022-07-07 00:00:00,sector_Consumer Staples,-0.15747387732863688,6.8169032768450436e-18
2022-07-07 00:00:00,sector_Energy,0.08799126398820345,5.836447593048796e-17
2022-07-07 00:00:00,sector_Financials,0.08329615737709303,-1.9819260542759658e-16
2022-07-07 00:00:00,sector_Healthcare,-0.170241377868769,-1.404588188161861e-16
2022-07-07 00:00:00,sector_Industrials,0.09948367572027,8.273786659918681e-17
2022-07-07 00:00:00,sector_Other,0.09875429109497788,4.70445843354517e-16
2022-07-07 00:00:00,sector_Technology,-0.014113623762013494,-3.942919980769593e-16
2022-07-07 00:00:00,sector_Utilities,-0.02201683209293732,-4.598459016570668e-16
2022-07-07 00:00:00,size_factor,-0.09817184542005966,-4.818796625160477e-16
2022-07-07 00:00:00,smb_beta,-0.18147212434964377,3.7626686206016633e-16
2022-07-07 00:00:00,rmw_beta,-0.019085042118588545,5.66653821222958e-17
2022-07-14 00:00:00,market_beta,-0.012055920486972986,1.1883670989226264e-15
2022-07-14 00:00:00,sector_Consumer Discretionary,-0.016448928429793307,-2.682639515774928e-16
2022-07-14 00:00:00,sector_Consumer Staples,-0.15713991550297907,-3.059028821176175e-17
2022-07-14 00:00:00,sector_Energy,0.16312430756378807,2.5132255034258597e-16
2022-07-14 00:00:00,sector_Financials,-0.007110939529954186,1.6764362792231083e-16
2022-07-14 00:00:00,sector_Healthcare,-0.10289541051893503,-1.1735053954561757e-16
2022-07-14 00:00:00,sector_Industrials,0.04907620354273136,-2.503173753896359e-16
2022-07-14 00:00:00,sector_Other,0.09585582157612091,2.5035734729736074e-16
2022-07-14 00:00:00,sector_Technology,-0.04643741136951384,-1.481221408883973e-16
2022-07-14 00:00:00,sector_Utilities,-0.02100932548308429,-2.575419130646321e-16
2022-07-14 00:00:00,size_factor,0.045457041204938826,-1.5724435821121776e-16
2022-07-14 00:00:00,smb_beta,-0.04198015464046537,1.5115005916576684e-15
2022-07-14 00:00:00,rmw_beta,-0.20833916362573685,-1.3155770593605384e-15
2022-07-21 00:00:00,market_beta,-0.13882020907810882,-7.822568881127184e-16
2022-07-21 00:00:00,sector_Consumer Discretionary,-0.13415045447448404,-1.4742654477186544e-16
2022-07-21 00:00:00,sector_Consumer Staples,-0.04945894972992968,3.0895065023224933e-16
2022-07-21 00:00:00,sector_Energy,0.12327044101730937,1.0239989007161492e-16
2022-07-21 00:00:00,sector_Financials,-0.027397127660394878,6.48361758729417e-17
2022-07-21 00:00:00,sector_Healthcare,-0.008664130805595844,3.529969575304604e-16
2022-07-21 00:00:00,sector_Industrials,0.04657548127125363,1.0898660181159667e-16
2022-07-21 00:00:00,sector_Other,0.07499046020705209,-9.100479011854184e-17
2022-07-21 00:00:00,sector_Technology,-0.053322793537546355,-3.722694785880024e-16
2022-07-21 00:00:00,sector_Utilities,0.003884254524383675,4.1130393110653756e-17
2022-07-21 00:00:00,size_factor,0.04161943007791783,-1.2293832129303728e-16
2022-07-21 00:00:00,smb_beta,-0.1267391569610864,-6.151624941750186e-16
2022-07-21 00:00:00,rmw_beta,-0.023464883328584683,7.133194996909828e-16
2022-07-28 00:00:00,market_beta,0.4215810280988506,7.473505695410976e-16
2022-07-28 00:00:00,sector_Consumer Discretionary,-0.055430841413147615,-4.550970497429951e-16
2022-07-28 00:00:00,sector_Consumer Staples,-0.0678346020505577,-3.0424578575843975e-16
2022-07-28 00:00:00,sector_Energy,0.1085703648746451,-1.6270968047638106e-16
2022-07-28 00:00:00,sector_Financials,0.024260704349290695,-3.305529691044324e-16
2022-07-28 00:00:00,sector_Healthcare,-0.013382616914045492,-2.8602572162918613e-16
2022-07-28 00:00:00,sector_Industrials,-0.12252360763736557,2.1061256098275416e-16
2022-07-28 00:00:00,sector_Other,0.013894431980928917,4.971242818080138e-16
2022-07-28 00:00:00,sector_Technology,0.07753272005747426,1.2855410639440088e-16
2022-07-28 00:00:00,sector_Utilities,-0.053331576620365626,-9.45079052582542e-19
2022-07-28 00:00:00,size_factor,0.18025008039518886,-6.885896071660371e-16
2022-07-28 00:00:00,smb_beta,0.3765642273858261,9.36830413697845e-16
2022-07-28 00:00:00,rmw_beta,-0.49969138122522,-6.880258983364302e-16
2022-08-04 00:00:00,market_beta,-0.36602145008481063,-2.421406441625445e-16
2022-08-04 00:00:00,sector_Consumer Discretionary,-0.04930054576235166,3.139659255644537e-16
2022-08-04 00:00:00,sector_Consumer Staples,0.06552648406341308,2.056281892501246e-18
2022-08-04 00:00:00,sector_Energy,0.001389079737453037,2.528405569576627e-17
2022-08-04 00:00:00,sector_Financials,-0.08984142182955582,-6.183234203468398e-16
2022-08-04 00:00:00,sector_Healthcare,0.17902516560712414,8.222030346233654e-16
2022-08-04 00:00:00,sector_Industrials,-0.09910920612939242,-2.6166499496003898e-17
2022-08-04 00:00:00,sector_Other,0.02111215803370176,-1.8367087577354162e-16
2022-08-04 00:00:00,sector_Technology,-0.04836423565682457,-8.142843914938421e-17
2022-08-04 00:00:00,sector_Utilities,-0.02495937778034653,4.7813017460350014e-17
2022-08-04 00:00:00,size_factor,0.09380271579522924,1.5810644991571553e-16
2022-08-04 00:00:00,smb_beta,-0.27049857812878586,-3.6775542752578216e-16
2022-08-04 00:00:00,rmw_beta,0.24494648613693956,1.1184422375091356e-16
2022-08-11 00:00:00,market_beta,0.26303778264259,1.3093155422067522e-15
2022-08-11 00:00:00,sector_Consumer Discretionary,0.09523093994118174,6.02574992109105e-17
2022-08-11 00:00:00,sector_Consumer Staples,-0.014138200518375228,-3.6484447565986037e-16
2022-08-11 00:00:00,sector_Energy,0.00830501248702285,6.565170302469861e-18
2022-08-11 00:00:00,sector_Financials,-0.08720783588478835,-4.2774489497669555e-16
2022-08-11 00:00:00,sector_Healthcare,0.10181399376465987,-3.58373173890412e-16
2022-08-11 00:00:00,sector_Industrials,-0.09581959742726713,-2.6793571174419957e-16
2022-08-11 00:00:00,sector_Other,-0.08168031649742212,3.11853591492364e-16
2022-08-11 00:00:00,sector_Technology,0.13682062549616408,4.318915379751359e-16
2022-08-11 00:00:00,sector_Utilities,-0.033182518412206534,-1.112262749541587e-16
2022-08-11 00:00:00,size_factor,0.26431792602116744,-5.2216103740400466e-18
2022-08-11 00:00:00,smb_beta,0.2798808085014456,1.5359198165660482e-15
2022-08-11 00:00:00,rmw_beta,-0.3646237281703956,-1.530751368759469e-15
2022-08-18 00:00:00,market_beta,-0.1699862231795139,-7.693723180138812e-16
2022-08-18 00:00:00,sector_Consumer Discretionary,-0.05786132611885587,-1.7723345264537697e-16
2022-08-18 00:00:00,sector_Consumer Staples,-0.02561159067756724,2.235143868996068e-18
2022-08-18 00:00:00,sector_Energy,0.12743156166846895,-1.2055822881975757e-16
2022-08-18 00:00:00,sector_Financials,-0.05500306552681868,3.9713359429047153e-16
2022-08-18 00:00:00,sector_Healthcare,0.16810331644974527,-3.088816844481445e-16
2022-08-18 00:00:00,sector_Industrials,-0.057828194043353834,-1.2160299161937596e-16
2022-08-18 00:00:00,sector_Other,-0.03827444807864497,1.1956994439338958e-16
2022-08-18 00:00:00,sector_Technology,0.04782419678610945,-2.2518265471146037e-17
2022-08-18 00:00:00,sector_Utilities,-0.05529054225227394,8.482068445970626e-19
2022-08-18 00:00:00,size_factor,0.10680915355887519,-2.5989078012766617e-16
2022-08-18 00:00:00,smb_beta,-0.10176615874290616,-8.684070969784769e-16
2022-08-18 00:00:00,rmw_beta,0.11752188278395279,9.573590325613758e-16
2022-08-25 00:00:00,market_beta,-0.026120365764817417,2.8912901177451e-15
2022-08-25 00:00:00,sector_Consumer Discretionary,0.05876945825022366,-2.0356921528810654e-16
2022-08-25 00:00:00,sector_Consumer Staples,0.015959772180287112,-4.36124803348007e-16
2022-08-25 00:00:00,sector_Energy,-0.13317345514543955,-2.1129196526517606e-16
2022-08-25 00:00:00,sector_Financials,0.010065045462672144,-1.6370243596411147e-16
2022-08-25 00:00:00,sector_Healthcare,0.20561803491270647,-5.154124730573117e-16
2022-08-25 00:00:00,sector_Industrials,-0.06872831199687042,-1.755046862517889e-16
2022-08-25 00:00:00,sector_Other,-0.1629536354379406,4.525788769757774e-16
2022-08-25 00:00:00,sector_Technology,0.13428254649836613,3.04969244285072e-16
2022-08-25 00:00:00,sector_Utilities,0.05043644718303603,-9.030771839691021e-17
2022-08-25 00:00:00,size_factor,0.06802188872222328,3.5527236428401744e-16
2022-08-25 00:00:00,smb_beta,-0.08916543196235983,3.016130070805122e-15
2022-08-25 00:00:00,rmw_beta,0.11087177035525024,-3.0481255244153875e-15
2022-09-01 00:00:00,market_beta,0.0976517443251088,-3.0362329391013905e-16
2022-09-01 00:00:00,sector_Consumer Discretionary,-0.005124034770338285,-6.712679287763461e-17
2022-09-01 00:00:00,sector_Consumer Staples,0.000521325172931307,-3.813288700189835e-17
2022-09-01 00:00:00,sector_Energy,-0.018961896670842613,9.975966281695614e-17
2022-09-01 00:00:00,sector_Financials,-0.1980531938417275,4.566738798773939e-16
2022-09-01 00:00:00,sector_Healthcare,0.08512179473247579,3.794895621516372e-16
2022-09-01 00:00:00,sector_Industrials,-0.013370847292155208,6.65640704754017e-17
2022-09-01 00:00:00,sector_Other,-0.026111417478483567,-3.489251135630192e-16
2022-09-01 00:00:00,sector_Technology,0.16011030225507283,-1.1693388324834215e-16
2022-09-01 00:00:00,sector_Utilities,0.05884788837655583,2.3887384250258118e-16
2022-09-01 00:00:00,size_factor,0.10176296862615195,1.074580686347456e-16
2022-09-01 00:00:00,smb_beta,0.033077149818561566,-2.7455155493200814e-16
2022-09-01 00:00:00,rmw_beta,-0.09397187639997158,2.344751216550293e-16
2022-09-09 00:00:00,market_beta,0.15172733128594895,-7.13698406498898e-16
2022-09-09 00:00:00,sector_Consumer Discretionary,-0.025506663367712075,1.4422678488012264e-16
2022-09-09 00:00:00,sector_Consumer Staples,-0.03449557297007524,-1.5307914856776097e-16
2022-09-09 00:00:00,sector_Energy,-0.03400320044793062,1.2557398931125623e-16
2022-09-09 00:00:00,sector_Financials,-0.03145987638521467,7.533045899608542e-17
2022-09-09 00:00:00,sector_Healthcare,0.07257239320370264,9.73247535934826e-17
2022-09-09 00:00:00,sector_Industrials,0.0022878006164503786,5.004315327152965e-17
2022-09-09 00:00:00,sector_Other,-0.04932577478415742,5.958844909045595e-17
2022-09-09 00:00:00,sector_Technology,0.10201571799722625,-4.2647116967899454e-16
2022-09-09 00:00:00,sector_Utilities,0.026519325612584643,3.0563841120189156e-17
2022-09-09 00:00:00,size_factor,0.07674050512513197,-1.0536462900661402e-16
2022-09-09 00:00:00,smb_beta,0.03817667922371652,-8.098789725553343e-16
2022-09-09 00:00:00,rmw_beta,-0.16031752871173913,8.232095184139965e-16
2022-09-16 00:00:00,market_beta,0.2895012129664031,-6.972871520971023e-16
2022-09-16 00:00:00,sector_Consumer Discretionary,0.046154184529811876,2.417739020771981e-16
2022-09-16 00:00:00,sector_Consumer Staples,-0.06136360966903512,1.5184156865215917e-16
2022-09-16 00:00:00,sector_Energy,-0.06063163965333784,8.709382259008046e-17
2022-09-16 00:00:00,sector_Financials,-0.07280297514332533,3.658325786578545e-16
2022-09-16 00:00:00,sector_Healthcare,-0.044609878711289935,7.826395392423601e-17
2022-09-16 00:00:00,sector_Industrials,-0.0005529628260622022,3.584810998850995e-17
2022-09-16 00:00:00,sector_Other,0.1024968529495687,-2.808375259622889e-16
2022-09-16 00:00:00,sector_Technology,-0.058132857687107894,-1.145421709318749e-16
2022-09-16 00:00:00,sector_Utilities,-0.006906226384729555,-4.312843228468347e-17
2022-09-16 00:00:00,size_factor,-0.12061910371190464,-1.3192472425572524e-16
2022-09-16 00:00:00,smb_beta,0.2199978080723432,-8.976108843163965e-16
2022-09-16 00:00:00,rmw_beta,-0.2109416863090905,8.710590439653184e-16
2022-09-23 00:00:00,market_beta,-0.31593937869363337,-4.977163816120888e-15
2022-09-23 00:00:00,sector_Consumer Discretionary,-0.02058284482013556,2.395100240230846e-16
2022-09-23 00:00:00,sector_Consumer Staples,-0.041855954895220926,7.207842216903091e-16
2022-09-23 00:00:00,sector_Energy,0.09887290636217419,4.3284271783295467e-16
2022-09-23 00:00:00,sector_Financials,-0.1056992723623934,3.403527191421745e-16
2022-09-23 00:00:00,sector_Healthcare,0.03041872507635084,1.1568887751001394e-15
2022-09-23 00:00:00,sector_Industrials,0.0023581192593841328,8.687651801167707e-18
2022-09-23 00:00:00,sector_Other,0.03942231415212992,-1.2865453148882216e-15
2022-09-23 00:00:00,sector_Technology,-0.00964416911025969,1.740045596638372e-16
2022-09-23 00:00:00,sector_Utilities,0.014778065164272512,3.8778732843771395e-16
2022-09-23 00:00:00,size_factor,-0.03293842278691316,1.0647315506206712e-15
2022-09-23 00:00:00,smb_beta,-0.28066462898800215,-5.575314372995675e-15
2022-09-23 00:00:00,rmw_beta,0.370189492999408,5.314611764388508e-15
2022-09-30 00:00:00,market_beta,-0.47791135581775296,1.6019474329867974e-15
2022-09-30 00:00:00,sector_Consumer Discretionary,-0.03681013381108559,2.132857707698347e-16
2022-09-30 00:00:00,sector_Consumer Staples,-0.003537533302325963,-3.8327551004093696e-16
2022-09-30 00:00:00,sector_Energy,0.027480424563128835,-2.5308586966420167e-16
2022-09-30 00:00:00,sector_Financials,0.019675287312660644,-6.267578069410185e-17
2022-09-30 00:00:00,sector_Healthcare,-0.002649568040231629,-4.3310571530924223e-16
2022-09-30 00:00:00,sector_Industrials,0.020151291682383,-8.551574575154111e-17
2022-09-30 00:00:00,sector_Other,-0.021250582647426228,4.570364172421805e-16
2022-09-30 00:00:00,sector_Technology,0.010836353412616382,-5.0537877935783815e-17
2022-09-30 00:00:00,sector_Utilities,0.03414445854890293,-5.041442353493323e-16
2022-09-30 00:00:00,size_factor,-0.025161508451880275,-1.9066502410585728e-16
2022-09-30 00:00:00,smb_beta,-0.4968501127491834,1.5932171672008172e-15
2022-09-30 00:00:00,rmw_beta,0.4959685076522553,-1.6520112755427325e-15
2022-10-07 00:00:00,market_beta,0.11572346567836848,3.2657575965542947e-15
2022-10-07 00:00:00,sector_Consumer Discretionary,0.01553746098423442,-1.8583008455812545e-17
2022-10-07 00:00:00,sector_Consumer Staples,-0.08947312663480832,-3.3497048112828424e-16
2022-10-07 00:00:00,sector_Energy,0.009298744073268748,1.521423112147708e-17
2022-10-07 00:00:00,sector_Financials,0.019085324232970317,-1.9560064521953138e-16
2022-10-07 00:00:00,sector_Healthcare,-0.1269220111124711,-8.116397299530451e-16
2022-10-07 00:00:00,sector_Industrials,-0.07265784675752414,6.739915815693652e-17
2022-10-07 00:00:00,sector_Other,0.14152478808349206,4.4354911464899456e-16
2022-10-07 00:00:00,sector_Technology,-0.09543167521429768,3.623753276984624e-16
2022-10-07 00:00:00,sector_Utilities,0.02212502805981124,-1.3693370179048966e-16
2022-10-07 00:00:00,size_factor,-0.09286066213662689,-2.3795882475991284e-16
2022-10-07 00:00:00,smb_beta,0.16586353387628316,3.545216420062843e-15
2022-10-07 00:00:00,rmw_beta,-0.182096208022472,-3.367080865552677e-15
2022-10-14 00:00:00,market_beta,0.3224871005965193,7.659484858850548e-16
2022-10-14 00:00:00,sector_Consumer Discretionary,-0.043843695775717936,-4.810289257566412e-16
2022-10-14 00:00:00,sector_Consumer Staples,-0.14117658002511554,-1.432231886687121e-16
2022-10-14 00:00:00,sector_Energy,-0.08156415279470515,-8.064337714678197e-17
2022-10-14 00:00:00,sector_Financials,0.17458679318252016,-2.6793748963304087e-16
2022-10-14 00:00:00,sector_Healthcare,-0.15027096246083055,-3.2391018776409745e-16
2022-10-14 00:00:00,sector_Industrials,-0.039282406833930236,-9.47681807611361e-17
2022-10-14 00:00:00,sector_Other,0.09274313152705434,6.611734485232817e-16
2022-10-14 00:00:00,sector_Technology,-0.04459830987743186,-1.4644923441285074e-16
2022-10-14 00:00:00,sector_Utilities,0.03518114503368406,-1.5594195030839461e-16
2022-10-14 00:00:00,size_factor,-0.11759188398598816,-3.4634070831198567e-16
2022-10-14 00:00:00,smb_beta,0.2067680244325927,8.286848320468133e-16
2022-10-14 00:00:00,rmw_beta,-0.2549153084268147,-8.349595988969073e-16
2022-10-21 00:00:00,market_beta,-0.03242475090327656,1.594250114164337e-16
2022-10-21 00:00:00,sector_Consumer Discretionary,-0.042729573705359236,-1.6778394162099893e-16
2022-10-21 00:00:00,sector_Consumer Staples,0.05731872865286131,-2.0770312352568255e-16
2022-10-21 00:00:00,sector_Energy,-0.19094963989251695,-1.2624778060258552e-17
2022-10-21 00:00:00,sector_Financials,0.10344842278454995,2.4007216517640756e-18
2022-10-21 00:00:00,sector_Healthcare,0.023338127055179098,-1.5124546406113677e-16
2022-10-21 00:00:00,sector_Industrials,-0.0978040823866473,1.4412902772236423e-16
2022-10-21 00:00:00,sector_Other,-0.0204245515089763,2.9006358447925696e-16
2022-10-21 00:00:00,sector_Technology,0.030566806615364383,-2.333910604112383e-16
2022-10-21 00:00:00,sector_Utilities,0.042428900510239356,-7.152508739851796e-17
2022-10-21 00:00:00,size_factor,-0.053788879053748004,-8.470306036483527e-17
2022-10-21 00:00:00,smb_beta,-0.0135938140309165,2.1898723513208723e-16
2022-10-21 00:00:00,rmw_beta,-0.061745798948690936,-2.776192171231402e-16
2022-10-28 00:00:00,market_beta,0.25197941419110176,1.2098229430112888e-15
2022-10-28 00:00:00,sector_Consumer Discretionary,0.042158261590940625,-2.9364195703684617e-16
2022-10-28 00:00:00,sector_Consumer Staples,-0.15267711908726492,-2.969340996705308e-16
2022-10-28 00:00:00,sector_Energy,-0.0669108100906099,1.5982559480705538e-17
2022-10-28 00:00:00,sector_Financials,-0.06530126521090222,-6.244976469537214e-17
2022-10-28 00:00:00,sector_Healthcare,-0.17582125795050113,-7.331948444461703e-16
2022-10-28 00:00:00,sector_Industrials,-0.10396581630416432,-1.9119369551621564e-16
2022-10-28 00:00:00,sector_Other,0.2228614306065911,8.724837179687206e-16
2022-10-28 00:00:00,sector_Technology,-0.06844048685345523,-2.1579946093346007e-16
2022-10-28 00:00:00,sector_Utilities,0.05778542343929509,-1.505157367588296e-16
2022-10-28 00:00:00,size_factor,-0.13489834622637803,-1.0182673279867591e-16
2022-10-28 00:00:00,smb_beta,0.26763712902859954,1.2488317952268021e-15
2022-10-28 00:00:00,rmw_beta,-0.3695563984370836,-1.2200690614543717e-15
2022-11-04 00:00:00,market_beta,0.2813069550192569,5.209995816520533e-16
2022-11-04 00:00:00,sector_Consumer Discretionary,0.08509832354916526,-9.650573432495731e-17
2022-11-04 00:00:00,sector_Consumer Staples,-0.07092402242691496,5.781047181579219e-18
2022-11-04 00:00:00,sector_Energy,-0.09472887946040359,-2.287338625041186e-17
2022-11-04 00:00:00,sector_Financials,-0.09830577141285478,-2.1246614351691197e-17
2022-11-04 00:00:00,sector_Healthcare,-0.028972887419953804,-2.072980481340682e-16
2022-11-04 00:00:00,sector_Industrials,-0.1152743558342686,-1.576277036755668e-16
2022-11-04 00:00:00,sector_Other,0.10835292951171427,1.242439939055467e-16
2022-11-04 00:00:00,sector_Technology,-0.022902587757114894,7.20519066901035e-17
2022-11-04 00:00:00,sector_Utilities,0.08631470155684771,1.2987468605362981e-16
2022-11-04 00:00:00,size_factor,-0.05628456672282159,1.9802230611370906e-16
2022-11-04 00:00:00,smb_beta,0.3599695836346628,7.908870911069966e-16
2022-11-04 00:00:00,rmw_beta,-0.36685405738564053,-7.269174095534883e-16
2022-11-11 00:00:00,market_beta,0.37983429290848625,-5.813875333512897e-16
2022-11-11 00:00:00,sector_Consumer Discretionary,0.12885344083646785,2.71744166104839e-16
2022-11-11 00:00:00,sector_Consumer Staples,-0.0785122031631389,5.66848764036826e-16
2022-11-11 00:00:00,sector_Energy,-0.0037483857514095486,-4.2554804382337004e-17
2022-11-11 00:00:00,sector_Financials,-0.06098069270173267,3.7257449538082333e-16
2022-11-11 00:00:00,sector_Healthcare,-0.027966760181316618,1.7371571563768456e-16
2022-11-11 00:00:00,sector_Industrials,-0.1507547595614028,-3.313336563398247e-17
2022-11-11 00:00:00,sector_Other,0.0036284980810878656,-6.343180797155938e-16
2022-11-11 00:00:00,sector_Technology,0.11418233450791587,2.1318988373976336e-16
2022-11-11 00:00:00,sector_Utilities,-0.02502463378111108,1.1107783895013785e-16
2022-11-11 00:00:00,size_factor,0.09646260438017523,3.3405506097652456e-16
2022-11-11 00:00:00,smb_beta,0.4150495431386408,-9.565105344337453e-16
2022-11-11 00:00:00,rmw_beta,-0.4475109735833523,8.502545035010066e-16
2022-11-18 00:00:00,market_beta,0.4624380178777424,-2.3702730660244988e-15
2022-11-18 00:00:00,sector_Consumer Discretionary,0.0394908171514289,1.4386094281800565e-16
2022-11-18 00:00:00,sector_Consumer Staples,-0.07419627104728514,4.000730780750048e-16
2022-11-18 00:00:00,sector_Energy,-0.03666666685814991,1.4799118897400733e-16
2022-11-18 00:00:00,sector_Financials,-0.015826094574977363,3.101132565758499e-16
2022-11-18 00:00:00,sector_Healthcare,-0.08083002555437378,3.101132565758499e-16
2022-11-18 00:00:00,sector_Industrials,-0.14402707868111167,-6.012366320076089e-17
2022-11-18 00:00:00,sector_Other,0.011459477589640187,-6.467581130166707e-16
2022-11-18 00:00:00,sector_Technology,0.18269833041636932,2.5390355382785845e-16
2022-11-18 00:00:00,sector_Utilities,-0.03928639362300566,-5.737579623471143e-17
2022-11-18 00:00:00,size_factor,0.13399648798739885,8.29202213914934e-16
2022-11-18 00:00:00,smb_beta,0.34952197627792564,-3.08974056586067e-15
2022-11-18 00:00:00,rmw_beta,-0.4528200676947789,3.086078670139048e-15
2022-11-28 00:00:00,market_beta,-0.059709867789541876,4.11661725585512e-16
2022-11-28 00:00:00,sector_Consumer Discretionary,0.022006812703191613,-2.637027489417473e-16
2022-11-28 00:00:00,sector_Consumer Staples,-0.12774043619880351,-3.1956827709332455e-16
2022-11-28 00:00:00,sector_Energy,0.013601639397923694,-3.3888910909089444e-16
2022-11-28 00:00:00,sector_Financials,0.0202059825658401,5.01308266296977e-17
2022-11-28 00:00:00,sector_Healthcare,-0.004450177433354912,-4.0420922894576383e-16
2022-11-28 00:00:00,sector_Industrials,-0.07102111641141828,-1.1216017106631934e-16
2022-11-28 00:00:00,sector_Other,0.1180644172905468,5.385619056918493e-16
2022-11-28 00:00:00,sector_Technology,-0.12149692126582334,-1.3914361025467536e-16
2022-11-28 00:00:00,sector_Utilities,-0.06510532421084846,-9.268486252450438e-17
2022-11-28 00:00:00,size_factor,-0.03722166000083322,-2.451902679805541e-16
2022-11-28 00:00:00,smb_beta,0.11415680285346555,6.160284167798196e-16
2022-11-28 00:00:00,rmw_beta,-0.17187288163310535,-4.63603126887526e-16
2022-12-05 00:00:00,market_beta,0.1792154185326837,3.065512288828084e-15
2022-12-05 00:00:00,sector_Consumer Discretionary,0.06212123558230246,-7.146610057632727e-16
2022-12-05 00:00:00,sector_Consumer Staples,-0.19240183992481977,-6.950696545335884e-16
2022-12-05 00:00:00,sector_Energy,0.029859009073947704,-3.2800457758902e-16
2022-12-05 00:00:00,sector_Financials,0.04952149481933663,-2.9686151060003944e-16
2022-12-05 00:00:00,sector_Healthcare,-0.08850810710487811,-5.340649318255825e-16
2022-12-05 00:00:00,sector_Industrials,0.075048039493982,-2.410890793039886e-16
2022-12-05 00:00:00,sector_Other,0.10307551891038426,1.4090853131434226e-15
2022-12-05 00:00:00,sector_Technology,-0.15715616769249136,-6.039283133281886e-16
2022-12-05 00:00:00,sector_Utilities,0.013134941876338397,-1.6807004763030982e-16
2022-12-05 00:00:00,size_factor,-0.09678790154972546,-7.90913299438368e-16
2022-12-05 00:00:00,smb_beta,0.3983173636667348,3.772449835311607e-15
2022-12-05 00:00:00,rmw_beta,-0.34549672241805285,-3.6564319712751145e-15
2022-12-12 00:00:00,market_beta,0.45588716695419174,1.581468008108216e-16
2022-12-12 00:00:00,sector_Consumer Discretionary,0.005784905192407713,2.666260823271638e-16
2022-12-12 00:00:00,sector_Consumer Staples,-0.22091724495584356,5.306829402404804e-17
2022-12-12 00:00:00,sector_Energy,-0.027125322811691988,1.1526622618018294e-16
2022-12-12 00:00:00,sector_Financials,0.12624438679063837,6.347306030019604e-18
2022-12-12 00:00:00,sector_Healthcare,-0.13749458503481796,-5.168520624444534e-17
2022-12-12 00:00:00,sector_Industrials,0.028031920765470772,4.738537557422626e-17
2022-12-12 00:00:00,sector_Other,0.052777798387590676,-1.7196556159438112e-16
2022-12-12 00:00:00,sector_Technology,0.05402679072185303,-1.061904940826033e-17
2022-12-12 00:00:00,sector_Utilities,-0.03347722629115746,-6.525677601126757e-17
2022-12-12 00:00:00,size_factor,-0.03496985787953453,4.875385646258981e-16
2022-12-12 00:00:00,smb_beta,0.41534899867181824,1.892937228599233e-16
2022-12-12 00:00:00,rmw_beta,-0.4164029856530145,-2.3104585952964956e-16
2022-12-19 00:00:00,market_beta,0.10330731350848818,4.994381093974683e-16
2022-12-19 00:00:00,sector_Consumer Discretionary,-0.02125189545935061,-5.922245165898754e-17
2022-12-19 00:00:00,sector_Consumer Staples,-0.026916592307091432,-1.7585388031939618e-16
2022-12-19 00:00:00,sector_Energy,0.06771028419038334,1.140771890890321e-16
2022-12-19 00:00:00,sector_Financials,0.10054961987572648,-1.7528598887055017e-16
2022-12-19 00:00:00,sector_Healthcare,-0.07521808222773449,-1.0502521671366992e-16
2022-12-19 00:00:00,sector_Industrials,0.02558618752287833,1.0743471016422236e-18
2022-12-19 00:00:00,sector_Other,-0.050545521332038136,3.566407805483019e-16
2022-12-19 00:00:00,sector_Technology,0.07394102212119823,-3.5019014650955383e-16
2022-12-19 00:00:00,sector_Utilities,-0.04142392282511096,5.96506523522763e-17
2022-12-19 00:00:00,size_factor,-0.0026615811405999307,-3.0683699311135194e-16
2022-12-19 00:00:00,smb_beta,0.021886308159182816,6.469122941679919e-16
2022-12-19 00:00:00,rmw_beta,-0.03566374617941408,-5.42875915905062e-16
2022-12-27 00:00:00,market_beta,-0.022974477699822464,1.4420419548694207e-15
2022-12-27 00:00:00,sector_Consumer Discretionary,0.02386819169005752,1.0951047389589576e-16
2022-12-27 00:00:00,sector_Consumer Staples,-0.008935112022379847,-1.2198852312416561e-16
2022-12-27 00:00:00,sector_Energy,0.028029657793375927,-3.659357564159578e-17
2022-12-27 00:00:00,sector_Financials,0.08946280026660063,-6.597593923121517e-17
2022-12-27 00:00:00,sector_Healthcare,-0.005045026400560769,-3.3764157135974817e-16
2022-12-27 00:00:00,sector_Industrials,-0.039416140063422984,-1.3387745679485573e-16
2022-12-27 00:00:00,sector_Other,-0.026870453950549874,3.50483397237662e-16
2022-12-27 00:00:00,sector_Technology,-0.017803197669178226,-2.359055220424998e-16
2022-12-27 00:00:00,sector_Utilities,-0.003242804359233396,-2.5304639784403426e-17
2022-12-27 00:00:00,size_factor,0.007117431027241598,-5.389603254404539e-16
2022-12-27 00:00:00,smb_beta,0.041965564825913494,2.0241197441109927e-15
2022-12-27 00:00:00,rmw_beta,-0.026445601449598132,-1.9030579048010053e-15
2023-01-04 00:00:00,market_beta,-0.15133904474839205,5.2894873049974776e-15
2023-01-04 00:00:00,sector_Consumer Discretionary,-0.05319423979586038,-1.6191061021137848e-16
2023-01-04 00:00:00,sector_Consumer Staples,-0.007813170370733088,-9.193450756429206e-16
2023-01-04 00:00:00,sector_Energy,-0.09105886280920185,-4.806462703876054e-16
2023-01-04 00:00:00,sector_Financials,0.07517170752457965,-4.628201277530629e-16
2023-01-04 00:00:00,sector_Healthcare,0.01675703437004072,-8.730627820992011e-16
2023-01-04 00:00:00,sector_Industrials,0.02510730666736362,-4.879580008753278e-16
2023-01-04 00:00:00,sector_Other,0.01769413583259093,1.5046431297630494e-15
2023-01-04 00:00:00,sector_Technology,-0.05751981066598839,-4.461765140281458e-16
2023-01-04 00:00:00,sector_Utilities,-0.004400209532219417,-1.5886329173136887e-16
2023-01-04 00:00:00,size_factor,-0.1634782316477493,-1.6122126498515675e-15
2023-01-04 00:00:00,smb_beta,-0.10758570921497025,6.7069971240919336e-15
2023-01-04 00:00:00,rmw_beta,0.1613524822756532,-6.530570345250636e-15
2023-01-11 00:00:00,market_beta,0.24005278016146112,-6.385626922049878e-16
2023-01-11 00:00:00,sector_Consumer Discretionary,0.03158408147902447,3.239284119077163e-17
2023-01-11 00:00:00,sector_Consumer Staples,0.04299549446234859,1.2406155147979008e-16
2023-01-11 00:00:00,sector_Energy,-0.06369287498678466,1.2394725731648373e-17
2023-01-11 00:00:00,sector_Financials,-0.05390949494915464,-5.687568015440011e-19
2023-01-11 00:00:00,sector_Healthcare,0.06737565952664631,2.7015948073340056e-16
2023-01-11 00:00:00,sector_Industrials,-0.049974513848587816,1.1020554984432849e-16
2023-01-11 00:00:00,sector_Other,-0.009110017987716863,1.0326269823082659e-16
2023-01-11 00:00:00,sector_Technology,0.005022423916859828,-5.178705857919243e-16
2023-01-11 00:00:00,sector_Utilities,0.029262658607684056,1.3327170828488763e-18
2023-01-11 00:00:00,size_factor,0.01358843293144872,-2.5557392782062365e-16
2023-01-11 00:00:00,smb_beta,0.23911311615008202,-5.775678843308458e-16
2023-01-11 00:00:00,rmw_beta,-0.3003487490131012,5.58462388117474e-16
2023-01-19 00:00:00,market_beta,-0.3380568335105243,-1.8407790391849368e-15
2023-01-19 00:00:00,sector_Consumer Discretionary,0.011250588054939885,2.3084195827955315e-16
2023-01-19 00:00:00,sector_Consumer Staples,0.0846648089525633,4.838637215346716e-16
2023-01-19 00:00:00,sector_Energy,-0.02783091312961707,1.9301738671216847e-16
2023-01-19 00:00:00,sector_Financials,-0.06632214488485054,3.142361693033253e-16
2023-01-19 00:00:00,sector_Healthcare,0.0981308868242057,7.510227542843862e-16
2023-01-19 00:00:00,sector_Industrials,-0.03451344746108075,7.183370741444758e-17
2023-01-19 00:00:00,sector_Other,-0.004176583965323438,-1.1846569631425433e-15
2023-01-19 00:00:00,sector_Technology,-0.033971792927569085,6.317658615211083e-16
2023-01-19 00:00:00,sector_Utilities,0.01662545078272818,3.044686405222697e-17
2023-01-19 00:00:00,size_factor,-0.01952496227891422,1.5605520552366211e-15
2023-01-19 00:00:00,smb_beta,-0.48695906230916364,-2.5977785435925815e-15
2023-01-19 00:00:00,rmw_beta,0.4406630585421125,2.3996668022109412e-15
2023-01-26 00:00:00,market_beta,-0.5879585649796427,-8.856749028880651e-17
2023-01-26 00:00:00,sector_Consumer Discretionary,-0.03741488856153263,8.746989051253159e-16
2023-01-26 00:00:00,sector_Consumer Staples,0.13131627336142968,6.082018296502935e-16
2023-01-26 00:00:00,sector_Energy,0.03326928392768569,3.80461873646018e-16
2023-01-26 00:00:00,sector_Financials,-0.015241798415714368,5.104853739002387e-16
2023-01-26 00:00:00,sector_Healthcare,0.16435156661437705,6.610546470723853e-16
2023-01-26 00:00:00,sector_Industrials,0.009030259823773347,3.7411016664951505e-16
2023-01-26 00:00:00,sector_Other,-0.017606450897859668,-1.9307601612710654e-15
2023-01-26 00:00:00,sector_Technology,-0.13784952336806952,1.1645330829486789e-15
2023-01-26 00:00:00,sector_Utilities,-0.052666782163068755,-1.8206589922739078e-16
2023-01-26 00:00:00,size_factor,-0.12650311428121747,3.19389623840309e-15
2023-01-26 00:00:00,smb_beta,-0.5262650096348093,-3.948520117264221e-16
2023-01-26 00:00:00,rmw_beta,0.4913947736161168,1.582817542159839e-16
2023-02-02 00:00:00,market_beta,-0.2747244792511922,-1.1535060254460592e-15
2023-02-02 00:00:00,sector_Consumer Discretionary,-0.013272291589836624,-1.2275414966510317e-16
2023-02-02 00:00:00,sector_Consumer Staples,0.06382505548250252,-1.6090417887749376e-17
2023-02-02 00:00:00,sector_Energy,-0.0012232488232935257,-2.8054478592449503e-17
2023-02-02 00:00:00,sector_Financials,-0.00741996598119301,2.4699304060352996e-16
2023-02-02 00:00:00,sector_Healthcare,0.11468493596282274,4.3756325060242045e-16
2023-02-02 00:00:00,sector_Industrials,0.07573122887987317,-3.866628590445156e-18
2023-02-02 00:00:00,sector_Other,-0.05497401111614911,-5.603713642333779e-16
2023-02-02 00:00:00,sector_Technology,-0.05602631220783751,1.7416535820947404e-16
2023-02-02 00:00:00,sector_Utilities,0.04078222349561607,1.5732258590893613e-15
2023-02-02 00:00:00,size_factor,-0.03918707837090105,3.384133933343354e-16
2023-02-02 00:00:00,smb_beta,-0.3882531985405014,-1.415963106397463e-15
2023-02-02 00:00:00,rmw_beta,0.3711850541568381,1.3563979625139852e-15
2023-02-09 00:00:00,market_beta,-0.14310802302204398,-3.2425716494819293e-15
2023-02-09 00:00:00,sector_Consumer Discretionary,0.03940725876232376,3.928674332666163e-17
2023-02-09 00:00:00,sector_Consumer Staples,0.040619920528063604,4.282331947920564e-16
2023-02-09 00:00:00,sector_Energy,-0.042872563106590544,4.020115841193484e-16
2023-02-09 00:00:00,sector_Financials,-0.06827114064333668,3.440012890785541e-17
2023-02-09 00:00:00,sector_Healthcare,0.10582602580829555,7.092409186132624e-16
2023-02-09 00:00:00,sector_Industrials,0.0783357081772781,3.807012110773314e-16
2023-02-09 00:00:00,sector_Other,0.020832086063601332,-5.718017627655183e-16
2023-02-09 00:00:00,sector_Technology,-0.13899278075542287,-1.701521143950514e-16
2023-02-09 00:00:00,sector_Utilities,0.06630890867039806,-7.41155482527727e-17
2023-02-09 00:00:00,size_factor,-0.16783742069674348,-1.9197541169108756e-16
2023-02-09 00:00:00,smb_beta,0.036353893870069987,-3.5988605000656366e-15
2023-02-09 00:00:00,rmw_beta,0.04629662444479273,3.7570655996270795e-15
2023-02-16 00:00:00,market_beta,-0.2974239555450522,-1.1902434466512651e-15
2023-02-16 00:00:00,sector_Consumer Discretionary,-0.0579564943708601,5.396095154225293e-16
2023-02-16 00:00:00,sector_Consumer Staples,0.020690463411055376,1.3928890047807576e-16
2023-02-16 00:00:00,sector_Energy,0.06518382344976188,5.770222591339909e-16
2023-02-16 00:00:00,sector_Financials,-0.04785150396858421,3.7195830337537547e-16
2023-02-16 00:00:00,sector_Healthcare,0.09996988191452001,3.96254967329131e-16
2023-02-16 00:00:00,sector_Industrials,0.0819586898580396,2.8606786214655756e-17
2023-02-16 00:00:00,sector_Other,-0.019904435750401447,-1.2148766064845902e-15
2023-02-16 00:00:00,sector_Technology,-0.07397789816350478,7.542525936378355e-16
2023-02-16 00:00:00,sector_Utilities,0.07513341930058254,9.04864522264652e-17
2023-02-16 00:00:00,size_factor,-0.11882246327744203,1.672779745854623e-15
2023-02-16 00:00:00,smb_beta,-0.20182653952347135,-1.8067419452860156e-15
2023-02-16 00:00:00,rmw_beta,0.266377118727891,1.741241844930027e-15
2023-02-24 00:00:00,market_beta,0.11972025226630127,5.308126560190306e-17
2023-02-24 00:00:00,sector_Consumer Discretionary,-0.025510378729357793,5.038351985912374e-16
2023-02-24 00:00:00,sector_Consumer Staples,-0.1330521656342877,6.611068626150619e-17
2023-02-24 00:00:00,sector_Energy,0.08214742686794177,2.9582328000359937e-16
2023-02-24 00:00:00,sector_Financials,0.03655918983050432,2.237439622864863e-16
2023-02-24 00:00:00,sector_Healthcare,-0.09101589494247596,2.0720166555789083e-16
2023-02-24 00:00:00,sector_Industrials,0.01775480157133964,1.4217854525707573e-16
2023-02-24 00:00:00,sector_Other,0.044497092559455026,-5.927570133816519e-16
2023-02-24 00:00:00,sector_Technology,0.031070081256050947,1.1007213301791175e-16
2023-02-24 00:00:00,sector_Utilities,0.00017295415564013247,9.115985224955229e-17
2023-02-24 00:00:00,size_factor,-0.10004123071761706,7.566243408464086e-16
2023-02-24 00:00:00,smb_beta,-0.029779548614692154,-5.346374288302535e-16
2023-02-24 00:00:00,rmw_beta,0.05902203252545782,3.4492728280618124e-16
2023-03-03 00:00:00,market_beta,-0.01964087367496767,-3.313596283919184e-16
2023-03-03 00:00:00,sector_Consumer Discretionary,-0.04890833564007226,2.775967937249701e-16
2023-03-03 00:00:00,sector_Consumer Staples,0.047504247705389704,1.8988477230977878e-16
2023-03-03 00:00:00,sector_Energy,-0.053514726800668495,5.4591888620892314e-17
2023-03-03 00:00:00,sector_Financials,0.0607584471412266,1.5955570609698256e-17
2023-03-03 00:00:00,sector_Healthcare,0.029415777697406834,2.2532378982964124e-16
2023-03-03 00:00:00,sector_Industrials,-0.09139051632586474,-1.6052317262421615e-16
2023-03-03 00:00:00,sector_Other,-0.04722001422144804,-6.44318658332193e-17
2023-03-03 00:00:00,sector_Technology,0.09501848836947603,-2.285239927979795e-16
2023-03-03 00:00:00,sector_Utilities,-0.05878663030687263,-1.428883400811774e-16
2023-03-03 00:00:00,size_factor,0.004679554109949086,6.396671527986583e-17
2023-03-03 00:00:00,smb_beta,-0.014780733647047494,-3.8387349656472244e-16
2023-03-03 00:00:00,rmw_beta,0.12050735567432067,4.855895317924159e-16
2023-03-10 00:00:00,market_beta,0.2297845136712737,-1.1222542702842992e-15
2023-03-10 00:00:00,sector_Consumer Discretionary,-0.030148695785658045,-4.57208665820447e-16
2023-03-10 00:00:00,sector_Consumer Staples,-0.07894101053529916,-1.2596731029523284e-16
2023-03-10 00:00:00,sector_Energy,-0.008068257790748053,-3.1547331827986903e-18
2023-03-10 00:00:00,sector_Financials,0.11685277712304055,-5.185847048984803e-16
2023-03-10 00:00:00,sector_Healthcare,0.02648672620122045,5.864228203648512e-16
2023-03-10 00:00:00,sector_Industrials,-0.004555847525928211,1.8256526034499535e-17
2023-03-10 00:00:00,sector_Other,-0.07637770298965224,1.2692402996325773e-16
2023-03-10 00:00:00,sector_Technology,0.08433912513833597,2.1532188901399728e-16
2023-03-10 00:00:00,sector_Utilities,-0.07544897245866239,-1.017491216591363e-16
2023-03-10 00:00:00,size_factor,0.05482741080155182,-1.929520863773282e-16
2023-03-10 00:00:00,smb_beta,0.21260266430780472,-1.1682547043003783e-15
2023-03-10 00:00:00,rmw_beta,-0.14730843855315753,1.503694313525364e-15
2023-03-17 00:00:00,market_beta,0.20804667683758404,-4.924797961842937e-15
2023-03-17 00:00:00,sector_Consumer Discretionary,0.02128701978442315,-1.7852712787508614e-16
2023-03-17 00:00:00,sector_Consumer Staples,-0.032446651513273035,7.454543153477809e-16
2023-03-17 00:00:00,sector_Energy,0.00646009035946028,5.039649594015989e-16
2023-03-17 00:00:00,sector_Financials,0.09186509117214833,2.403191398314223e-16
2023-03-17 00:00:00,sector_Healthcare,-0.07351949195004832,1.215527243495165e-15
2023-03-17 00:00:00,sector_Industrials,-0.05862866414316261,8.43579749171714e-17
2023-03-17 00:00:00,sector_Other,0.11321962747409421,-1.083837885342742e-15
2023-03-17 00:00:00,sector_Technology,-0.17660597546118725,1.9490886646612467e-16
2023-03-17 00:00:00,sector_Utilities,-0.05927636514646254,1.9395117847560012e-16
2023-03-17 00:00:00,size_factor,-0.1751295610624646,7.283715904234816e-16
2023-03-17 00:00:00,smb_beta,0.22435607739471183,-5.410806927150423e-15
2023-03-17 00:00:00,rmw_beta,-0.05852932500840352,5.672439537910423e-15
2023-03-24 00:00:00,market_beta,0.2794993156852862,5.317213703846681e-16
2023-03-24 00:00:00,sector_Consumer Discretionary,0.01914047417454073,-1.6124292967482128e-16
2023-03-24 00:00:00,sector_Consumer Staples,0.030638045587740744,-5.2020842888805426e-17
2023-03-24 00:00:00,sector_Energy,-0.11617916751058127,-3.0561832145399985e-17
2023-03-24 00:00:00,sector_Financials,0.15843693135994358,8.593796640331224e-17
2023-03-24 00:00:00,sector_Healthcare,-0.03734093830347514,-5.057593238089667e-17
2023-03-24 00:00:00,sector_Industrials,-0.031215311746165143,1.0049766134187886e-16
2023-03-24 00:00:00,sector_Other,-0.0672381740166439,-5.0285375246649115e-17
2023-03-24 00:00:00,sector_Technology,0.04806325410912746,1.0404719420196321e-16
2023-03-24 00:00:00,sector_Utilities,-0.05286968538682158,-2.2914460574145117e-17
2023-03-24 00:00:00,size_factor,-0.011465200470730871,-4.8925051811290975e-17
2023-03-24 00:00:00,smb_beta,0.1914121868069695,5.001485617527953e-16
2023-03-24 00:00:00,rmw_beta,-0.31494699288726596,-5.450616113431964e-16
2023-03-31 00:00:00,market_beta,0.3356225823356435,-4.347706648068129e-15
2023-03-31 00:00:00,sector_Consumer Discretionary,-0.05610581393294261,-1.5079833472557606e-16
2023-03-31 00:00:00,sector_Consumer Staples,-0.1937139634603432,1.0519606921128867e-15
2023-03-31 00:00:00,sector_Energy,0.017836973851842405,2.2117472357557804e-16
2023-03-31 00:00:00,sector_Financials,0.169452106429535,3.796070192900194e-16
2023-03-31 00:00:00,sector_Healthcare,-0.09597110999242539,6.454465187841943e-16
2023-03-31 00:00:00,sector_Industrials,0.06420060208988998,4.452581077037028e-16
2023-03-31 00:00:00,sector_Other,0.1733735704446893,-6.529183867804693e-16
2023-03-31 00:00:00,sector_Technology,-0.2450455235379295,-5.136257136774445e-16
2023-03-31 00:00:00,sector_Utilities,-0.06414954426821112,1.251772974725113e-16
2023-03-31 00:00:00,size_factor,-0.22548047178529407,-2.147350123777295e-17
2023-03-31 00:00:00,smb_beta,0.4998936550548555,-4.110947127139999e-15
2023-03-31 00:00:00,rmw_beta,-0.2115535178135926,4.747719375653577e-15
2023-04-10 00:00:00,market_beta,0.5349088947657844,-1.7245663484355705e-15
2023-04-10 00:00:00,sector_Consumer Discretionary,-0.03696592314419925,-5.2565870246191965e-17
2023-04-10 00:00:00,sector_Consumer Staples,-0.13172703521922968,5.667998908949336e-17
2023-04-10 00:00:00,sector_Energy,-0.1326914005512272,4.02908658358131e-17
2023-04-10 00:00:00,sector_Financials,0.1678286368265978,9.614604688736335e-17
2023-04-10 00:00:00,sector_Healthcare,-0.2772989347376234,4.71616865063607e-16
2023-04-10 00:00:00,sector_Industrials,0.09979775151204627,4.236276072990229e-17
2023-04-10 00:00:00,sector_Other,0.14008663766076782,-1.1430816846556388e-17
2023-04-10 00:00:00,sector_Technology,-0.03657628197414654,-5.601882939498987e-16
2023-04-10 00:00:00,sector_Utilities,-0.04128137854510825,7.053189766778634e-17
2023-04-10 00:00:00,size_factor,-0.12413156996659498,-4.434549795789352e-16
2023-04-10 00:00:00,smb_beta,0.5789962237053755,-1.489507959429384e-15
2023-04-10 00:00:00,rmw_beta,-0.411996257204368,1.7206812870598392e-15
2023-04-17 00:00:00,market_beta,0.30714680953123763,-1.466115236025238e-15
2023-04-17 00:00:00,sector_Consumer Discretionary,-0.016470297690689997,1.4598899032340947e-16
2023-04-17 00:00:00,sector_Consumer Staples,-0.055866431521881636,1.2632550565262346e-16
2023-04-17 00:00:00,sector_Energy,-0.12494696963276884,9.951750092187117e-17
2023-04-17 00:00:00,sector_Financials,0.011810017290682682,-1.3837918615320498e-16
2023-04-17 00:00:00,sector_Healthcare,-0.12626549196118345,3.1193952132841123e-16
2023-04-17 00:00:00,sector_Industrials,0.08545502148812609,-1.9151011438277118e-17
2023-04-17 00:00:00,sector_Other,-0.027089299010372547,-1.1473123293681266e-16
2023-04-17 00:00:00,sector_Technology,0.1801809403488757,-1.5891686432483034e-16
2023-04-17 00:00:00,sector_Utilities,0.016343534536532422,9.080000706990447e-18
2023-04-17 00:00:00,size_factor,0.12582985679685946,-6.037835215517667e-17
2023-04-17 00:00:00,smb_beta,0.2128374954905838,-1.5133678617752636e-15
2023-04-17 00:00:00,rmw_beta,-0.3123052990867156,1.7028633931223294e-15
2023-04-24 00:00:00,market_beta,0.33737521092904227,-2.475503978337727e-15
2023-04-24 00:00:00,sector_Consumer Discretionary,-0.0184058256576886,-4.2752408874002505e-16
2023-04-24 00:00:00,sector_Consumer Staples,-0.07631664033494781,4.975610314898853e-16
2023-04-24 00:00:00,sector_Energy,-0.06578459958419436,3.327086760289181e-16
2023-04-24 00:00:00,sector_Financials,-0.053386280234867974,-7.06330784837948e-17
2023-04-24 00:00:00,sector_Healthcare,-0.09920629357614469,5.382727705144363e-16
2023-04-24 00:00:00,sector_Industrials,0.052245174119665914,-1.2960479793139033e-17
2023-04-24 00:00:00,sector_Other,-0.013134087799161146,-2.7609385497553803e-16
2023-04-24 00:00:00,sector_Technology,0.2080406542640596,3.107035308834226e-17
2023-04-24 00:00:00,sector_Utilities,-0.023774139538049587,1.157564796022435e-16
2023-04-24 00:00:00,size_factor,0.035343925731119774,1.4146617742406798e-16
2023-04-24 00:00:00,smb_beta,0.25903028139574763,-2.566738720021058e-15
2023-04-24 00:00:00,rmw_beta,-0.35322408915688747,2.652626877967974e-15
2023-05-01 00:00:00,market_beta,0.27038417538666343,1.1626042912078123e-16
2023-05-01 00:00:00,sector_Consumer Discretionary,-0.06680365595895056,3.940269097356831e-17
2023-05-01 00:00:00,sector_Consumer Staples,-0.11569056506590054,-1.1922254821351898e-17
2023-05-01 00:00:00,sector_Energy,-0.02557449743982059,-1.443121142598046e-16
2023-05-01 00:00:00,sector_Financials,-0.1597567524349313,-2.4933644728919583e-16
2023-05-01 00:00:00,sector_Healthcare,-0.13578699038391007,-2.2608227085807906e-16
2023-05-01 00:00:00,sector_Industrials,0.08256619108795629,-4.930656378939653e-17
2023-05-01 00:00:00,sector_Other,0.09406646484577152,2.576462795710398e-16
2023-05-01 00:00:00,sector_Technology,0.16438700345797783,-2.58281064024587e-16
2023-05-01 00:00:00,sector_Utilities,-0.03314276389714583,2.4243851167287724e-16
2023-05-01 00:00:00,size_factor,-0.04233437302025297,-1.756409100387805e-16
2023-05-01 00:00:00,smb_beta,0.16434828033098225,-4.4686763222131996e-17
2023-05-01 00:00:00,rmw_beta,-0.21458896982207212,-5.019908124080219e-17
2023-05-08 00:00:00,market_beta,0.38421260259353124,-4.078033687356533e-17
2023-05-08 00:00:00,sector_Consumer Discretionary,-0.013643188092156542,3.306694027540577e-17
2023-05-08 00:00:00,sector_Consumer Staples,-0.10253346338386268,1.2089071090376535e-16
2023-05-08 00:00:00,sector_Energy,-0.03247504471312624,1.0522132422010668e-16
2023-05-08 00:00:00,sector_Financials,-0.053101078951196,1.5901495772318124e-16
2023-05-08 00:00:00,sector_Healthcare,-0.1361499934254194,6.743378972062916e-17
2023-05-08 00:00:00,sector_Industrials,0.004594264209997608,6.603544940366716e-17
2023-05-08 00:00:00,sector_Other,-0.009341057342547796,-1.4134324566690203e-16
2023-05-08 00:00:00,sector_Technology,0.26152661521179965,-7.810393736014748e-17
2023-05-08 00:00:00,sector_Utilities,-0.040848487686917095,-3.644598885984242e-19
2023-05-08 00:00:00,size_factor,0.09243556112062506,5.695868269279005e-17
2023-05-08 00:00:00,smb_beta,0.16104422826935944,1.3289996312049783e-16
2023-05-08 00:00:00,rmw_beta,-0.11993844566870225,-9.439232095951682e-17
2023-05-15 00:00:00,market_beta,0.13414499018759152,5.117079317832936e-16
2023-05-15 00:00:00,sector_Consumer Discretionary,-0.010461240882761989,1.329475618504568e-16
2023-05-15 00:00:00,sector_Consumer Staples,-0.09689652233679269,-2.270708855511809e-16
2023-05-15 00:00:00,sector_Energy,0.028270604919122776,-3.5609804018413417e-17
2023-05-15 00:00:00,sector_Financials,-0.029354754409894435,-1.0713627944892325e-16
2023-05-15 00:00:00,sector_Healthcare,0.01081832485989588,-4.488787976273068e-16
2023-05-15 00:00:00,sector_Industrials,0.07326035817675958,-2.356507006095159e-16
2023-05-15 00:00:00,sector_Other,-0.04596497222652139,4.616501827153066e-16
2023-05-15 00:00:00,sector_Technology,0.09668638645674356,-2.44988695417613e-16
2023-05-15 00:00:00,sector_Utilities,-0.006908232735114575,-5.744688503943657e-17
2023-05-15 00:00:00,size_factor,0.036657102382726195,-9.39927512458227e-17
2023-05-15 00:00:00,smb_beta,0.13116471146524938,4.432765028400608e-16
2023-05-15 00:00:00,rmw_beta,-0.08657777912252135,-4.20933071427608e-16
2023-05-22 00:00:00,market_beta,-0.17433198722718904,2.9595582356831483e-15
2023-05-22 00:00:00,sector_Consumer Discretionary,-0.03638530524309146,-2.2723505022726257e-16
2023-05-22 00:00:00,sector_Consumer Staples,0.09096316325679163,-1.029168998350511e-15
2023-05-22 00:00:00,sector_Energy,-0.002304001410655369,-1.0154899122603188e-16
2023-05-22 00:00:00,sector_Financials,0.09891228137079107,2.4992637605335513e-16
2023-05-22 00:00:00,sector_Healthcare,0.05862317558403209,-9.957130700911625e-16
2023-05-22 00:00:00,sector_Industrials,0.047440924702846714,-1.1217152478460025e-16
2023-05-22 00:00:00,sector_Other,-0.13534365995202463,1.0368889866387964e-15
2023-05-22 00:00:00,sector_Technology,0.04208084228471376,-2.130711477585598e-16
2023-05-22 00:00:00,sector_Utilities,0.04209841079002336,-3.7208952152897576e-16
2023-05-22 00:00:00,size_factor,-0.12764152851133853,-1.0810142763240746e-15
2023-05-22 00:00:00,smb_beta,-0.1876132802977422,3.1473261280639225e-15
2023-05-22 00:00:00,rmw_beta,0.26984722920927523,-2.6830212721396264e-15
2023-05-30 00:00:00,market_beta,-0.02853637331114592,1.7067406393953112e-15
2023-05-30 00:00:00,sector_Consumer Discretionary,0.06480278784806946,1.4658255819338462e-16
2023-05-30 00:00:00,sector_Consumer Staples,0.09915688033919942,-3.9930777708500595e-16
2023-05-30 00:00:00,sector_Energy,-0.029234602224538848,2.429316601355496e-16
2023-05-30 00:00:00,sector_Financials,0.045807113215998375,3.560380094557902e-16
2023-05-30 00:00:00,sector_Healthcare,0.03644154960312464,-8.462892999629777e-16
2023-05-30 00:00:00,sector_Industrials,0.046361109318034825,-3.5663292125768356e-16
2023-05-30 00:00:00,sector_Other,-0.04172000709934925,9.445885032316053e-16
2023-05-30 00:00:00,sector_Technology,-0.13020666991653032,-1.0153630752202739e-15
2023-05-30 00:00:00,sector_Utilities,-0.017349141538321806,-5.539024940689685e-17
2023-05-30 00:00:00,size_factor,-0.15617956821799897,-5.252347937661296e-16
2023-05-30 00:00:00,smb_beta,-0.050836752923604775,2.067204924414036e-15
2023-05-30 00:00:00,rmw_beta,0.07434552972650087,-1.8994112107820306e-15
2023-06-06 00:00:00,market_beta,-0.42391992602239653,-1.7727876658429425e-16
2023-06-06 00:00:00,sector_Consumer Discretionary,0.10827774605256447,-2.584535434259064e-16
2023-06-06 00:00:00,sector_Consumer Staples,0.1882415271544124,-2.6634869910156367e-16
2023-06-06 00:00:00,sector_Energy,-0.01575307667270282,-2.0304083734974807e-16
2023-06-06 00:00:00,sector_Financials,-0.04324454997361825,-9.042700538403892e-16
2023-06-06 00:00:00,sector_Healthcare,0.08925606684581316,-6.811845361015124e-16
2023-06-06 00:00:00,sector_Industrials,-0.04766546879950721,-4.921546057907244e-17
2023-06-06 00:00:00,sector_Other,-0.04122950474001498,1.811109209153918e-15
2023-06-06 00:00:00,sector_Technology,-0.1419022442916879,-1.3650659440009756e-15
2023-06-06 00:00:00,sector_Utilities,0.019038487181906243,-1.0917163728702318e-16
2023-06-06 00:00:00,size_factor,-0.017871450612657554,-3.3605435892476757e-15
2023-06-06 00:00:00,smb_beta,-0.4061533157632087,3.515317287506573e-16
2023-06-06 00:00:00,rmw_beta,0.08722933944999334,3.4002357646730718e-18
2023-06-13 00:00:00,market_beta,-0.44189431514941646,3.5133106905895874e-16
2023-06-13 00:00:00,sector_Consumer Discretionary,0.0802143074469649,-4.670335878413624e-16
2023-06-13 00:00:00,sector_Consumer Staples,0.11342607298583172,-1.2124465069826977e-16
2023-06-13 00:00:00,sector_Energy,-0.04284692234962116,-3.622234108543942e-18
2023-06-13 00:00:00,sector_Financials,-0.04445349188740685,-3.3444854543604327e-16
2023-06-13 00:00:00,sector_Healthcare,0.05918783913295685,-2.760805619393516e-16
2023-06-13 00:00:00,sector_Industrials,-0.023024356115652105,-2.3529770469435196e-16
2023-06-13 00:00:00,sector_Other,0.027896141757840835,8.428351240001575e-16
2023-06-13 00:00:00,sector_Technology,-0.17380731187852164,-4.753098924897857e-16
2023-06-13 00:00:00,sector_Utilities,0.0281263448166114,3.5500342735570085e-17
2023-06-13 00:00:00,size_factor,-0.06921362447056117,-1.4065192221740963e-15
2023-06-13 00:00:00,smb_beta,-0.3008610027982631,4.0860288902486275e-16
2023-06-13 00:00:00,rmw_beta,0.00662797877756483,3.6875739868921864e-16
2023-06-21 00:00:00,market_beta,-0.10517541355045913,-6.563921657897389e-17
2023-06-21 00:00:00,sector_Consumer Discretionary,0.12121506429365013,7.698108492898434e-17
2023-06-21 00:00:00,sector_Consumer Staples,0.043043664976558905,-3.7923525667349845e-17
2023-06-21 00:00:00,sector_Energy,-0.010591192793505408,-5.708379960192637e-17
2023-06-21 00:00:00,sector_Financials,-0.02609421014958996,3.5747615329653065e-17
2023-06-21 00:00:00,sector_Healthcare,-0.011991889846529316,-2.3062977632034234e-16
2023-06-21 00:00:00,sector_Industrials,0.006764663546735877,-1.0664214277566858e-16
2023-06-21 00:00:00,sector_Other,-0.03969599275530566,2.1370326866645266e-16
2023-06-21 00:00:00,sector_Technology,-0.0044740398561298475,-8.826178047165445e-17
2023-06-21 00:00:00,sector_Utilities,-0.018210047408706204,-4.029610110014547e-17
2023-06-21 00:00:00,size_factor,0.10690162689320537,-4.037248990043766e-16
2023-06-21 00:00:00,smb_beta,-0.2634400965105609,-1.9122756898831123e-16
2023-06-21 00:00:00,rmw_beta,0.08575602922194199,2.2515091698152043e-16
2023-06-28 00:00:00,market_beta,0.2011426316678902,5.302021162588248e-16
2023-06-28 00:00:00,sector_Consumer Discretionary,0.027855899003742874,8.243381172328422e-17
2023-06-28 00:00:00,sector_Consumer Staples,-0.014729668241995845,7.593239989037728e-18
2023-06-28 00:00:00,sector_Energy,-0.02261702746284782,-1.3657899985454827e-16
2023-06-28 00:00:00,sector_Financials,0.05910688657616504,-5.922989567743978e-17
2023-06-28 00:00:00,sector_Healthcare,-0.09642695238370066,-3.440657984858019e-16
2023-06-28 00:00:00,sector_Industrials,0.018097846347591397,1.1722902106308063e-17
2023-06-28 00:00:00,sector_Other,-0.08696433212459513,2.62941906832472e-17
2023-06-28 00:00:00,sector_Technology,0.1819979058281563,3.390271365424744e-16
2023-06-28 00:00:00,sector_Utilities,-0.005197096404187583,4.298567434969273e-17
2023-06-28 00:00:00,size_factor,0.18133335769202072,7.226457570529484e-17
2023-06-28 00:00:00,smb_beta,-0.2672587567731407,-6.91763571421846e-17
2023-06-28 00:00:00,rmw_beta,-0.10980504504057688,4.1603356284383486e-16
2023-07-06 00:00:00,market_beta,0.1910366591717891,-1.7465231257291558e-17
2023-07-06 00:00:00,sector_Consumer Discretionary,0.07926283350104722,-2.1482423361019875e-16
2023-07-06 00:00:00,sector_Consumer Staples,-0.12702073595927013,-2.7658228144867265e-17
2023-07-06 00:00:00,sector_Energy,0.0017335131819579696,-1.7594526697035577e-16
2023-07-06 00:00:00,sector_Financials,-0.04421544152187374,-1.4595023375155856e-17
2023-07-06 00:00:00,sector_Healthcare,-0.022971012735303928,-1.437180537059465e-16
2023-07-06 00:00:00,sector_Industrials,0.044576115568896464,-1.2463932729471876e-16
2023-07-06 00:00:00,sector_Other,-0.09224925372200032,2.762113599565172e-16
2023-07-06 00:00:00,sector_Technology,0.21844676793937387,-2.0108520244975036e-18
2023-07-06 00:00:00,sector_Utilities,-0.019737205174891255,4.5972143678648474e-17
2023-07-06 00:00:00,size_factor,0.24856115728361824,-1.685787112653294e-16
2023-07-06 00:00:00,smb_beta,-0.26791749237201234,-5.2630417874076156e-17
2023-07-06 00:00:00,rmw_beta,-0.14295819195126655,2.364265074008323e-16
2023-07-13 00:00:00,market_beta,0.04062449227432794,1.6276051925577427e-17
2023-07-13 00:00:00,sector_Consumer Discretionary,0.038077046197152596,1.1319516158909048e-16
2023-07-13 00:00:00,sector_Consumer Staples,-0.009272631294083697,-2.816642094285009e-17
2023-07-13 00:00:00,sector_Energy,-0.04110612346745219,1.1894733204042389e-16
2023-07-13 00:00:00,sector_Financials,0.004434400534584584,1.7019812709513188e-16
2023-07-13 00:00:00,sector_Healthcare,0.042544550419387796,-9.792221010952792e-17
2023-07-13 00:00:00,sector_Industrials,0.0058125263205247146,2.6951653233871637e-17
2023-07-13 00:00:00,sector_Other,-0.18656029486293485,-1.6559164664838663e-16
2023-07-13 00:00:00,sector_Technology,0.2707195221367082,9.312611816215359e-17
2023-07-13 00:00:00,sector_Utilities,-0.0023475948389548233,1.5083049875774785e-17
2023-07-13 00:00:00,size_factor,0.2380971746650764,-1.0242841324198862e-16
2023-07-13 00:00:00,smb_beta,-0.28397832993769745,1.8339154598532792e-16
2023-07-13 00:00:00,rmw_beta,0.05472625568688431,7.678310194436323e-18
2023-07-20 00:00:00,market_beta,0.2313021237538904,-1.4541166019831554e-16
2023-07-20 00:00:00,sector_Consumer Discretionary,0.061116906231646936,-3.6851351728961647e-16
2023-07-20 00:00:00,sector_Consumer Staples,0.010451725443283114,-1.5590262323306837e-16
2023-07-20 00:00:00,sector_Energy,-0.023780371304416067,-1.5475991595558225e-17
2023-07-20 00:00:00,sector_Financials,-0.21012556040829752,-4.481399135221055e-16
2023-07-20 00:00:00,sector_Healthcare,-0.0284258210291746,-9.517951219548549e-17
2023-07-20 00:00:00,sector_Industrials,0.003821993331137009,-6.181605730451193e-17
2023-07-20 00:00:00,sector_Other,-0.0033232078226727497,7.307271967500823e-16
2023-07-20 00:00:00,sector_Technology,0.15428084041224233,-4.144031541114952e-16
2023-07-20 00:00:00,sector_Utilities,0.010870814830682706,7.147180259889869e-17
2023-07-20 00:00:00,size_factor,0.11964047117527805,-3.6351842165652455e-16
2023-07-20 00:00:00,smb_beta,-0.11738772954304794,1.788404576569421e-16
2023-07-20 00:00:00,rmw_beta,-0.3541490087305232,-2.311973339548386e-16
2023-07-27 00:00:00,market_beta,0.10847716320411314,-1.0627237375689809e-16
2023-07-27 00:00:00,sector_Consumer Discretionary,-0.007348610340172364,-4.911607196147368e-17
2023-07-27 00:00:00,sector_Consumer Staples,0.009445139361376828,-9.347566926755697e-17
2023-07-27 00:00:00,sector_Energy,-0.04895020571311739,1.5694006373234084e-17
2023-07-27 00:00:00,sector_Financials,-0.071194648595778,-3.9454113245663096e-17
2023-07-27 00:00:00,sector_Healthcare,-0.10699610662537626,-1.9615525560653e-16
2023-07-27 00:00:00,sector_Industrials,-0.042403116719958535,1.8111401289604466e-17
2023-07-27 00:00:00,sector_Other,0.01248035464071663,7.082052920873235e-17
2023-07-27 00:00:00,sector_Technology,0.1605049949347529,1.1545354002214869e-16
2023-07-27 00:00:00,sector_Utilities,0.0015683586833654404,1.0970631858497096e-16
2023-07-27 00:00:00,size_factor,0.11575020332472158,-1.73299181573794e-16
2023-07-27 00:00:00,smb_beta,-0.2917073801573815,-1.3656387804800916e-16
2023-07-27 00:00:00,rmw_beta,-0.10743116450651247,-1.6017329594315647e-16
2023-08-03 00:00:00,market_beta,-0.05926365039539662,3.683423017794291e-16
2023-08-03 00:00:00,sector_Consumer Discretionary,0.02305081111761375,-5.032820137387224e-17
2023-08-03 00:00:00,sector_Consumer Staples,-0.03771617239515541,2.920903407118267e-16
2023-08-03 00:00:00,sector_Energy,-0.06570921721505645,1.3775546261634152e-16
2023-08-03 00:00:00,sector_Financials,-0.08861032996236182,5.345404410336393e-16
2023-08-03 00:00:00,sector_Healthcare,-0.08205428236269088,2.75241898677105e-16
2023-08-03 00:00:00,sector_Industrials,-0.026422771683266042,-6.365265080897937e-17
2023-08-03 00:00:00,sector_Other,0.05328031730183845,-7.43976934534579e-16
2023-08-03 00:00:00,sector_Technology,0.08764122156926739,3.165616631910891e-16
2023-08-03 00:00:00,sector_Utilities,0.04100605816882241,2.80163062005815e-16
2023-08-03 00:00:00,size_factor,-0.10226325269512243,7.168495024740039e-16
2023-08-03 00:00:00,smb_beta,-0.370571034989884,5.680713939199896e-16
2023-08-03 00:00:00,rmw_beta,0.2014147112492574,-5.869171359969549e-16
2023-08-10 00:00:00,market_beta,0.27671613001297185,-5.114937457401038e-16
2023-08-10 00:00:00,sector_Consumer Discretionary,0.0509515341879646,-2.4840071597643618e-16
2023-08-10 00:00:00,sector_Consumer Staples,-0.09464440975613028,1.759054123761595e-16
2023-08-10 00:00:00,sector_Energy,-0.07250100493048635,-6.8534109811020105e-18
2023-08-10 00:00:00,sector_Financials,-0.05118194653829327,2.301286037947648e-16
2023-08-10 00:00:00,sector_Healthcare,-0.21862632224407919,-3.652834980869283e-18
2023-08-10 00:00:00,sector_Industrials,-0.005607509373364237,2.7715231548069905e-16
2023-08-10 00:00:00,sector_Other,0.11716343940979841,-2.290858952768678e-17
2023-08-10 00:00:00,sector_Technology,0.07225448577296159,-2.6023512263645435e-16
2023-08-10 00:00:00,sector_Utilities,0.00387350630863594,6.959133774464319e-17
2023-08-10 00:00:00,size_factor,0.0274161759775218,-8.611442988345872e-16
2023-08-10 00:00:00,smb_beta,-0.05546271064643842,4.0704901875269865e-16
2023-08-10 00:00:00,rmw_beta,-0.2346178006965167,6.640158492050077e-16
2023-08-17 00:00:00,market_beta,0.25950594731341003,-3.9809318169456093e-16
2023-08-17 00:00:00,sector_Consumer Discretionary,0.04603014317815279,-1.2426283605653031e-16
2023-08-17 00:00:00,sector_Consumer Staples,-0.011188031497253455,-2.7513967622215334e-16
2023-08-17 00:00:00,sector_Energy,-0.10900870860215232,-3.08052746029871e-17
2023-08-17 00:00:00,sector_Financials,-0.0071890108683354366,-2.3228144596279673e-16
2023-08-17 00:00:00,sector_Healthcare,-0.14982296987625654,-1.255575383582685e-18
2023-08-17 00:00:00,sector_Industrials,-0.00826605622197007,-9.353664109254944e-17
2023-08-17 00:00:00,sector_Other,0.04236162115260332,6.537624527168114e-16
2023-08-17 00:00:00,sector_Technology,0.0842316106977331,-6.060170088119123e-16
2023-08-17 00:00:00,sector_Utilities,-0.012038970869952044,-1.01565642500206e-16
2023-08-17 00:00:00,size_factor,0.06876920538914469,-1.0310478530215215e-15
2023-08-17 00:00:00,smb_beta,-0.0002781780301999038,2.9801300932618315e-16
2023-08-17 00:00:00,rmw_beta,-0.24489026020457172,1.2289991746504621e-16
2023-08-24 00:00:00,market_beta,0.3340584456104738,-3.8100274672472883e-16
2023-08-24 00:00:00,sector_Consumer Discretionary,0.001416774025382705,2.7195064719649444e-16
2023-08-24 00:00:00,sector_Consumer Staples,0.053246733704748264,1.4486166527338934e-17
2023-08-24 00:00:00,sector_Energy,-0.0852991086584961,1.2648833000650304e-16
2023-08-24 00:00:00,sector_Financials,0.06571937025201759,3.070774222655942e-16
2023-08-24 00:00:00,sector_Healthcare,-0.11894856457234212,1.0301319277280316e-16
2023-08-24 00:00:00,sector_Industrials,0.027497972241300857,-1.1137127977047674e-16
2023-08-24 00:00:00,sector_Other,-0.026178555336320256,-4.676117749276374e-17
2023-08-24 00:00:00,sector_Technology,0.09745354806063715,-3.90639998258963e-16
2023-08-24 00:00:00,sector_Utilities,-0.016945986745226523,6.130327018984437e-18
2023-08-24 00:00:00,size_factor,0.09385056549757954,-1.2664380557498213e-16
2023-08-24 00:00:00,smb_beta,0.007473339133639504,1.8953395373249017e-16
2023-08-24 00:00:00,rmw_beta,-0.2335736101369568,4.219185634852595e-16
2023-08-31 00:00:00,market_beta,0.42545385303708594,5.231434166962891e-16
2023-08-31 00:00:00,sector_Consumer Discretionary,0.021178313319607553,4.1847696122969266e-17
2023-08-31 00:00:00,sector_Consumer Staples,0.06412465298346362,-2.7113176687782324e-16
2023-08-31 00:00:00,sector_Energy,-0.09313380973793184,-2.8778342333178227e-16
2023-08-31 00:00:00,sector_Financials,-0.052307562460748074,5.063372705762548e-16
2023-08-31 00:00:00,sector_Healthcare,-0.10924801093823375,1.681266777831476e-16
2023-08-31 00:00:00,sector_Industrials,0.0026299332717721244,1.348188691616298e-16
2023-08-31 00:00:00,sector_Other,0.06031398011799223,-1.1544378702041994e-16
2023-08-31 00:00:00,sector_Technology,0.0329237461076892,-1.8697165801290447e-16
2023-08-31 00:00:00,sector_Utilities,-0.025703160725052295,-1.3487473105802074e-16
2023-08-31 00:00:00,size_factor,0.048576030035771774,-3.047600984207252e-16
2023-08-31 00:00:00,smb_beta,0.10734966170800649,4.214713108396571e-16
2023-08-31 00:00:00,rmw_beta,-0.3942240161671876,-5.725716761702971e-16
2023-09-08 00:00:00,market_beta,0.11947724660270256,4.1738613705172065e-17
2023-09-08 00:00:00,sector_Consumer Discretionary,0.07133793186261962,1.9732550749756497e-16
2023-09-08 00:00:00,sector_Consumer Staples,0.07685353166404654,2.1142151949648013e-16
2023-09-08 00:00:00,sector_Energy,-0.13447387249408166,1.2587125436514096e-17
2023-09-08 00:00:00,sector_Financials,-0.007242053008889157,-3.142910311144648e-16
2023-09-08 00:00:00,sector_Healthcare,0.056585910177558346,1.6783227129343852e-17
2023-09-08 00:00:00,sector_Industrials,0.08289351607770835,2.705799854825576e-17
2023-09-08 00:00:00,sector_Other,-0.021636725918998442,-6.585200292993561e-17
2023-09-08 00:00:00,sector_Technology,-0.10194636743121839,8.831482901161636e-17
2023-09-08 00:00:00,sector_Utilities,-0.017157421511426834,-4.910349593343722e-17
2023-09-08 00:00:00,size_factor,0.00864979527357191,-6.193308201541855e-17
2023-09-08 00:00:00,smb_beta,0.07705341562515854,6.016669581768277e-17
2023-09-08 00:00:00,rmw_beta,0.012351099112769756,-1.4362417182568327e-16
2023-09-15 00:00:00,market_beta,0.027235829826765805,-2.340516621779288e-16
2023-09-15 00:00:00,sector_Consumer Discretionary,-0.0018161475119834374,1.3671276181432339e-16
2023-09-15 00:00:00,sector_Consumer Staples,-0.017561159855040948,-5.74133746827553e-17
2023-09-15 00:00:00,sector_Energy,-0.14144612013478988,-2.1805350382889652e-16
2023-09-15 00:00:00,sector_Financials,-0.12860737778582004,-1.751324987735308e-16
2023-09-15 00:00:00,sector_Healthcare,0.10017779045633812,-1.0403910818229553e-17
2023-09-15 00:00:00,sector_Industrials,0.10583263553153267,-3.3513836189551944e-17
2023-09-15 00:00:00,sector_Other,0.06950856180929378,2.5446586070717384e-16
2023-09-15 00:00:00,sector_Technology,-0.09568054212123822,-3.42796641814297e-16
2023-09-15 00:00:00,sector_Utilities,-0.00893883884279559,5.664775629764058e-17
2023-09-15 00:00:00,size_factor,-0.14605404890540452,-4.357201133794621e-16
2023-09-15 00:00:00,smb_beta,0.0807347239760474,2.0367179542819428e-16
2023-09-15 00:00:00,rmw_beta,0.05880309835820311,-6.144843420886302e-17
2023-09-22 00:00:00,market_beta,0.208259771600437,1.161170054247575e-16
2023-09-22 00:00:00,sector_Consumer Discretionary,0.02488012160476309,-4.835104162353166e-17
2023-09-22 00:00:00,sector_Consumer Staples,-0.02394398583696421,1.171154903809065e-17
2023-09-22 00:00:00,sector_Energy,-0.05441894335352635,-1.7655707091248473e-17
2023-09-22 00:00:00,sector_Financials,-0.026528297847242973,-8.874937219803488e-17
2023-09-22 00:00:00,sector_Healthcare,0.037012814053200234,1.409107368302837e-16
2023-09-22 00:00:00,sector_Industrials,0.11725520469619478,8.86876100697415e-17
2023-09-22 00:00:00,sector_Other,-0.022166654267028178,-1.8215596720259394e-16
2023-09-22 00:00:00,sector_Technology,-0.026544362278041196,2.602285147083736e-16
2023-09-22 00:00:00,sector_Utilities,0.014439521385617365,3.586084412744546e-17
2023-09-22 00:00:00,size_factor,-0.010862348427332542,1.528665602755475e-16
2023-09-22 00:00:00,smb_beta,0.1927774738637105,-1.6701260427531468e-16
2023-09-22 00:00:00,rmw_beta,-0.13645753851919734,-3.2098354688841594e-17
2023-09-29 00:00:00,market_beta,0.2423788442180904,-6.087287495977066e-16
2023-09-29 00:00:00,sector_Consumer Discretionary,0.04044087080151131,-5.60834488990366e-16
2023-09-29 00:00:00,sector_Consumer Staples,0.031742020429973525,-8.88195343469174e-17
2023-09-29 00:00:00,sector_Energy,-0.10377743492239094,-7.80221636415711e-17
2023-09-29 00:00:00,sector_Financials,-0.13264339359873417,-3.1113270750193315e-16
2023-09-29 00:00:00,sector_Healthcare,0.05843674371792776,3.2380327025088064e-17
2023-09-29 00:00:00,sector_Industrials,0.2607660555778472,-1.1366297403146044e-17
2023-09-29 00:00:00,sector_Other,-0.0696963237395591,1.0052052012069596e-15
2023-09-29 00:00:00,sector_Technology,0.046374613760478675,-1.0787357607767361e-15
2023-09-29 00:00:00,sector_Utilities,-0.034570406748443264,-1.0212143609880414e-16
2023-09-29 00:00:00,size_factor,0.08183948612415569,-1.9309954394862394e-15
2023-09-29 00:00:00,smb_beta,0.03460270472737257,4.0989531999641253e-16
2023-09-29 00:00:00,rmw_beta,-0.1717964318106258,3.650855125719365e-16
2023-10-06 00:00:00,market_beta,0.3752612331230895,-3.9574501918703923e-16
2023-10-06 00:00:00,sector_Consumer Discretionary,0.0349044433908356,-4.447585215649634e-16
2023-10-06 00:00:00,sector_Consumer Staples,-0.11247362030333742,-3.4649156127670896e-16
2023-10-06 00:00:00,sector_Energy,-0.007425166548481091,-3.4741807774539903e-16
2023-10-06 00:00:00,sector_Financials,-0.1044869564287159,6.16863933943578e-17
2023-10-06 00:00:00,sector_Healthcare,0.014980863275322952,-3.172443088852687e-16
2023-10-06 00:00:00,sector_Industrials,0.13033365501633706,-3.309416286507495e-16
2023-10-06 00:00:00,sector_Other,0.024264956589670095,1.1025607722165995e-15
2023-10-06 00:00:00,sector_Technology,0.0463005015705485,-8.71683241256504e-16
2023-10-06 00:00:00,sector_Utilities,-0.09459626869125136,-1.0938077370566795e-16
2023-10-06 00:00:00,size_factor,0.05326047854818767,-1.7270793622430857e-15
2023-10-06 00:00:00,smb_beta,0.148577413915588,1.1760030157530706e-16
2023-10-06 00:00:00,rmw_beta,-0.27649285486496644,4.083630736265276e-16
2023-10-13 00:00:00,market_beta,-0.08023801813906957,-2.941551322973425e-16
2023-10-13 00:00:00,sector_Consumer Discretionary,0.06151553624539655,-7.384856207345396e-18
2023-10-13 00:00:00,sector_Consumer Staples,0.031513370452760515,-3.4169947975853614e-16
2023-10-13 00:00:00,sector_Energy,0.03798696177838468,5.7210202361202e-17
2023-10-13 00:00:00,sector_Financials,0.08896722088670936,5.234232876479998e-19
2023-10-13 00:00:00,sector_Healthcare,0.08130041995716737,-1.7621917350815994e-17
2023-10-13 00:00:00,sector_Industrials,0.1042901864781411,-5.865029485723704e-17
2023-10-13 00:00:00,sector_Other,-0.13636378986588513,2.921536692677279e-16
2023-10-13 00:00:00,sector_Technology,-0.02451422046525256,-2.0782987834505035e-16
2023-10-13 00:00:00,sector_Utilities,-0.03029575761785827,6.2568821499378645e-18
2023-10-13 00:00:00,size_factor,-0.02095707648411461,-4.680666056066487e-16
2023-10-13 00:00:00,smb_beta,0.10562846349029248,-6.823055286386686e-17
2023-10-13 00:00:00,rmw_beta,-0.06108173052419684,1.1596984461497402e-16
2023-10-20 00:00:00,market_beta,-0.18230140839596362,2.6351340054101367e-16
2023-10-20 00:00:00,sector_Consumer Discretionary,-0.09389426979313084,3.6028774580931404e-16
2023-10-20 00:00:00,sector_Consumer Staples,0.036831724823204445,5.4820279034246357e-17
2023-10-20 00:00:00,sector_Energy,0.0495393448077547,-4.363899686414849e-17
2023-10-20 00:00:00,sector_Financials,0.012889451418285134,5.1049796513269044e-17
2023-10-20 00:00:00,sector_Healthcare,0.02061102997059618,-1.8142312299331e-16
2023-10-20 00:00:00,sector_Industrials,0.0956828813139239,1.5016244184552366e-16
2023-10-20 00:00:00,sector_Other,-0.037352026001104544,-1.9948212201767925e-16
2023-10-20 00:00:00,sector_Technology,-0.019181240249723414,1.442053560286138e-16
2023-10-20 00:00:00,sector_Utilities,0.1312762925375111,-3.0805262470428074e-17
2023-10-20 00:00:00,size_factor,-0.07451491093447442,3.184854834789944e-16
2023-10-20 00:00:00,smb_beta,0.128897387758326,1.0241909065389458e-16
2023-10-20 00:00:00,rmw_beta,0.12286476501973166,-3.1056687996833404e-16
2023-10-27 00:00:00,market_beta,0.01553099615411381,-1.0420270075397766e-15
2023-10-27 00:00:00,sector_Consumer Discretionary,-0.03430418181888098,5.956466524955321e-17
2023-10-27 00:00:00,sector_Consumer Staples,-0.0585644174443201,1.1828774966373658e-16
2023-10-27 00:00:00,sector_Energy,0.11104361466146795,-6.339085508128877e-16
2023-10-27 00:00:00,sector_Financials,0.005288648529875511,2.4164603700387257e-16
2023-10-27 00:00:00,sector_Healthcare,0.08217108363588177,-9.982528594177072e-17
2023-10-27 00:00:00,sector_Industrials,0.020835797805586313,-9.802734181953776e-17
2023-10-27 00:00:00,sector_Other,0.03555689372348886,1.567283217654948e-16
2023-10-27 00:00:00,sector_Technology,-0.07977108132000428,-2.6836426492060135e-16
2023-10-27 00:00:00,sector_Utilities,-0.14336180229376258,5.583019614925349e-17
2023-10-27 00:00:00,size_factor,-0.22751801238035785,-2.3457371588943244e-16
2023-10-27 00:00:00,smb_beta,0.34386335769495774,1.6396104586493655e-16
2023-10-27 00:00:00,rmw_beta,-0.0878188538836038,7.426349167062447e-16
2023-11-03 00:00:00,market_beta,0.4646012835165123,9.360345602350243e-17
2023-11-03 00:00:00,sector_Consumer Discretionary,-0.04843059175340061,3.7524747367062067e-16
2023-11-03 00:00:00,sector_Consumer Staples,-0.15732093243106499,2.072067964908775e-16
2023-11-03 00:00:00,sector_Energy,0.023841352941883824,4.1775577838815924e-16
2023-11-03 00:00:00,sector_Financials,-0.004796593812744023,3.4631603613568873e-16
2023-11-03 00:00:00,sector_Healthcare,0.001253246233764168,3.521548734151103e-16
2023-11-03 00:00:00,sector_Industrials,0.01786504124004334,1.679371837645533e-16
2023-11-03 00:00:00,sector_Other,0.057379283921062126,-1.1946623859697048e-15
2023-11-03 00:00:00,sector_Technology,0.02268856847524777,8.345860238532116e-16
2023-11-03 00:00:00,sector_Utilities,-0.020203939453396113,9.666366621210644e-18
2023-11-03 00:00:00,size_factor,-0.06585521855819282,1.885263545069277e-15
2023-11-03 00:00:00,smb_beta,0.2007508669438186,-9.42225061976504e-16
2023-11-03 00:00:00,rmw_beta,-0.265210834520179,1.3877572143292e-16
2023-11-10 00:00:00,market_beta,0.22775814800928992,-4.7978114851230706e-17
2023-11-10 00:00:00,sector_Consumer Discretionary,-0.09123386772480413,-2.208433931176575e-16
2023-11-10 00:00:00,sector_Consumer Staples,-0.07874044797124134,2.6139774446447944e-16
2023-11-10 00:00:00,sector_Energy,0.08833731952700402,-9.890830404849208e-17
2023-11-10 00:00:00,sector_Financials,0.05567712721769952,1.849118202799277e-16
2023-11-10 00:00:00,sector_Healthcare,-0.015304996828877256,-1.9646880904742317e-17
2023-11-10 00:00:00,sector_Industrials,0.009401570403386406,2.0909061998915178e-16
2023-11-10 00:00:00,sector_Other,0.033480064411528204,-8.262621144684311e-17
2023-11-10 00:00:00,sector_Technology,-0.0017071638876776404,-1.841644833730788e-16
2023-11-10 00:00:00,sector_Utilities,-0.05997433369384911,-9.289775518688188e-17
2023-11-10 00:00:00,size_factor,-0.055556236587215924,1.9681779661781652e-16
2023-11-10 00:00:00,smb_beta,0.08967401220830386,-8.182249559293559e-17
2023-11-10 00:00:00,rmw_beta,0.033575397229422266,2.699062072675096e-16
2023-11-17 00:00:00,market_beta,-0.31627125663447964,-1.8711345447327145e-16
2023-11-17 00:00:00,sector_Consumer Discretionary,-0.07168409183661156,-6.354358656572136e-16
2023-11-17 00:00:00,sector_Consumer Staples,-0.024501350184818735,-2.235729705640908e-16
2023-11-17 00:00:00,sector_Energy,0.17078876108909044,-2.9449589901287143e-16
2023-11-17 00:00:00,sector_Financials,-0.1740623462805768,-3.588294741339159e-17
2023-11-17 00:00:00,sector_Healthcare,0.12457134513665813,-3.911241268059684e-16
2023-11-17 00:00:00,sector_Industrials,-0.03848953596492283,6.386645154181453e-17
2023-11-17 00:00:00,sector_Other,0.044277611524588076,1.1758250303339687e-15
2023-11-17 00:00:00,sector_Technology,-0.0006180919498712746,-1.0155448404412032e-15
2023-11-17 00:00:00,sector_Utilities,-0.0205328770035806,-1.827854567341216e-17
2023-11-17 00:00:00,size_factor,0.025579342583502477,-1.7813608875413194e-15
2023-11-17 00:00:00,smb_beta,-0.2963137480063602,4.24452940523176e-16
2023-11-17 00:00:00,rmw_beta,0.4609548162794234,2.864038163032626e-16
2023-11-27 00:00:00,market_beta,-0.06705785807176398,4.595364332478887e-16
2023-11-27 00:00:00,sector_Consumer Discretionary,0.00581524931353426,-5.777778792849944e-17
2023-11-27 00:00:00,sector_Consumer Staples,0.0026607971413272922,-2.6851628070553984e-16
2023-11-27 00:00:00,sector_Energy,0.0826150750767041,1.6493413563107326e-16
2023-11-27 00:00:00,sector_Financials,-0.09098427121923143,1.2657797393246186e-17
2023-11-27 00:00:00,sector_Healthcare,-0.022712114046713562,1.205504513642494e-16
2023-11-27 00:00:00,sector_Industrials,-0.046761049384102846,-9.013830728011235e-17
2023-11-27 00:00:00,sector_Other,0.16828153470088184,4.0201720230320483e-16
2023-11-27 00:00:00,sector_Technology,-0.20866411106048563,-5.626900655090761e-16
2023-11-27 00:00:00,sector_Utilities,0.040236865046646975,-1.3460553553674544e-16
2023-11-27 00:00:00,size_factor,-0.2370181983198567,-7.013033796041135e-17
2023-11-27 00:00:00,smb_beta,0.3474779490969629,5.005956153197478e-16
2023-11-27 00:00:00,rmw_beta,0.12463544842603815,-6.064089412957334e-16
2023-12-04 00:00:00,market_beta,-0.11589273392264714,5.1561304030712424e-17
2023-12-04 00:00:00,sector_Consumer Discretionary,0.00785166922122824,-1.027970644274375e-16
2023-12-04 00:00:00,sector_Consumer Staples,0.013725183084189466,-6.121697848381253e-17
2023-12-04 00:00:00,sector_Energy,0.08495027594154171,-6.028819382813938e-17
2023-12-04 00:00:00,sector_Financials,-0.17582926989345876,0.0
2023-12-04 00:00:00,sector_Healthcare,-0.06826916290320971,-9.930606302942847e-17
2023-12-04 00:00:00,sector_Industrials,-0.1277629445939777,-5.3872829446184845e-17
2023-12-04 00:00:00,sector_Other,0.1144716138122932,5.1888174767974555e-16
2023-12-04 00:00:00,sector_Technology,0.03250383509762879,-6.4062892712784e-16
2023-12-04 00:00:00,sector_Utilities,-0.0341967379397986,-7.686854106401828e-17
2023-12-04 00:00:00,size_factor,-0.049917503392703205,-1.119557083334513e-15
2023-12-04 00:00:00,smb_beta,-0.07771359797757602,2.2650404341245637e-16
2023-12-04 00:00:00,rmw_beta,0.3475986316908804,-1.4154633195845416e-16
2023-12-11 00:00:00,market_beta,-0.0353038244589877,-4.964880032620337e-16
2023-12-11 00:00:00,sector_Consumer Discretionary,-0.046868171696642306,3.757065123934636e-18
2023-12-11 00:00:00,sector_Consumer Staples,-0.023239892344580126,-3.6581572708662217e-16
2023-12-11 00:00:00,sector_Energy,0.043308206990264095,3.0968513123244577e-16
2023-12-11 00:00:00,sector_Financials,-0.08716401793320111,1.1362721530281599e-16
2023-12-11 00:00:00,sector_Healthcare,-0.0818632744820854,1.4259989171468937e-16
2023-12-11 00:00:00,sector_Industrials,-0.08249646130273766,-3.1908293716460875e-16
2023-12-11 00:00:00,sector_Other,0.10826233286195479,2.416053236869261e-16
2023-12-11 00:00:00,sector_Technology,0.04965896488120242,-3.4662040708850365e-16
2023-12-11 00:00:00,sector_Utilities,-0.11401260578069801,1.118571121716022e-16
2023-12-11 00:00:00,size_factor,-0.04840428093893916,-3.647484812563086e-16
2023-12-11 00:00:00,smb_beta,-0.23238894807574148,-5.885902084533696e-17
2023-12-11 00:00:00,rmw_beta,0.3255268172347096,3.267892155669234e-16
2023-12-18 00:00:00,market_beta,-0.3037933546809511,1.2472339237908098e-15
2023-12-18 00:00:00,sector_Consumer Discretionary,0.050687587791324526,2.860689906445026e-16
2023-12-18 00:00:00,sector_Consumer Staples,0.07686172171466242,-5.285865362659773e-16
2023-12-18 00:00:00,sector_Energy,0.02540935026774052,-3.521820317528005e-16
2023-12-18 00:00:00,sector_Financials,-0.1395878720402654,3.5650068728870124e-17
2023-12-18 00:00:00,sector_Healthcare,0.01407162335022205,-8.080682245210562e-17
2023-12-18 00:00:00,sector_Industrials,-0.06914125486071021,-5.503530930002501e-16
2023-12-18 00:00:00,sector_Other,-0.044830489836074475,4.147368100408095e-16
2023-12-18 00:00:00,sector_Technology,0.13863013295523036,1.0064688925832403e-16
2023-12-18 00:00:00,sector_Utilities,-0.1024317233053902,-3.8710893467753234e-16
2023-12-18 00:00:00,size_factor,0.1482665639245631,-1.605858604659938e-16
2023-12-18 00:00:00,smb_beta,-0.5842809981728145,9.478922696732218e-16
2023-12-18 00:00:00,rmw_beta,0.5333843284348361,-1.0617991161683477e-15
2023-12-26 00:00:00,market_beta,-0.3134121034947109,1.2954464121358747e-15
2023-12-26 00:00:00,sector_Consumer Discretionary,-0.03414514263757312,-6.92154671092092e-17
2023-12-26 00:00:00,sector_Consumer Staples,0.0673608743711914,-2.855682126363846e-16
2023-12-26 00:00:00,sector_Energy,0.02093039827349824,-2.243415158467445e-16
2023-12-26 00:00:00,sector_Financials,-0.039941961343358284,3.5876385600255537e-16
2023-12-26 00:00:00,sector_Healthcare,0.014036263822986284,-9.305620408549152e-17
2023-12-26 00:00:00,sector_Industrials,-0.055421181121591834,-7.044740373799095e-17
2023-12-26 00:00:00,sector_Other,0.04982629918671392,5.395526637329436e-16
2023-12-26 00:00:00,sector_Technology,-0.07456915992151536,-8.479344968605042e-16
2023-12-26 00:00:00,sector_Utilities,-0.017370208730412645,1.1591189194047718e-16
2023-12-26 00:00:00,size_factor,-0.007567042004874025,-6.291183363842735e-16
2023-12-26 00:00:00,smb_beta,-0.3506404684511693,1.505076378108853e-15
2023-12-26 00:00:00,rmw_beta,0.38722439868661296,-1.5618783668281358e-15
