{
  "mean_sharpe": 0.034219460514204145,
  "median_sharpe": 0.16893245900887238,
  "sharpe_std": 0.6009468172488465,
  "mean_return": 0.015595919999999975,
  "return_std": 0.024128607137155336,
  "worst_drawdown": -0.06156538837170691
}