Method,VaR_95_pct,VaR_99_pct,CVaR_95_pct,Breaches_95
Historical,0.6153579121467783,1.0068531801704506,0.8548563117214815,85
Parametric,0.6160537309425189,0.8931890054233447,,70
