Method,VaR_95_pct,VaR_99_pct,CVaR_95_pct,Breaches_95
Historical,1.6284510537676236,2.729215727897275,2.37906776261154,64
Parametric,1.7297999755939695,2.4926675238161424,,64
