slippage_bps,commission_per_trade,total_return,sharpe_ratio,max_drawdown,win_rate,total_trades,total_pnl,profit_factor,sortino_ratio,calmar_ratio,final_capital,total_transaction_costs
0,0.0,0.8090468,0.7295745554975881,-0.15809747894485446,0.4803337306317044,2517,80904.89,1.271654189069088,0.9096229185312775,0.6483011215884987,180904.68,60.59
2,0.5,0.8237159,0.7420985081098811,-0.1648178574285905,0.48211446740858505,2516,82371.59,1.2737636339102743,0.9241785398583162,0.6307649231312373,182371.59,2577.45
5,1.0,0.7973820999999999,0.7501289498994742,-0.1692666870883377,0.4854523714627342,2509,79738.46,1.26389028253419,0.929372428074619,0.5985907978783095,179738.21,5079.77
10,2.0,0.7023341000000001,0.745117377700454,-0.1733371370783395,0.4880382775119617,2508,70233.31,1.2367622656153923,0.9200580497959319,0.5279673435300891,170233.41,10090.86
15,3.0,0.5499254000000001,0.6959348346979742,-0.17952826730952096,0.4874251497005988,2505,54992.41,1.1926938758304804,0.8533349934815414,0.4166160789357432,154992.54,15083.99
20,5.0,0.37045369999999994,0.6938886173863472,-0.18284382045494021,0.4892,2500,37045.27,1.1364480236083379,0.8532084500499795,0.2911866279827938,137045.37,25048.01
30,10.0,0.11304279999999998,0.710759198364308,-0.22511566774006495,0.4941743672157493,2489,11304.15,1.0439661242862746,0.8683655678561206,0.07900238754764295,111304.28,49820.67
