{
  "active_features": [
    "f_trend",
    "ret_5d",
    "ret_10d",
    "sector_relative_20d",
    "sector_relative_60d",
    "ma_crossover",
    "cs_momentum_percentile",
    "rolling_vol_5",
    "rolling_vol_10",
    "rolling_vol_20",
    "rolling_vol_60",
    "vol_of_vol_20",
    "vol_rank",
    "jump_indicator",
    "relative_volume",
    "volume_zscore",
    "rolling_corr_market_20",
    "is_high_vol_regime",
    "vix_zscore",
    "vol_spike",
    "vix_term_zscore",
    "rsi_zscore",
    "bb_position",
    "dist_high",
    "dist_low",
    "overnight_gap",
    "intraday_rev"
  ],
  "scaler_mean": [
    0.18691705375394932,
    0.0003760970177637669,
    0.00044167379274976726,
    0.00033949211983264895,
    0.00045309513132883375,
    0.14208164985251467,
    0.5034078723686752,
    -0.003213984398489331,
    -0.0004361879718997561,
    -0.00039721701517917633,
    4.227009805478622e-18,
    0.07395554023293387,
    0.5032173176772283,
    0.054191557395335,
    0.000417198491069482,
    -2.0598741611778473e-05,
    0.463288400178783,
    0.14161068834742085,
    0.0032980509063470402,
    -0.0029709748011798047,
    0.07414407918787107,
    0.0002898835506892467,
    0.00018869418605013794,
    0.0007078916663845734,
    -3.101608136593218e-05,
    9.323533340228175e-06,
    0.000178372332497737
  ],
  "scaler_scale": [
    0.6763544655977267,
    0.9993317303700853,
    0.9991512165924623,
    0.9954071373385552,
    0.9956927397328353,
    0.9898549412793712,
    0.2886950920451744,
    1.097978740003546,
    1.1505713697084499,
    0.9995214316343716,
    0.9998047797943981,
    1.2124507220279959,
    0.2884881474190067,
    0.22639530141414838,
    1.0042745411956577,
    0.999924147342707,
    0.2913094722192492,
    0.34865039981791285,
    0.2769327100175152,
    0.2624011137359719,
    1.1556931097815717,
    0.9959077782929683,
    0.9961586225448285,
    0.9949246031865876,
    0.9961251794873907,
    0.9958207692123411,
    0.9957058212221782
  ]
}