model_name,oos_sharpe_mean,oos_sharpe_std,oos_ic_mean,oos_ic_std,oos_dir_acc_mean,oos_dir_acc_std,oos_sharpe_chained,oos_cagr_chained,oos_max_dd,oos_win_rate,oos_ic_chained,train_time_avg,test_time_avg,n_windows,leakage_suspect,_selection_metric
GradientBoostingClassifier,0.7107538838784887,1.060421982768079,-0.004499992564236912,0.022136950851467465,0.5003151132443735,0.014292963183676705,0.6566604896125018,0.14013040547112987,-0.2373498432471768,0.5073041168658698,-0.015331179585170975,7.973814270832615,0.003425250165795054,6,False,0.6566604896125018
LearnedWeightsBaseline,0.7747437220342426,1.223996568219357,0.013620576899507202,0.028694801057370118,0.49982456126018504,0.009979901832895077,0.6464294807173622,0.17704681472793493,-0.36390249002879194,0.5033200531208499,0.007000982455354827,0.0,0.0033138820011420953,6,False,0.6464294807173622
XGBClassifier,0.6938331095455825,0.8892999077993865,-0.00465197526779709,0.018230257977257573,0.5007769169452997,0.014371253335888819,0.5746792539381853,0.11517658194727476,-0.23800945561192513,0.5099601593625498,-0.01589698342731105,0.07841729150216754,0.001313125165324891,6,False,0.5746792539381853
RandomForestClassifier,0.3350890690454212,1.0191488590501434,-0.0046301909681695785,0.025073582900027817,0.5029530118333532,0.016457583667228676,0.2567095678732719,0.03339290682210483,-0.3472829307194101,0.49933598937583,-0.014207329132624381,0.33475013899927336,0.013123159832806172,6,False,0.2567095678732719
LogisticRegression,0.21171816087311593,1.1326832639778854,-0.0001566881271044488,0.028759631471562064,0.4990450491183965,0.013193714819529205,0.12762559699660073,-0.006071518171788526,-0.4114587507555453,0.50199203187251,-0.01647813668422423,0.03266379150106028,0.0006760625013460716,6,False,0.12762559699660073
RidgeClassifier,0.19632566106270574,1.0728588675378692,-7.044893235583852e-05,0.028720540933260194,0.49931524956019796,0.013307941651845671,0.11889554486621011,-0.008679852163753554,-0.4040309226551788,0.50066401062417,-0.016418560580917414,0.009726750001088172,0.00034322916811409715,6,False,0.11889554486621011
