{
  "active_features": [
    "f_trend",
    "ret_5d",
    "ret_10d",
    "sector_relative_strength",
    "cs_momentum_percentile",
    "rolling_vol_5",
    "rolling_vol_10",
    "rolling_vol_20",
    "rolling_vol_60",
    "vol_of_vol_20",
    "jump_indicator",
    "relative_volume",
    "volume_zscore",
    "rolling_corr_market_20",
    "is_high_vol_regime"
  ],
  "scaler_mean": [
    0.42780984355162505,
    0.005003085234373461,
    0.00991155042726776,
    0.0023449954546190107,
    0.5250625762610504,
    0.010168552905580617,
    0.006951826712503982,
    0.006701549025264163,
    0.004912415922443098,
    0.03247629646195673,
    0.055805003207184095,
    -0.00025103367252064427,
    0.00763367450167051,
    0.6559887719346503,
    0.12469531751122515
  ],
  "scaler_scale": [
    0.6817906955006687,
    0.04585708989349128,
    0.06438210898182352,
    0.06692011634572285,
    0.28826324534711995,
    1.1101235434431056,
    1.1560712636031483,
    1.2153922901580219,
    1.3835011832627078,
    1.208570010532472,
    0.22954477738391318,
    0.9904602789340755,
    1.0675525819805438,
    0.2544265682056946,
    0.330373115283311
  ]
}