{
  "active_features": [
    "f_trend",
    "ret_5d",
    "ret_10d",
    "sector_relative_20d",
    "sector_relative_60d",
    "ma_crossover",
    "cs_momentum_percentile",
    "rolling_vol_5",
    "rolling_vol_10",
    "rolling_vol_20",
    "rolling_vol_60",
    "vol_of_vol_20",
    "vol_rank",
    "jump_indicator",
    "relative_volume",
    "volume_zscore",
    "rolling_corr_market_20",
    "is_high_vol_regime",
    "vix_zscore",
    "vol_spike",
    "vix_term_zscore",
    "rsi_zscore",
    "bb_position",
    "dist_high",
    "dist_low",
    "overnight_gap",
    "intraday_rev"
  ],
  "scaler_mean": [
    0.3311530578198551,
    -0.00016113325961925832,
    -0.00020942900055805617,
    -0.0001408264709880597,
    -0.00019420218305607402,
    0.34209168292344355,
    0.5018970169394071,
    0.02090264926936979,
    0.023967494671255907,
    2.712728904613298e-05,
    1.451264238422642e-18,
    0.059776386613315906,
    0.5015568042106464,
    0.05600773119679901,
    0.0014603136275667468,
    -7.60609115311237e-05,
    0.4989165960075871,
    0.12124606208057781,
    -0.0020446371747570337,
    0.0010158238425025366,
    -0.0021051317041974747,
    1.941776983100234e-05,
    1.0016627215208726e-05,
    0.0004956098536640392,
    -0.0006647006713744649,
    -8.591397522808395e-05,
    -2.3305039125219443e-05
  ],
  "scaler_scale": [
    0.6774219442706666,
    0.9986814988741909,
    0.9986670552760517,
    0.9971382044469315,
    0.9970236387663405,
    0.9396665794177242,
    0.2886942232862248,
    1.1023832816326786,
    1.1470973894862142,
    0.9993133935620193,
    0.9995511380437663,
    1.2151229824961496,
    0.2885686777295505,
    0.22993665484864764,
    0.9922365102874511,
    0.9998879857553624,
    0.2742675087305493,
    0.32641301216484997,
    0.15174654437692492,
    0.15163708391449157,
    1.1027679116559628,
    0.9979602169230901,
    0.9980287022891399,
    0.9972479722397872,
    0.9965613563088572,
    0.9974226507875893,
    0.9968354754341805
  ]
}